{
    "entity.bat.ambient": {
        "category": "master",
        "replace": true,
        "sounds": [
            "custom/empty"
        ]
    },
    "entity.bat.death": {
        "category": "master",
        "replace": true,
        "sounds": [
            "custom/empty"
        ]
    },
    "entity.bat.hurt": {
        "category": "master",
        "replace": true,
        "sounds": [
            "custom/empty"
        ]
    },
    "entity.bat.loop": {
        "category": "master",
        "replace": true,
        "sounds": [
            "custom/empty"
        ]
    },
    "entity.bat.takeoff": {
        "category": "master",
        "replace": true,
        "sounds": [
            "custom/empty"
        ]
    },
    "block.fire.fire": {
        "category": "master",
        "replace": true,
        "sounds": [
            "custom/empty"
        ]
    }
}