{
    "textures": {
        "texture": "zelda/blank"
    },
    "elements": [
        {   "from": [ 0, 0, 0 ],
            "to": [ 0, 0, 0 ],
            "faces": {
                "down":  { "uv": [ 0,    0, 0, 0 ], "texture": "#texture", "cullface": "down" },
                "up":    { "uv": [ 0,    0, 0, 0 ], "texture": "#texture" },
                "north": { "uv": [ 0,    0, 0, 0 ], "texture": "#texture" },
                "south": { "uv": [ 0,    0, 0, 0 ], "texture": "#texture" },
                "west":  { "uv": [ 0,    0, 0, 0 ], "texture": "#texture" },
                "east":  { "uv": [ 0,    0, 0, 0 ], "texture": "#texture" }
            }
        }
    ]
}
