{
	"credit": "Made with Blockbench",
	"textures": {
		"0": "zelda/blocks/mob_spawner",
		"particle": "zelda/blocks/mob_spawner"
	},
	"elements": [
		{
			"from": [0.01, 0.01, 0.01],
			"to": [15.99, 15.99, 15.99],
			"faces": {
				"north": {"uv": [0, 0, 16, 15.99], "texture": "#0"},
				"east": {"uv": [0, 0, 16, 15.99], "texture": "#0"},
				"south": {"uv": [0, 0, 16, 15.99], "texture": "#0"},
				"west": {"uv": [0, 0, 16, 15.99], "texture": "#0"},
				"up": {"uv": [0, 0, 16, 16], "texture": "#0"},
				"down": {"uv": [0, 0, 16, 16], "texture": "#0"}
			}
		}
	]
}