{
	"credit": "Made with Blockbench",
	"textures": {
		"wood": "block/oak_planks",
		"particle": "block/oak_planks"
	},
	"elements": [
		{
			"from": [4, 10, 13],
			"to": [12, 12, 16],
			"faces": {
				"north": {"uv": [4, 14, 12, 16], "texture": "#wood"},
				"east": {"uv": [0, 14, 3, 16], "texture": "#wood"},
				"south": {"uv": [4, 14, 12, 16], "texture": "#wood", "cullface": "south"},
				"west": {"uv": [13, 14, 16, 16], "texture": "#wood"},
				"up": {"uv": [4, 13, 12, 16], "texture": "#wood"},
				"down": {"uv": [4, 0, 12, 3], "texture": "#wood"}
			}
		},
		{
			"from": [4, 0, 13],
			"to": [12, 2, 16],
			"faces": {
				"north": {"uv": [4, 14, 12, 16], "texture": "#wood"},
				"east": {"uv": [0, 14, 3, 16], "texture": "#wood"},
				"south": {"uv": [4, 14, 12, 16], "texture": "#wood", "cullface": "south"},
				"west": {"uv": [13, 14, 16, 16], "texture": "#wood"},
				"up": {"uv": [4, 13, 12, 16], "texture": "#wood"},
				"down": {"uv": [4, 0, 12, 3], "texture": "#wood"}
			}
		}
	]
}