{
    "parent": "item/handheld",
    "textures": {
        "layer0": "zelda/swords/heros"
    },
	"display": {
        "thirdperson_righthand": {
            "rotation": [ 0, 90, 45 ],
            "translation": [ 0, 6, 2 ],
            "scale": [ 1, 1, 1 ]
        },
		"thirdperson_lefthand": {
            "rotation": [ -45, 90, 0 ],
            "translation": [ 0, 6, 2 ],
            "scale": [ 1, 1, 1 ]
        },
		"fixed": {
			"scale": [2.5, 2.5, 2.5],
			"rotation": [0, 0, 90]
		}
	}
}