{
"__comment": "Designed by HanFox & Coujean99 with BDcraft Cubik PRO 0.96 Beta - http://bdcraft.net",
"textures": {
    "texture": "items/acacia_boat"
},
"elements": [ 
{
    "from": [ 1, 3, 4 ],
    "to": [ 15, 4.5, 12 ],
    "faces": {
        "down":  { "uv": [ 0, 8, 13, 16 ], "rotation": 180, "texture": "#texture" },
        "up":    { "uv": [ 0, 8, 13, 16 ], "rotation": 180, "texture": "#texture" },
        "north": { "uv": [ 11, 6.5, 11.5, 8 ], "texture": "#texture" },
        "south": { "uv": [ 11, 6.5, 11.5, 8 ], "texture": "#texture" },
        "west":  { "uv": [ 16, 8, 8, 6.5 ], "rotation": 180, "texture": "#texture" },
        "east":  { "uv": [ 8, 6.5, 16, 8 ], "texture": "#texture" }
    }
},
{
    "from": [ 1, 4.5, 12 ],
    "to": [ 15, 7.5, 13 ],
    "faces": {
        "down":  { "uv": [ 14, 1.5, 15, 2 ], "rotation": 270, "texture": "#texture" },
        "up":    { "uv": [ 15, 1.5, 14, 2 ], "rotation": 270, "texture": "#texture" },
        "north": { "uv": [ 0, 0, 14, 3 ], "texture": "#texture" },
        "south": { "uv": [ 0, 0, 14, 3 ], "texture": "#texture" },
        "west":  { "uv": [ 14, 0, 15, 3 ], "texture": "#texture" },
        "east":  { "uv": [ 14, 0, 15, 3 ], "texture": "#texture" }
    }
},
{
    "from": [ 1, 4.5, 3 ],
    "to": [ 15, 7.5, 4 ],
    "faces": {
        "down":  { "uv": [ 14, 1.5, 15, 2 ], "rotation": 270, "texture": "#texture" },
        "up":    { "uv": [ 15, 1.5, 14, 2 ], "rotation": 270, "texture": "#texture" },
        "north": { "uv": [ 0, 0, 14, 3 ], "texture": "#texture" },
        "south": { "uv": [ 0, 0, 14, 3 ], "texture": "#texture" },
        "west":  { "uv": [ 14, 0, 15, 3 ], "texture": "#texture" },
        "east":  { "uv": [ 14, 0, 15, 3 ], "texture": "#texture" }
    }
},
{
    "from": [ 0, 4.5, 3.5 ],
    "to": [ 1, 7.5, 12.5 ],
    "faces": {
        "down":  { "uv": [ 14, 1.5, 15, 2 ], "rotation": 180, "texture": "#texture" },
        "up":    { "uv": [ 14, 1.5, 15, 2 ], "rotation": 180, "texture": "#texture" },
        "north": { "uv": [ 14, 0, 15, 3 ], "texture": "#texture" },
        "south": { "uv": [ 14, 0, 15, 3 ], "texture": "#texture" },
        "west":  { "uv": [ 8, 8, 0, 5 ], "rotation": 180, "texture": "#texture" },
        "east":  { "uv": [ 8, 8, 0, 5 ], "rotation": 180, "texture": "#texture" }
    }
},
{
    "from": [ 15, 4.5, 4 ],
    "to": [ 16, 7.5, 12 ],
    "faces": {
        "down":  { "uv": [ 15, 1.5, 14, 2 ], "texture": "#texture" },
        "up":    { "uv": [ 15, 1.5, 14, 2 ], "texture": "#texture" },
        "north": { "uv": [ 14, 0, 15, 3 ], "texture": "#texture" },
        "south": { "uv": [ 14, 0, 15, 3 ], "texture": "#texture" },
        "west":  { "uv": [ 0, 5, 8, 8 ], "texture": "#texture" },
        "east":  { "uv": [ 0, 5, 8, 8 ], "texture": "#texture" }
    }
},
{
    "from": [ 9, 0.5, 3 ],
    "to": [ 10, 9.5, 4 ],
    "rotation": { "origin": [ 9, 9.5, 3 ], "axis": "x", "angle": 22.5 },
    "faces": {
        "down":  { "uv": [ 11, 4.5, 12, 5.5 ], "rotation": 180, "texture": "#texture" },
        "up":    { "uv": [ 12, 4.5, 11, 5.5 ], "texture": "#texture" },
        "north": { "uv": [ 5.5, 3.5, 12, 4.5 ], "rotation": 90, "texture": "#texture" },
        "south": { "uv": [ 5.5, 4.5, 12, 3.5 ], "rotation": 90, "texture": "#texture" },
        "west":  { "uv": [ 12, 4.5, 5.5, 3.5 ], "rotation": 270, "texture": "#texture" },
        "east":  { "uv": [ 5.5, 4.5, 12, 3.5 ], "rotation": 90, "texture": "#texture" }
    }
},
{
    "from": [ 9, 0.5, 12 ],
    "to": [ 10, 9.5, 13 ],
    "rotation": { "origin": [ 9, 9.5, 12 ], "axis": "x", "angle": -22.5 },
    "faces": {
        "down":  { "uv": [ 12, 4.5, 11, 5.5 ], "rotation": 270, "texture": "#texture" },
        "up":    { "uv": [ 12, 4.5, 11, 5.5 ], "rotation": 90, "texture": "#texture" },
        "north": { "uv": [ 12, 4.5, 5.5, 3.5 ], "rotation": 270, "texture": "#texture" },
        "south": { "uv": [ 5.5, 4.5, 12, 3.5 ], "rotation": 90, "texture": "#texture" },
        "west":  { "uv": [ 5.5, 4.5, 12, 3.5 ], "rotation": 90, "texture": "#texture" },
        "east":  { "uv": [ 5.5, 3.5, 12, 4.5 ], "rotation": 90, "texture": "#texture" }
    }
},
{
    "from": [ 9, -0.1875, 14 ],
    "to": [ 9.5, 3.3125, 17 ],
    "rotation": { "origin": [ 9, 3.3125, 14 ], "axis": "x", "angle": -22.5 },
    "faces": {
        "down":  { "uv": [ 15.5, 3, 16, 6 ], "texture": "#texture" },
        "up":    { "uv": [ 15.5, 3, 16, 6 ], "texture": "#texture" },
        "north": { "uv": [ 12, 6.5, 15.5, 6 ], "rotation": 90, "texture": "#texture" },
        "south": { "uv": [ 15.5, 6.5, 12, 6 ], "rotation": 270, "texture": "#texture" },
        "west":  { "uv": [ 12, 6, 15.5, 3 ], "rotation": 90, "texture": "#texture" },
        "east":  { "uv": [ 15.5, 6, 12, 3 ], "rotation": 270, "texture": "#texture" }
    }
},
{
    "from": [ 9, 0.5625, -0.875 ],
    "to": [ 9.5, 4.0625, 2.125 ],
    "rotation": { "origin": [ 9, 4.0625, -0.875 ], "axis": "x", "angle": 22.5 },
    "faces": {
        "down":  { "uv": [ 16, 6, 15.5, 3 ], "texture": "#texture" },
        "up":    { "uv": [ 15.5, 6, 16, 3 ], "rotation": 180, "texture": "#texture" },
        "north": { "uv": [ 12, 6.5, 15.5, 6 ], "rotation": 90, "texture": "#texture" },
        "south": { "uv": [ 12, 6.5, 15.5, 6 ], "rotation": 90, "texture": "#texture" },
        "west":  { "uv": [ 15.5, 6, 12, 3 ], "rotation": 270, "texture": "#texture" },
        "east":  { "uv": [ 12, 6, 15.5, 3 ], "rotation": 90, "texture": "#texture" }
    }
}
],
"display": {
    "thirdperson_righthand": {
        "rotation": [ 75, 125, 0 ],
        "translation": [ -1, 3, 0 ],
        "scale": [ 0.8, 0.8, 0.8 ]
    },
    "ground": {
        "rotation": [ 0, 0, 0 ],
        "translation": [ 0, 3, 0 ],
        "scale": [ 0.5, 0.5, 0.5 ]
    },
    "fixed": {
        "rotation": [ 0, 0, 0 ],
        "translation": [ 0, 0, 0 ],
        "scale": [ 1, 1, 1 ]
    },
    "firstperson_righthand": {
        "rotation": [ 0, 135, 0 ],
        "translation": [ 3, 1, 0 ],
        "scale": [ 0.8, 0.8, 0.8 ]
    },
    "gui": {
        "rotation": [ 35, -145, 0 ],
        "translation": [ 0, 1.25, 0 ],
        "scale": [ 0.8, 0.8, 0.8 ]
    }
}
}