{
	"__comment": "Model by Mickey Joe & Sphax for VanillaBDcraft - BDcraft.net.",
	"textures": {
		"texture": "items/wooden_armorstand"
	},
	"elements": [ 	 
		{
			"__comment": "Element",
			"from": [ 3, 0, 3 ],
			"to": [ 13, 1, 13 ],
			"faces": {
				"down": { "uv": [ 6.5, 5, 16, 14.5 ], "texture": "#texture" },
				"up": { "uv": [ 6.5, 5, 16, 14.5 ], "texture": "#texture" },
				"north": { "uv": [ 6.5, 14, 16, 14.5 ], "texture": "#texture" },
				"south": { "uv": [ 6.5, 14, 16, 14.5 ], "texture": "#texture" },
				"west": { "uv": [ 6.5, 14, 16, 14.5 ], "texture": "#texture" },
				"east": { "uv": [ 6.5, 14, 16, 14.5 ], "texture": "#texture" }
			}
		},
		{
			"__comment": "Element",
			"from": [ 5.5, 1, 7 ],
			"to": [ 7, 11, 8.5 ],
			"faces": {
				"north": { "uv": [ 1.5, 1.5, 3, 11 ], "texture": "#texture" },
				"south": { "uv": [ 1.5, 1.5, 3, 11 ], "texture": "#texture" },
				"west": { "uv": [ 0, 1.5, 1.5, 11 ], "texture": "#texture" },
				"east": { "uv": [ 0, 1.5, 1.5, 11 ], "texture": "#texture" }
			}
		},
		{
			"__comment": "Element",
			"from": [ 9, 1, 7 ],
			"to": [ 10.5, 11, 8.5 ],
			"faces": {
				"north": { "uv": [ 1.5, 1.5, 3, 11 ], "texture": "#texture" },
				"south": { "uv": [ 1.5, 1.5, 3, 11 ], "texture": "#texture" },
				"west": { "uv": [ 0, 1.5, 1.5, 11 ], "texture": "#texture" },
				"east": { "uv": [ 0, 1.5, 1.5, 11 ], "texture": "#texture" }
			}
		},
		{
			"__comment": "Element",
			"from": [ 4.5, 11, 6.5 ],
			"to": [ 11.5, 13, 9 ],
			"faces": {
				"down": { "uv": [ 3, 2.5, 13, 5 ], "texture": "#texture" },
				"up": { "uv": [ 3, 2.5, 13, 5 ], "texture": "#texture" },
				"north": { "uv": [ 3, 2.5, 13, 5 ], "texture": "#texture" },
				"south": { "uv": [ 3, 2.5, 13, 5 ], "texture": "#texture" },
				"west": { "uv": [ 13, 0, 15.5, 2.5 ], "texture": "#texture" },
				"east": { "uv": [ 13, 0, 15.5, 2.5 ], "texture": "#texture" }
			}
		},
		{
			"__comment": "Element",
			"from": [ 5.5, 13, 7 ],
			"to": [ 7, 20, 8.5 ],
			"faces": {
				"north": { "uv": [ 0, 12.5, 6.5, 11 ], "texture": "#texture", "rotation": 90 },
				"south": { "uv": [ 0, 12.5, 6.5, 11 ], "texture": "#texture", "rotation": 90 },
				"west": { "uv": [ 0, 12.5, 6.5, 11 ], "texture": "#texture", "rotation": 90 },
				"east": { "uv": [ 0, 12.5, 6.5, 11 ], "texture": "#texture", "rotation": 90 }
			}
		},
		{
			"__comment": "Element",
			"from": [ 3, 20, 6.5 ],
			"to": [ 13, 22, 9 ],
			"faces": {
				"down": { "uv": [ 3, 2.5, 13, 5 ], "texture": "#texture" },
				"up": { "uv": [ 3, 2.5, 13, 5 ], "texture": "#texture" },
				"north": { "uv": [ 3, 2.5, 13, 5 ], "texture": "#texture" },
				"south": { "uv": [ 3, 2.5, 13, 5 ], "texture": "#texture" },
				"west": { "uv": [ 13, 0, 15.5, 2.5 ], "texture": "#texture" },
				"east": { "uv": [ 13, 0, 15.5, 2.5 ], "texture": "#texture" }
			}
		},
		{
			"__comment": "Element",
			"from": [ 9, 13, 7 ],
			"to": [ 10.5, 20, 8.5 ],
			"faces": {
				"north": { "uv": [ 0, 12.5, 6.5, 11 ], "texture": "#texture", "rotation": 90 },
				"south": { "uv": [ 0, 12.5, 6.5, 11 ], "texture": "#texture", "rotation": 90 },
				"west": { "uv": [ 0, 12.5, 6.5, 11 ], "texture": "#texture", "rotation": 90 },
				"east": { "uv": [ 0, 12.5, 6.5, 11 ], "texture": "#texture", "rotation": 90 }
			}
		},
		{
			"__comment": "Element",
			"from": [ 7.5, 22, 7 ],
			"to": [ 9, 27, 8.5 ],
			"faces": {
				"up": { "uv": [ 0, 0, 1.5, 1.5 ], "texture": "#texture" },
				"north": { "uv": [ 0, 12.5, 6.5, 11 ], "texture": "#texture", "rotation": 90 },
				"south": { "uv": [ 0, 12.5, 6.5, 11 ], "texture": "#texture", "rotation": 90 },
				"west": { "uv": [ 0, 12.5, 6.5, 11 ], "texture": "#texture", "rotation": 90 },
				"east": { "uv": [ 0, 12.5, 6.5, 11 ], "texture": "#texture", "rotation": 90 }
			}
		}
	],
	"display": {
		"thirdperson_righthand": {
			"translation":  [ 0, -2.08, 0 ],
			"scale":  [ 0.37, 0.37, 0.37 ]
		},
		"thirdperson_lefthand": {
			"translation":  [ 0, -2.08, 0 ],
			"scale":  [ 0.37, 0.37, 0.37 ]
		},
		"firstperson_righthand": {
			"rotation":  [ -9, 0, -3 ],
			"translation":  [ 0, 0.38, 0.76 ],
			"scale":  [ 0.4, 0.4, 0.4 ]
		},
		"firstperson_lefthand": {
			"rotation":  [ -9, 0, -3 ],
			"translation":  [ 0, 0.38, 0.76 ],
			"scale":  [ 0.4, 0.4, 0.4 ]
		},
		"gui": {
			"rotation":  [ 30, -45, 0 ],
			"translation":  [ 0, -1.5, 0 ],
			"scale":  [ 0.5, 0.5, 0.5 ]
		},
		"ground": {
			"translation":  [ 0, 3, 0 ],
			"scale":  [ 0.25, 0.25, 0.25 ]
		},
		"fixed": {
			"translation":  [ 0, -2.2, -0.5 ],
			"scale":  [ 0.5, 0.5, 0.5 ]
		}
	}
}