{
"__comment": "Model by Mickey Joe & Sphax for VanillaBDcraft - BDcraft.net.",
"textures": {
    "particle": "blocks/cake_side",
    "bottom": "blocks/cake_bottom",
    "top": "blocks/cake_top",
    "side": "blocks/cake_side"
},
"elements": [ 
{
    "from": [ 1, 0, 1 ],
    "to": [ 15, 8, 15 ],
    "faces": {
        "down":  { "uv": [ 1, 15, 15, 1 ], "texture": "#bottom" },
        "up":    { "uv": [ 1, 1, 15, 15 ], "texture": "#top" },
        "north": { "uv": [ 1, 8, 15, 16 ], "texture": "#side" },
        "south": { "uv": [ 1, 8, 15, 16 ], "texture": "#side" },
        "west":  { "uv": [ 1, 8, 15, 16 ], "texture": "#side" },
        "east":  { "uv": [ 1, 8, 15, 16 ], "texture": "#side" }
    }
}
],
"display": {
    "thirdperson_righthand": {
        "rotation": [ 75, 45, 0 ],
        "translation": [ 0, 2.5, 0 ],
        "scale": [ 0.375, 0.375, 0.375 ]
    },
    "thirdperson_lefthand": {
        "rotation": [ 75, 45, 0 ],
        "translation": [ 0, 2.5, 0 ],
        "scale": [ 0.375, 0.375, 0.375 ]
    },
    "head": {
        "rotation": [ 0, 0, 0 ],
        "translation": [ 0, 13, 0 ],
        "scale": [ 0.8, 0.8, 0.8 ]
    },
    "ground": {
        "rotation": [ 0, 0, 0 ],
        "translation": [ 0, 3, 0 ],
        "scale": [ 0.25, 0.25, 0.25 ]
    },
    "fixed": {
        "rotation": [ 0, 0, 0 ],
        "translation": [ 0, 0, 0 ],
        "scale": [ 0.5, 0.5, 0.5 ]
    },
    "firstperson_righthand": {
        "rotation": [ 0, 45, 0 ],
        "translation": [ 0, 0, 0 ],
        "scale": [ 0.4, 0.4, 0.4 ]
    },
    "firstperson_lefthand": {
        "rotation": [ 0, 45, 0 ],
        "translation": [ 0, 0, 0 ],
        "scale": [ 0.4, 0.4, 0.4 ]
    },
    "gui": {
        "rotation": [ 30, 225, 0 ],
        "translation": [ 0, 0, 0 ],
        "scale": [ 0.625, 0.625, 0.625 ]
    }
}
}