{
	"__comment": "Designed by HanFox with Cubik Studio - https://cubik.studio",
	"parent": "item/_bdc/door",
	"ambientocclusion": false,
	"textures": {
		"particle": "blocks/door_dark_oak_lower",
		"texture": "blocks/door_dark_oak_lower",
		"top": "blocks/door_dark_oak_upper"
	},
	"elements": [ 	 
		{
			"__comment": "Box1",
			"from": [ 0, 16, 0 ],
			"to": [ 3, 32, 16 ],
			"faces": {
				"up": { "uv": [ 9, 0, 9.5, 2 ], "texture": "#top", "cullface": "up", "rotation": 90 },
				"north": { "uv": [ 0, 0, 0.5, 16 ], "texture": "#top", "cullface": "north" },
				"south": { "uv": [ 9, 0, 9.5, 2 ], "texture": "#top", "cullface": "south", "rotation": 90 },
				"west": { "uv": [ 0, 0, 16, 16 ], "texture": "#top", "cullface": "west" },
				"east": { "uv": [ 16, 0, 0, 16 ], "texture": "#top" }
			}
		},
		{
			"__comment": "Box1",
			"from": [ 0, 0, 0 ],
			"to": [ 3, 16, 16 ],
			"faces": {
				"down": { "uv": [ 9, 0, 9.5, 2 ], "texture": "#top", "cullface": "down", "rotation": 90 },
				"north": { "uv": [ 0, 0, 0.5, 16 ], "texture": "#texture", "cullface": "north" },
				"south": { "uv": [ 9, 0, 9.5, 2 ], "texture": "#top", "cullface": "south", "rotation": 90 },
				"west": { "uv": [ 0, 0, 16, 16 ], "texture": "#texture", "cullface": "west" },
				"east": { "uv": [ 16, 0, 0, 16 ], "texture": "#texture" }
			}
		}
	]
}