{
	"__comment": "Designed by Mickey Joe Alpha with BDcraft Cubik PRO 0.96 Beta - http://bdcraft.net",
	"parent": "block/block",
	"textures": {
		"texture": "items/end_crystal"
	},
	"elements": [ 	 
		{
			"from": [ 3, 3, 3 ],
			"to": [ 13, 13, 13 ],
			"faces": {
				"down": { "uv": [ 8, 8, 12, 12 ], "texture": "#texture" },
				"up": { "uv": [ 4, 8, 8, 12 ], "texture": "#texture" },
				"north": { "uv": [ 0, 12, 4, 16 ], "texture": "#texture" },
				"south": { "uv": [ 4, 12, 8, 16 ], "texture": "#texture" },
				"west": { "uv": [ 8, 12, 12, 16 ], "texture": "#texture" },
				"east": { "uv": [ 12, 12, 16, 16 ], "texture": "#texture" }
			}
		},
		{
			"from": [ 1.5, 14.4375, 1.5 ],
			"to": [ 14.5, 14.5, 14.5 ],
			"faces": {
				"down": { "uv": [ 4, 0, 12, 8 ], "texture": "#texture" },
				"up": { "uv": [ 4, 0, 12, 8 ], "texture": "#texture" }
			}
		},
		{
			"from": [ 14.4375, 1.5, 1.5 ],
			"to": [ 14.5, 14.5, 14.5 ],
			"faces": {
				"west": { "uv": [ 4, 0, 12, 8 ], "texture": "#texture" },
				"east": { "uv": [ 4, 0, 12, 8 ], "texture": "#texture" }
			}
		},
		{
			"from": [ 1.5, 1.5, 1.5 ],
			"to": [ 1.5625, 14.5, 14.5 ],
			"faces": {
				"west": { "uv": [ 4, 0, 12, 8 ], "texture": "#texture" },
				"east": { "uv": [ 4, 0, 12, 8 ], "texture": "#texture" }
			}
		},
		{
			"from": [ 1.5, 1.5, 1.5 ],
			"to": [ 14.5, 1.5625, 14.5 ],
			"faces": {
				"down": { "uv": [ 4, 0, 12, 8 ], "texture": "#texture" },
				"up": { "uv": [ 4, 0, 12, 8 ], "texture": "#texture" }
			}
		},
		{
			"from": [ 1.5, 1.5, 14.4375 ],
			"to": [ 14.5, 14.5, 14.5 ],
			"faces": {
				"north": { "uv": [ 4, 0, 12, 8 ], "texture": "#texture" },
				"south": { "uv": [ 4, 0, 12, 8 ], "texture": "#texture" }
			}
		},
		{
			"from": [ 1.5, 1.5, 1.5 ],
			"to": [ 14.5, 14.5, 1.5625 ],
			"faces": {
				"north": { "uv": [ 4, 0, 12, 8 ], "texture": "#texture" },
				"south": { "uv": [ 4, 0, 12, 8 ], "texture": "#texture" }
			}
		}
	]
}