{
"__comment": "Model by Mickey Joe & Sphax for VanillaBDcraft - BDcraft.net.",
"textures": {
    "particle": "blocks/hopper_outside",
    "top": "blocks/hopper_top",
    "inside": "blocks/hopper_inside",
    "side": "blocks/hopper_outside",
    "cauldron_top": "blocks/cauldron_top"
},
"elements": [ 
{
    "from": [ 0, 10, 0 ],
    "to": [ 16, 11, 16 ],
    "faces": {
        "down":  { "uv": [ 0, 0, 16, 16 ], "texture": "#top" },
        "up":    { "uv": [ 0, 0, 16, 16 ], "texture": "#inside" },
        "north": { "uv": [ 0, 5, 16, 6 ], "texture": "#side", "cullface": "north" },
        "south": { "uv": [ 0, 5, 16, 6 ], "texture": "#side", "cullface": "south" },
        "west":  { "uv": [ 0, 5, 16, 6 ], "texture": "#side", "cullface": "west" },
        "east":  { "uv": [ 0, 5, 16, 6 ], "texture": "#side", "cullface": "east" }
    }
},
{
    "from": [ 0, 11, 0 ],
    "to": [ 2, 16, 16 ],
    "faces": {
        "up":    { "uv": [ 0, 0, 2, 16 ], "texture": "#cauldron_top", "cullface": "up" },
        "north": { "uv": [ 14, 0, 16, 5 ], "texture": "#side", "cullface": "north" },
        "south": { "uv": [ 0, 0, 2, 5 ], "texture": "#side", "cullface": "south" },
        "west":  { "uv": [ 0, 0, 16, 5 ], "texture": "#side", "cullface": "west" },
        "east":  { "uv": [ 0, 0, 16, 5 ], "texture": "#side" }
    }
},
{
    "from": [ 14, 11, 0 ],
    "to": [ 16, 16, 16 ],
    "faces": {
        "up":    { "uv": [ 14, 0, 16, 16 ], "texture": "#cauldron_top", "cullface": "up" },
        "north": { "uv": [ 0, 0, 2, 5 ], "texture": "#side", "cullface": "north" },
        "south": { "uv": [ 14, 0, 16, 5 ], "texture": "#side", "cullface": "south" },
        "west":  { "uv": [ 0, 0, 16, 5 ], "texture": "#side" },
        "east":  { "uv": [ 0, 0, 16, 5 ], "texture": "#side", "cullface": "east" }
    }
},
{
    "from": [ 2, 11, 0 ],
    "to": [ 14, 16, 2 ],
    "faces": {
        "up":    { "uv": [ 2, 0, 14, 2 ], "texture": "#cauldron_top", "cullface": "up" },
        "north": { "uv": [ 2, 0, 14, 5 ], "texture": "#side", "cullface": "north" },
        "south": { "uv": [ 2, 0, 14, 5 ], "texture": "#side" }
    }
},
{
    "from": [ 2, 11, 14 ],
    "to": [ 14, 16, 16 ],
    "faces": {
        "up":    { "uv": [ 2, 14, 14, 16 ], "texture": "#cauldron_top", "cullface": "up" },
        "north": { "uv": [ 2, 0, 14, 5 ], "texture": "#side" },
        "south": { "uv": [ 2, 0, 14, 5 ], "texture": "#side", "cullface": "south" }
    }
},
{
    "from": [ 4, 4, 4 ],
    "to": [ 12, 10, 12 ],
    "faces": {
        "down":  { "uv": [ 4, 4, 12, 12 ], "texture": "#top" },
        "north": { "uv": [ 0, 6, 8, 12 ], "texture": "#side" },
        "south": { "uv": [ 0, 6, 8, 12 ], "texture": "#side" },
        "west":  { "uv": [ 0, 6, 8, 12 ], "texture": "#side" },
        "east":  { "uv": [ 0, 6, 8, 12 ], "texture": "#side" }
    }
},
{
    "from": [ 6, 0, 6 ],
    "to": [ 10, 4, 10 ],
    "faces": {
        "down":  { "uv": [ 6, 6, 10, 10 ], "texture": "#inside", "cullface": "down" },
        "north": { "uv": [ 6, 6, 10, 10 ], "texture": "#top" },
        "south": { "uv": [ 6, 6, 10, 10 ], "texture": "#top" },
        "west":  { "uv": [ 6, 6, 10, 10 ], "texture": "#top" },
        "east":  { "uv": [ 6, 6, 10, 10 ], "texture": "#top" }
    }
}
],
"display": {
    "thirdperson_righthand": {
        "rotation": [ 75, 45, 0 ],
        "translation": [ 0, 2.5, 0 ],
        "scale": [ 0.375, 0.375, 0.375 ]
    },
    "thirdperson_lefthand": {
        "rotation": [ 75, 45, 0 ],
        "translation": [ 0, 2.5, 0 ],
        "scale": [ 0.375, 0.375, 0.375 ]
    },
    "head": {
        "rotation": [ 0, 0, -180 ],
        "translation": [ 0, 10.2, 0 ],
        "scale": [ 1, 1, 1 ]
    },
    "ground": {
        "rotation": [ 0, 0, 0 ],
        "translation": [ 0, 3, 0 ],
        "scale": [ 0.25, 0.25, 0.25 ]
    },
    "fixed": {
        "rotation": [ 0, 0, 0 ],
        "translation": [ 0, 0, 0 ],
        "scale": [ 0.5, 0.5, 0.5 ]
    },
    "firstperson_righthand": {
        "rotation": [ 0, 45, 0 ],
        "translation": [ 0, 0, 0 ],
        "scale": [ 0.4, 0.4, 0.4 ]
    },
    "firstperson_lefthand": {
        "rotation": [ 0, 45, 0 ],
        "translation": [ 0, 0, 0 ],
        "scale": [ 0.4, 0.4, 0.4 ]
    },
    "gui": {
        "rotation": [ 30, 225, 0 ],
        "translation": [ 0, 0, 0 ],
        "scale": [ 0.625, 0.625, 0.625 ]
    }
}
}