{
	"__comment": "Designed by HanFox with Cubik Studio - https://cubik.studio",
	"parent": "item/_bdc/door",
	"ambientocclusion": false,
	"textures": {
		"particle": "blocks/door_iron_lower",
		"texture": "blocks/door_iron_upper",
		"texture1": "blocks/door_iron_lower"
	},
	"elements": [ 	 
		{
			"__comment": "Box2",
			"from": [ 0, 21, 0 ],
			"to": [ 3, 29, 3 ],
			"faces": {
				"north": { "uv": [ 0, 3, 0.5, 11 ], "texture": "#texture", "cullface": "north" },
				"south": { "uv": [ 5, 0, 6, 3 ], "texture": "#texture", "rotation": 270 },
				"west": { "uv": [ 0, 3, 3, 11 ], "texture": "#texture", "cullface": "west" },
				"east": { "uv": [ 3, 3, 0, 11 ], "texture": "#texture" }
			}
		},
		{
			"__comment": "Box3",
			"from": [ 0, 21, 13 ],
			"to": [ 3, 29, 16 ],
			"faces": {
				"north": { "uv": [ 5, 3, 6, 0 ], "texture": "#texture", "rotation": 270 },
				"south": { "uv": [ 5, 0, 6, 3 ], "texture": "#texture", "cullface": "south", "rotation": 270 },
				"west": { "uv": [ 13, 3, 16, 11 ], "texture": "#texture", "cullface": "west" },
				"east": { "uv": [ 16, 3, 13, 11 ], "texture": "#texture" }
			}
		},
		{
			"__comment": "Box4",
			"from": [ 0, 29, 0 ],
			"to": [ 3, 32, 16 ],
			"faces": {
				"down": { "uv": [ 5, 0, 6, 3 ], "texture": "#texture", "rotation": 270 },
				"up": { "uv": [ 5, 0, 6, 3 ], "texture": "#texture", "cullface": "up", "rotation": 270 },
				"north": { "uv": [ 0, 0, 0.5, 3 ], "texture": "#texture", "cullface": "north" },
				"south": { "uv": [ 5, 0, 6, 3 ], "texture": "#texture", "cullface": "south", "rotation": 270 },
				"west": { "uv": [ 0, 0, 16, 3 ], "texture": "#texture", "cullface": "west" },
				"east": { "uv": [ 16, 0, 0, 3 ], "texture": "#texture" }
			}
		},
		{
			"__comment": "Box5",
			"from": [ 0, 21, 7 ],
			"to": [ 3, 29, 9 ],
			"faces": {
				"north": { "uv": [ 5, 3, 6, 0 ], "texture": "#texture", "rotation": 270 },
				"south": { "uv": [ 5, 0, 6, 3 ], "texture": "#texture", "rotation": 270 },
				"west": { "uv": [ 7, 3, 9, 11 ], "texture": "#texture", "cullface": "west" },
				"east": { "uv": [ 9, 3, 7, 11 ], "texture": "#texture" }
			}
		},
		{
			"__comment": "Box6",
			"from": [ 0, 24, 3 ],
			"to": [ 3, 26, 7 ],
			"faces": {
				"down": { "uv": [ 5, 0, 6, 3 ], "texture": "#texture", "rotation": 270 },
				"up": { "uv": [ 5, 0, 6, 3 ], "texture": "#texture", "rotation": 270 },
				"west": { "uv": [ 3, 6, 7, 8 ], "texture": "#texture", "cullface": "west" },
				"east": { "uv": [ 13, 6, 9, 8 ], "texture": "#texture" }
			}
		},
		{
			"__comment": "Box7",
			"from": [ 0, 24, 9 ],
			"to": [ 3, 26, 13 ],
			"faces": {
				"down": { "uv": [ 5, 0, 6, 3 ], "texture": "#texture", "rotation": 270 },
				"up": { "uv": [ 5, 0, 6, 3 ], "texture": "#texture", "rotation": 270 },
				"west": { "uv": [ 9, 6, 13, 8 ], "texture": "#texture", "cullface": "west" },
				"east": { "uv": [ 7, 6, 3, 8 ], "texture": "#texture" }
			}
		},
		{
			"__comment": "Box8",
			"from": [ 0, 16, 0 ],
			"to": [ 3, 21, 16 ],
			"faces": {
				"up": { "uv": [ 5, 0, 6, 3 ], "texture": "#texture", "cullface": "up", "rotation": 270 },
				"north": { "uv": [ 0, 11, 0.5, 16 ], "texture": "#texture", "cullface": "north" },
				"south": { "uv": [ 5, 0, 6, 3 ], "texture": "#texture", "cullface": "south", "rotation": 270 },
				"west": { "uv": [ 0, 11, 16, 16 ], "texture": "#texture", "cullface": "west" },
				"east": { "uv": [ 16, 11, 0, 16 ], "texture": "#texture" }
			}
		},
		{
			"__comment": "Box1",
			"from": [ 0, 0, 0 ],
			"to": [ 3, 16, 16 ],
			"faces": {
				"down": { "uv": [ 0, 6, 3, 6.5 ], "texture": "#texture1", "cullface": "down" },
				"north": { "uv": [ 0, 0, 0.5, 16 ], "texture": "#texture1", "cullface": "north" },
				"south": { "uv": [ 0, 5, 3, 5.5 ], "texture": "#texture1", "cullface": "south" },
				"west": { "uv": [ 0, 0, 16, 16 ], "texture": "#texture1", "cullface": "west" },
				"east": { "uv": [ 16, 0, 0, 16 ], "texture": "#texture1" }
			}
		}
	]
}