{
    "ambientocclusion": false,
	"parent": "block/block",
    "textures": {
        "particle": "blocks/cobblestone",
        "base": "blocks/cobblestone",
        "lever": "blocks/lever"
    },
    "elements": [
        {   "from": [ 5, 0, 4 ],
            "to": [ 11, 3, 12 ],
            "faces": {
                "down":  { "uv": [ 5, 4, 11, 12 ], "texture": "#base" },
                "up":    { "uv": [ 5, 4, 11, 12 ], "texture": "#base" },
                "north": { "uv": [ 5, 0, 11,  3 ], "texture": "#base" },
                "south": { "uv": [ 5, 0, 11,  3 ], "texture": "#base" },
                "west":  { "uv": [ 4, 0, 12,  3 ], "texture": "#base" },
                "east":  { "uv": [ 4, 0, 12,  3 ], "texture": "#base" }
            }
        },
        {   "from": [ 7, 1, 7 ],
            "to": [ 9, 11, 9 ],
            "rotation": { "origin": [ 8, 1, 8 ], "axis": "x", "angle": 45 },
            "faces": {
                "down":  { "uv": [ 7, 6, 9,  8 ], "texture": "#lever" },
                "up":    { "uv": [ 7, 6, 9,  8 ], "texture": "#lever" },
                "north": { "uv": [ 7, 6, 9, 16 ], "texture": "#lever" },
                "south": { "uv": [ 7, 6, 9, 16 ], "texture": "#lever" },
                "west":  { "uv": [ 7, 6, 9, 16 ], "texture": "#lever" },
                "east":  { "uv": [ 7, 6, 9, 16 ], "texture": "#lever" }
            }
        }
    ],
    "display": {
        "gui": {
            "rotation": [ 30, 315, 0 ],
            "translation": [ 0, 5, 0],
            "scale":[ 1, 1, 1 ]
        },
        "ground": {
            "rotation": [ 0, 0, 0 ],
            "translation": [ 0, 3, 0],
            "scale":[ 0.5, 0.5, 0.5 ]
        },
        "fixed": {
            "rotation": [ 90, 0,180 ],
            "translation": [ 0, 0, -7],
            "scale":[ 1, 1, 1 ]
        },
        "thirdperson_righthand": {
            "rotation": [ 75, 45, 0 ],
            "translation": [ 0, 2.5, 5],
            "scale": [ 1, 1, 1 ]
        },
        "firstperson_righthand": {
            "rotation": [ 0, 315, 0 ],
            "translation": [ 0, 5, 0 ],
            "scale": [ 1, 1, 1 ]
        },
        "firstperson_lefthand": {
            "rotation": [ 0, 315, 0 ],
            "translation": [ 0, 5, 0 ],
            "scale": [ 1, 1, 1 ]
        }
    }
}
