{
	"__comment": "Designed by HanFox with Cubik Studio - https://cubik.studio",
	"parent": "block/block",
	"textures": {
		"particle": "blocks/shulker_top_purple",
		"texture": "blocks/shulker_top_purple",
		"texture1": "items/shulker_shell"
	},
	"elements": [ 	 
		{
			"__comment": "Box2",
			"from": [ 0, 13, 0 ],
			"to": [ 16, 14, 16 ],
			"faces": {
				"down": { "uv": [ 0, 0, 16, 16 ], "texture": "#texture" },
				"up": { "uv": [ 0, 0, 16, 16 ], "texture": "#texture" },
				"north": { "uv": [ 0, 0, 16, 1 ], "texture": "#texture1" },
				"south": { "uv": [ 0, 0, 16, 1 ], "texture": "#texture1" },
				"west": { "uv": [ 0, 0, 16, 1 ], "texture": "#texture1" },
				"east": { "uv": [ 0, 0, 16, 1 ], "texture": "#texture1" }
			}
		},
		{
			"__comment": "Box3",
			"from": [ 0, 2, 0 ],
			"to": [ 1, 13, 4 ],
			"faces": {
				"down": { "uv": [ 8, 8, 7, 12 ], "texture": "#texture1" },
				"north": { "uv": [ 15, 1, 16, 12 ], "texture": "#texture1" },
				"south": { "uv": [ 11, 5, 12, 16 ], "texture": "#texture1" },
				"west": { "uv": [ 0, 1, 4, 12 ], "texture": "#texture1" },
				"east": { "uv": [ 12, 1, 16, 12 ], "texture": "#texture1" }
			}
		},
		{
			"__comment": "Box4",
			"from": [ 0, 2, 12 ],
			"to": [ 1, 13, 16 ],
			"faces": {
				"down": { "uv": [ 8, 12, 7, 8 ], "texture": "#texture1" },
				"north": { "uv": [ 11, 5, 12, 16 ], "texture": "#texture1" },
				"south": { "uv": [ 0, 1, 1, 12 ], "texture": "#texture" },
				"west": { "uv": [ 12, 1, 16, 12 ], "texture": "#texture1" },
				"east": { "uv": [ 0, 1, 4, 12 ], "texture": "#texture1" }
			}
		},
		{
			"__comment": "Box5",
			"from": [ 15, 2, 12 ],
			"to": [ 16, 13, 16 ],
			"faces": {
				"down": { "uv": [ 7, 12, 8, 8 ], "texture": "#texture1" },
				"north": { "uv": [ 11, 5, 12, 16 ], "texture": "#texture1" },
				"south": { "uv": [ 15, 1, 16, 12 ], "texture": "#texture" },
				"west": { "uv": [ 12, 1, 16, 12 ], "texture": "#texture1" },
				"east": { "uv": [ 0, 1, 4, 12 ], "texture": "#texture1" }
			}
		},
		{
			"__comment": "Box6",
			"from": [ 15, 2, 0 ],
			"to": [ 16, 13, 4 ],
			"faces": {
				"down": { "uv": [ 7, 8, 8, 12 ], "texture": "#texture1" },
				"north": { "uv": [ 0, 1, 1, 12 ], "texture": "#texture" },
				"south": { "uv": [ 11, 5, 12, 16 ], "texture": "#texture1" },
				"west": { "uv": [ 0, 1, 4, 12 ], "texture": "#texture1" },
				"east": { "uv": [ 12, 1, 16, 12 ], "texture": "#texture1" }
			}
		},
		{
			"__comment": "Box7",
			"from": [ 0, 6, 4 ],
			"to": [ 1, 13, 12 ],
			"faces": {
				"down": { "uv": [ 8, 15, 0, 16 ], "texture": "#texture1", "rotation": 270 },
				"west": { "uv": [ 4, 1, 12, 8 ], "texture": "#texture1" },
				"east": { "uv": [ 4, 1, 12, 8 ], "texture": "#texture1" }
			}
		},
		{
			"__comment": "Box8",
			"from": [ 15, 6, 4 ],
			"to": [ 16, 13, 12 ],
			"faces": {
				"down": { "uv": [ 8, 15, 0, 16 ], "texture": "#texture1", "rotation": 270 },
				"west": { "uv": [ 4, 1, 12, 8 ], "texture": "#texture1" },
				"east": { "uv": [ 4, 1, 12, 8 ], "texture": "#texture1" }
			}
		},
		{
			"__comment": "Box9",
			"from": [ 1, 2, 0 ],
			"to": [ 4, 13, 1 ],
			"faces": {
				"down": { "uv": [ 7, 11, 4, 12 ], "texture": "#texture1" },
				"north": { "uv": [ 12, 1, 15, 12 ], "texture": "#texture1" },
				"south": { "uv": [ 1, 1, 4, 12 ], "texture": "#texture1" },
				"east": { "uv": [ 11, 5, 12, 16 ], "texture": "#texture1" }
			}
		},
		{
			"__comment": "Box10",
			"from": [ 12, 2, 0 ],
			"to": [ 15, 13, 1 ],
			"faces": {
				"down": { "uv": [ 4, 11, 7, 12 ], "texture": "#texture1" },
				"north": { "uv": [ 1, 1, 4, 12 ], "texture": "#texture1" },
				"south": { "uv": [ 12, 1, 15, 12 ], "texture": "#texture1" },
				"west": { "uv": [ 11, 5, 12, 16 ], "texture": "#texture1" }
			}
		},
		{
			"__comment": "Box11",
			"from": [ 1, 2, 15 ],
			"to": [ 4, 13, 16 ],
			"faces": {
				"down": { "uv": [ 7, 12, 4, 11 ], "texture": "#texture1" },
				"north": { "uv": [ 12, 1, 15, 12 ], "texture": "#texture1" },
				"south": { "uv": [ 1, 1, 4, 12 ], "texture": "#texture1" },
				"east": { "uv": [ 11, 5, 12, 16 ], "texture": "#texture1" }
			}
		},
		{
			"__comment": "Box12",
			"from": [ 12, 2, 15 ],
			"to": [ 15, 13, 16 ],
			"faces": {
				"down": { "uv": [ 4, 12, 7, 11 ], "texture": "#texture1" },
				"north": { "uv": [ 1, 1, 4, 12 ], "texture": "#texture1" },
				"south": { "uv": [ 12, 1, 15, 12 ], "texture": "#texture1" },
				"west": { "uv": [ 11, 5, 12, 16 ], "texture": "#texture1" }
			}
		},
		{
			"__comment": "Box8",
			"from": [ 4, 6, 15 ],
			"to": [ 12, 13, 16 ],
			"faces": {
				"down": { "uv": [ 8, 15, 0, 16 ], "texture": "#texture1", "rotation": 180 },
				"north": { "uv": [ 4, 1, 12, 8 ], "texture": "#texture1" },
				"south": { "uv": [ 4, 1, 12, 8 ], "texture": "#texture1" }
			}
		},
		{
			"__comment": "Box7",
			"from": [ 4, 6, 0 ],
			"to": [ 12, 13, 1 ],
			"faces": {
				"down": { "uv": [ 8, 15, 0, 16 ], "texture": "#texture1", "rotation": 180 },
				"north": { "uv": [ 4, 1, 12, 8 ], "texture": "#texture1" },
				"south": { "uv": [ 4, 1, 12, 8 ], "texture": "#texture1" }
			}
		}
	]
}