{
	"__comment": "Model by HanFox & Sphax for PureBDcraft - BDcraft.net.",
	"textures": {
		"particle": "blocks/tnt_side",
		"top": "blocks/tnt_top",
		"side": "blocks/tnt_side",
		"bottom": "blocks/tnt_bottom",
		"minecart": "items/minecart_normal"
	},
	"elements": [ 	 
		{
			"__comment": "StickOut",
			"from": [ 8, 11.25, 8 ],
			"to": [ 10.8, 11.6, 10.8 ],
			"faces": {
				"up": { "uv": [ 8, 8, 12, 12 ], "texture": "#top", "cullface": "up" },
				"north": { "uv": [ 4, 0, 8, 0.5 ], "texture": "#side", "cullface": "up" },
				"south": { "uv": [ 8, 0, 12, 0.5 ], "texture": "#side", "cullface": "up" },
				"west": { "uv": [ 8, 0, 12, 0.5 ], "texture": "#side", "cullface": "up" },
				"east": { "uv": [ 4, 0, 8, 0.5 ], "texture": "#side", "cullface": "up" }
			}
		},
		{
			"__comment": "StickOut",
			"from": [ 5.2, 11.25, 5.2 ],
			"to": [ 8, 11.95, 8 ],
			"faces": {
				"up": { "uv": [ 4, 4, 8, 8 ], "texture": "#top", "cullface": "up" },
				"north": { "uv": [ 8, 0, 12, 1 ], "texture": "#side", "cullface": "up" },
				"south": { "uv": [ 4, 0, 8, 1 ], "texture": "#side", "cullface": "up" },
				"west": { "uv": [ 4, 0, 8, 1 ], "texture": "#side", "cullface": "up" },
				"east": { "uv": [ 8, 0, 12, 1 ], "texture": "#side", "cullface": "up" }
			}
		},
		{
			"__comment": "Text",
			"from": [ 2.4, 3.55, 13.6 ],
			"to": [ 13.6, 7.75, 13.95 ],
			"faces": {
				"up": { "uv": [ 0, 5, 16, 5.5 ], "texture": "#side", "cullface": "south" },
				"south": { "uv": [ 0, 5, 16, 11 ], "texture": "#side", "cullface": "south" }
			}
		},
		{
			"__comment": "Text",
			"from": [ 13.6, 3.55, 2.4 ],
			"to": [ 13.95, 7.75, 13.6 ],
			"faces": {
				"up": { "uv": [ 0, 5, 16, 5.5 ], "texture": "#side", "cullface": "east" },
				"east": { "uv": [ 0, 5, 16, 11 ], "texture": "#side", "cullface": "east" }
			}
		},
		{
			"__comment": "Text",
			"from": [ 2.4, 3.55, 2.05 ],
			"to": [ 13.6, 7.75, 2.4 ],
			"faces": {
				"up": { "uv": [ 0, 5, 16, 5.5 ], "texture": "#side", "cullface": "north" },
				"north": { "uv": [ 0, 5, 16, 11 ], "texture": "#side", "cullface": "north" }
			}
		},
		{
			"__comment": "Text",
			"from": [ 2.05, 3.55, 2.4 ],
			"to": [ 2.4, 7.75, 13.6 ],
			"faces": {
				"up": { "uv": [ 0, 5, 16, 5.5 ], "texture": "#side", "cullface": "west" },
				"west": { "uv": [ 0, 5, 16, 11 ], "texture": "#side", "cullface": "west" }
			}
		},
		{
			"__comment": "Main",
			"from": [ 2.4, 0.05, 2.4 ],
			"to": [ 13.6, 11.25, 13.6 ],
			"faces": {
				"up": { "uv": [ 0, 0, 16, 16 ], "texture": "#top", "cullface": "up" },
				"north": { "uv": [ 0, 0, 16, 16 ], "texture": "#side", "cullface": "north" },
				"south": { "uv": [ 0, 0, 16, 16 ], "texture": "#side", "cullface": "south" },
				"west": { "uv": [ 0, 0, 16, 16 ], "texture": "#side", "cullface": "west" },
				"east": { "uv": [ 0, 0, 16, 16 ], "texture": "#side", "cullface": "east" }
			}
		},
		{
			"__comment": "Corner",
			"from": [ 5.6804, 3.5535, 9.9696 ],
			"to": [ 6.1774, 7.7465, 10.4666 ],
			"rotation": { "origin": [ 13.6, 3.55, 2.05 ], "axis": "y", "angle": -45 },
			"faces": {
				"up": { "uv": [ 0, 5, 16, 5.5 ], "texture": "#side", "cullface": "north" },
				"west": { "uv": [ 0, 5, 0.75, 11 ], "texture": "#side", "cullface": "north" }
			}
		},
		{
			"__comment": "Corner",
			"from": [ 13.6, 3.5535, 2.05 ],
			"to": [ 14.097, 7.7465, 2.547 ],
			"rotation": { "origin": [ 13.6, 3.55, 2.05 ], "axis": "y", "angle": -45 },
			"faces": {
				"up": { "uv": [ 0, 5, 16, 5.5 ], "texture": "#side", "cullface": "north" },
				"north": { "uv": [ 15.25, 5, 16, 11 ], "texture": "#side", "cullface": "north" }
			}
		},
		{
			"__comment": "Corner",
			"from": [ 13.6, 3.5535, 17.8892 ],
			"to": [ 14.097, 7.7465, 18.3862 ],
			"rotation": { "origin": [ 13.6, 3.55, 2.05 ], "axis": "y", "angle": -45 },
			"faces": {
				"up": { "uv": [ 0, 5, 16, 5.5 ], "texture": "#side", "cullface": "south" },
				"south": { "uv": [ 15.25, 5, 16, 11 ], "texture": "#side", "cullface": "south" }
			}
		},
		{
			"__comment": "Corner",
			"from": [ 21.5196, 3.5535, 9.9696 ],
			"to": [ 22.0166, 7.7465, 10.4666 ],
			"rotation": { "origin": [ 13.6, 3.55, 2.05 ], "axis": "y", "angle": -45 },
			"faces": {
				"up": { "uv": [ 0, 5, 16, 5.5 ], "texture": "#side", "cullface": "south" },
				"east": { "uv": [ 0, 5, 0.75, 11 ], "texture": "#side", "cullface": "south" }
			}
		},
		{
			"from": [ 0.5, -2, -1.5 ],
			"to": [ 15.5, -1, 17.5 ],
			"faces": {
				"down": { "uv": [ 0, 8, 10, 16 ], "texture": "#minecart", "rotation": 90 },
				"up": { "uv": [ 0.5, 8.5, 9.5, 15.5 ], "texture": "#minecart", "rotation": 90 },
				"north": { "uv": [ 9, 0, 9.5, 0.5 ], "texture": "#minecart" },
				"south": { "uv": [ 9, 0, 9.5, 0.5 ], "texture": "#minecart" },
				"west": { "uv": [ 9, 0, 9.5, 0.5 ], "texture": "#minecart" },
				"east": { "uv": [ 9, 0, 9.5, 0.5 ], "texture": "#minecart" }
			}
		},
		{
			"from": [ 0, -1, 0 ],
			"to": [ 2, 7, 16 ],
			"faces": {
				"down": { "uv": [ 9, 0, 9.25, 0.25 ], "texture": "#minecart" },
				"up": { "uv": [ 1, 0, 1.5, 1 ], "texture": "#minecart", "rotation": 270 },
				"west": { "uv": [ 1, 4, 9, 8 ], "texture": "#minecart" },
				"east": { "uv": [ 1, 0, 9, 4 ], "texture": "#minecart" }
			}
		},
		{
			"from": [ 14, -1, 0 ],
			"to": [ 16, 7, 16 ],
			"faces": {
				"down": { "uv": [ 9, 0, 9.25, 0.25 ], "texture": "#minecart" },
				"up": { "uv": [ 1, 0, 1.5, 1 ], "texture": "#minecart", "rotation": 90 },
				"west": { "uv": [ 1, 0, 9, 4 ], "texture": "#minecart" },
				"east": { "uv": [ 1, 4, 9, 8 ], "texture": "#minecart" }
			}
		},
		{
			"from": [ 0, -1, -2 ],
			"to": [ 16, 7, 0 ],
			"faces": {
				"down": { "uv": [ 9, 0, 9.25, 0.25 ], "texture": "#minecart" },
				"up": { "uv": [ 1.5, 0, 2, 1 ], "texture": "#minecart" },
				"north": { "uv": [ 1, 4, 9, 8 ], "texture": "#minecart" },
				"south": { "uv": [ 1, 0, 9, 4 ], "texture": "#minecart" },
				"west": { "uv": [ 0, 4, 1, 8 ], "texture": "#minecart" },
				"east": { "uv": [ 0, 4, 1, 8 ], "texture": "#minecart" }
			}
		},
		{
			"from": [ 0, -1, 16 ],
			"to": [ 16, 7, 18 ],
			"faces": {
				"down": { "uv": [ 9, 0, 9.25, 0.25 ], "texture": "#minecart" },
				"up": { "uv": [ 1.5, 0, 2, 1 ], "texture": "#minecart", "rotation": 180 },
				"north": { "uv": [ 1, 0, 9, 4 ], "texture": "#minecart" },
				"south": { "uv": [ 1, 4, 9, 8 ], "texture": "#minecart" },
				"west": { "uv": [ 0, 4, 1, 8 ], "texture": "#minecart" },
				"east": { "uv": [ 0, 4, 1, 8 ], "texture": "#minecart" }
			}
		},
		{
			"from": [ 0.25, -3, 0 ],
			"to": [ 15.75, -1, 16 ],
			"faces": {
				"west": { "uv": [ 9, 0.5, 16, 1.5 ], "texture": "#minecart" },
				"east": { "uv": [ 9, 0.5, 16, 1.5 ], "texture": "#minecart" }
			}
		}
	],
	"display": {
		"thirdperson_righthand": {
			"rotation":  [ 75, 45, 0 ],
			"translation":  [ 0, 2.5, 0 ],
			"scale":  [ 0.375, 0.375, 0.375 ]
		},
		"firstperson_righthand": {
			"rotation":  [ 0, -135, 0 ],
			"translation":  [ 0, 1, 0 ],
			"scale":  [ 0.4, 0.4, 0.4 ]
		},
		"gui": {
			"rotation":  [ 35, -45, 0 ],
			"translation":  [ 0, 1, 0 ],
			"scale":  [ 0.55, 0.55, 0.55 ]
		},
		"ground": {
			"translation":  [ 0, 3, 0 ],
			"scale":  [ 0.25, 0.25, 0.25 ]
		},
		"fixed": {
			"rotation":  [ 0, 90, 0 ],
			"scale":  [ 0.5, 0.5, 0.5 ]
		}
	}
}