{
	"ambientocclusion": true,
	"textures": 
	{
		"m": "zelda/maps/gr/1-2"
	},
	"elements": 
	[
		{
		"from": [ -8, -8, 3 ],
			"to": [ 24, 24, 24 ],
			"rotation": 
			{
                "origin": [ 0, 0, 12 ],
                "axis": "x",
                "angle": 0,
                "rescale": false
            },
			"faces": 
			{
				"north": { "uv": [ 0, 0, 16, 16 ], "texture": "#m", "cullface": true },
				"south": { "uv": [ 0, 0, 16, 16 ], "texture": "#m", "cullface": true }
			}
			
		}
		
	]
}
