{
	"__comment": "Model by HanFox & Sphax - BDcraft.net.",
	"gui_light": "front",
	"elements": [ 
		{
			"from": [ 7, 0, 7 ],
			"to": [ 9, 13, 9 ],
			"faces": {
				"down":  { "uv": [ 13, 8, 14, 7 ], "rotation": 270, "texture": "#texture" },
				"north": { "uv": [ 14, 8, 15, 15 ], "texture": "#texture" },
				"south": { "uv": [ 14, 0, 15, 7 ], "texture": "#texture" },
				"west":  { "uv": [ 13, 0, 14, 7 ], "texture": "#texture" },
				"east":  { "uv": [ 13, 8, 14, 15 ], "texture": "#texture" }
			}
		},
		{
			"from": [ -4, 13, 7 ],
			"to": [ 20, 25, 9 ],
			"faces": {
				"down":  { "uv": [ 1, 0, 13, 1 ], "rotation": 180, "texture": "#texture" },
				"up":    { "uv": [ 1, 0, 13, 1 ], "rotation": 180, "texture": "#texture" },
				"north": { "uv": [ 1, 1, 13, 7 ], "texture": "#texture" },
				"south": { "uv": [ 1, 7, 13, 13 ], "texture": "#texture" },
				"west":  { "uv": [ 0, 7, 1, 13 ], "texture": "#texture" },
				"east":  { "uv": [ 0, 1, 1, 7 ], "texture": "#texture" }
			}
		}
	],
	"display": {
		"thirdperson_righthand": {
			"rotation": [ 0, 115, 0 ],
			"translation": [ 0, 2.5, 1.75 ],
			"scale": [ 0.4, 0.4, 0.4 ]
		},
		"ground": {
			"rotation": [ 0, 0, 0 ],
			"translation": [ 0, 3, 0 ],
			"scale": [ 0.25, 0.25, 0.25 ]
		},
		"fixed": {
			"rotation": [ 0, 0, 0 ],
			"translation": [ 0, -2.2, -0.5 ],
			"scale": [ 0.5, 0.5, 0.5 ]
		},
		"firstperson_righthand": {
			"rotation": [ -3, 94, 0 ],
			"translation": [ 0, 2.27, 0 ],
			"scale": [ 0.4, 0.4, 0.4 ]
		},
		"gui": {
			"rotation": [ 0, 180, 0 ],
			"translation": [ 0, -2.25, 0 ],
			"scale": [ 0.49, 0.49, 0.49 ]
		}
	}
}