{
    "variants": {
        "": [
			{ "model": "cobblestone" },
			{ "model": "_bdc/cobblestone_01" },
			{ "model": "_bdc/cobblestone_02" },
			{ "model": "_bdc/cobblestone_03" },
			{ "model": "_bdc/cobblestone_04" },
			{ "model": "_bdc/cobblestone_05" },
			{ "model": "_bdc/cobblestone_06" },
			{ "model": "_bdc/cobblestone_07" },
			{ "model": "_bdc/cobblestone_08" },
			{ "model": "_bdc/cobblestone_09" },
			{ "model": "_bdc/cobblestone_10" },
			{ "model": "_bdc/cobblestone_11" }
		]
    }
}
