{
	"gui_light": "front",
	"textures": {
		"particle": "block/brown_mushroom_block",
		"mushrooms": "block/_bdc/mushroom"
	},
	"elements": [ 
	{
		"__comment": "Mush-01",
		"from": [ 6.5, 0, 4.5 ],
		"to": [ 6.5625, 11, 12.5 ],
		"rotation": { "origin": [ 6.5, 0, 4.5 ], "axis": "y", "angle": 22.5 },
		"faces": {
			"west":  { "uv": [ 8, 5, 16, 16 ], "texture": "#mushrooms" },
			"east":  { "uv": [ 8, 5, 16, 16 ], "texture": "#mushrooms" }
		}
	},
	{
		"__comment": "Mush-01",
		"from": [ 4.5, 0, 9.5 ],
		"to": [ 12.5, 11, 9.5625 ],
		"rotation": { "origin": [ 4.5, 0, 9.5 ], "axis": "y", "angle": 22.5 },
		"faces": {
			"north": { "uv": [ 8, 5, 16, 16 ], "texture": "#mushrooms" },
			"south": { "uv": [ 8, 5, 16, 16 ], "texture": "#mushrooms" }
		}
	}
	]
}