{
	"__comment": "Designed by Sphax with Cubik for PureBDcraft - http://bdcraft.net",
	"parent": "block/block",
	"textures": {
		"particle": "block/jukebox_top",
		"noteblock": "block/note_block",
		"jukebox_top": "block/jukebox_top",
		"bottom": "block/spruce_planks"
	},
	"elements": [ 	 
		{
			"from": [ 0, 13.5, 0 ],
			"to": [ 2, 16, 16 ],
			"faces": {
				"down": { "uv": [ 0, 16, 2, 0 ], "texture": "#noteblock", "cullface": "west" },
				"up": { "uv": [ 0, 0, 2, 16 ], "texture": "#jukebox_top", "cullface": "up" },
				"north": { "uv": [ 14, 0, 16, 2.5 ], "texture": "#noteblock", "cullface": "north" },
				"south": { "uv": [ 0, 0, 2, 2.5 ], "texture": "#noteblock", "cullface": "south" },
				"west": { "uv": [ 0, 0, 16, 2.5 ], "texture": "#noteblock", "cullface": "west" },
				"east": { "uv": [ 0, 0, 16, 2.5 ], "texture": "#noteblock", "cullface": "up" }
			}
		},
		{
			"from": [ 14, 13.5, 0 ],
			"to": [ 16, 16, 16 ],
			"faces": {
				"down": { "uv": [ 14, 16, 16, 0 ], "texture": "#noteblock", "cullface": "east" },
				"up": { "uv": [ 14, 0, 16, 16 ], "texture": "#jukebox_top", "cullface": "up" },
				"north": { "uv": [ 0, 0, 2, 2.5 ], "texture": "#noteblock", "cullface": "north" },
				"south": { "uv": [ 14, 0, 16, 2.5 ], "texture": "#noteblock", "cullface": "south" },
				"west": { "uv": [ 0, 0, 16, 2.5 ], "texture": "#noteblock", "cullface": "up" },
				"east": { "uv": [ 0, 0, 16, 2.5 ], "texture": "#noteblock", "cullface": "east" }
			}
		},
		{
			"from": [ 2, 13.5, 0 ],
			"to": [ 14, 16, 2 ],
			"faces": {
				"down": { "uv": [ 2, 2, 14, 0 ], "texture": "#noteblock", "cullface": "north" },
				"up": { "uv": [ 2, 0, 14, 2 ], "texture": "#jukebox_top", "cullface": "up" },
				"north": { "uv": [ 2, 0, 14, 2.5 ], "texture": "#noteblock", "cullface": "north" },
				"south": { "uv": [ 2, 0, 14, 2.5 ], "texture": "#noteblock", "cullface": "up" }
			}
		},
		{
			"from": [ 2, 13.5, 14 ],
			"to": [ 14, 16, 16 ],
			"faces": {
				"down": { "uv": [ 2, 16, 14, 14 ], "texture": "#noteblock", "cullface": "south" },
				"up": { "uv": [ 2, 14, 14, 16 ], "texture": "#jukebox_top", "cullface": "up" },
				"north": { "uv": [ 2, 0, 14, 2.5 ], "texture": "#noteblock", "cullface": "up" },
				"south": { "uv": [ 2, 0, 14, 2.5 ], "texture": "#noteblock", "cullface": "south" }
			}
		},
		{
			"from": [ 0, 0, 0 ],
			"to": [ 16, 2.5, 2.5 ],
			"faces": {
				"down": { "uv": [ 0, 2.5, 16, 0 ], "texture": "#bottom", "cullface": "down" },
				"up": { "uv": [ 0, 0, 16, 2.5 ], "texture": "#noteblock", "cullface": "north" },
				"north": { "uv": [ 0, 13.5, 16, 16 ], "texture": "#noteblock", "cullface": "north" },
				"west": { "uv": [ 0, 13.5, 2.5, 16 ], "texture": "#noteblock", "cullface": "west" },
				"east": { "uv": [ 13.5, 13.5, 16, 16 ], "texture": "#noteblock", "cullface": "east" }
			}
		},
		{
			"from": [ 0, 2.5, 0 ],
			"to": [ 2.5, 13.5, 2.5 ],
			"faces": {
				"north": { "uv": [ 0, 2.5, 2.5, 13.5 ], "texture": "#noteblock", "cullface": "north" },
				"south": { "uv": [ 0, 2.5, 2.5, 13.5 ], "texture": "#noteblock", "cullface": "west" },
				"west": { "uv": [ 0, 2.5, 2.5, 13.5 ], "texture": "#noteblock", "cullface": "west" },
				"east": { "uv": [ 0, 2.5, 2.5, 13.5 ], "texture": "#noteblock", "cullface": "north" }
			}
		},
		{
			"from": [ 0, 2.5, 13.5 ],
			"to": [ 2.5, 13.5, 16 ],
			"faces": {
				"north": { "uv": [ 0, 2.5, 2.5, 13.5 ], "texture": "#noteblock", "cullface": "west" },
				"south": { "uv": [ 0, 2.5, 2.5, 13.5 ], "texture": "#noteblock", "cullface": "south" },
				"west": { "uv": [ 0, 2.5, 2.5, 13.5 ], "texture": "#noteblock", "cullface": "west" },
				"east": { "uv": [ 0, 2.5, 2.5, 13.5 ], "texture": "#noteblock", "cullface": "south" }
			}
		},
		{
			"from": [ 13.5, 2.5, 13.5 ],
			"to": [ 16, 13.5, 16 ],
			"faces": {
				"north": { "uv": [ 0, 2.5, 2.5, 13.5 ], "texture": "#noteblock", "cullface": "east" },
				"south": { "uv": [ 0, 2.5, 2.5, 13.5 ], "texture": "#noteblock", "cullface": "south" },
				"west": { "uv": [ 0, 2.5, 2.5, 13.5 ], "texture": "#noteblock", "cullface": "south" },
				"east": { "uv": [ 0, 2.5, 2.5, 13.5 ], "texture": "#noteblock", "cullface": "east" }
			}
		},
		{
			"from": [ 13.5, 2.5, 0 ],
			"to": [ 16, 13.5, 2.5 ],
			"faces": {
				"north": { "uv": [ 0, 2.5, 2.5, 13.5 ], "texture": "#noteblock", "cullface": "north" },
				"south": { "uv": [ 0, 2.5, 2.5, 13.5 ], "texture": "#noteblock", "cullface": "east" },
				"west": { "uv": [ 0, 2.5, 2.5, 13.5 ], "texture": "#noteblock", "cullface": "north" },
				"east": { "uv": [ 0, 2.5, 2.5, 13.5 ], "texture": "#noteblock", "cullface": "east" }
			}
		},
		{
			"from": [ 0, 0, 13.5 ],
			"to": [ 16, 2.5, 16 ],
			"faces": {
				"down": { "uv": [ 0, 16, 16, 13.5 ], "texture": "#bottom", "cullface": "down" },
				"up": { "uv": [ 0, 13.5, 16, 16 ], "texture": "#noteblock", "cullface": "south" },
				"south": { "uv": [ 0, 13.5, 16, 16 ], "texture": "#noteblock", "cullface": "south" },
				"west": { "uv": [ 13.5, 13.5, 16, 16 ], "texture": "#noteblock", "cullface": "west" },
				"east": { "uv": [ 0, 13.5, 2.5, 16 ], "texture": "#noteblock", "cullface": "east" }
			}
		},
		{
			"from": [ 14.5, 0, 2.5 ],
			"to": [ 16, 2.5, 13.5 ],
			"faces": {
				"down": { "uv": [ 14.5, 13.5, 16, 2.5 ], "texture": "#bottom", "cullface": "down" },
				"up": { "uv": [ 14.5, 2.5, 16, 13.5 ], "texture": "#noteblock", "cullface": "east" },
				"east": { "uv": [ 2.5, 13.5, 13.5, 16 ], "texture": "#noteblock", "cullface": "east" }
			}
		},
		{
			"from": [ 0, 0, 2.5 ],
			"to": [ 1.5, 2.5, 13.5 ],
			"faces": {
				"down": { "uv": [ 0, 13.5, 1.5, 2.5 ], "texture": "#bottom", "cullface": "down" },
				"up": { "uv": [ 0, 2.5, 1.5, 13.5 ], "texture": "#noteblock", "cullface": "west" },
				"west": { "uv": [ 2.5, 13.5, 13.5, 16 ], "texture": "#noteblock", "cullface": "west" }
			}
		},
		{
			"__comment": "Inner",
			"from": [ 1.5, 0, 1.5 ],
			"to": [ 14.5, 15, 14.5 ],
			"faces": {
				"down": { "uv": [ 1.5, 14.5, 14.5, 1.5 ], "texture": "#bottom", "cullface": "down" },
				"up": { "uv": [ 1.5, 1.5, 14.5, 14.5 ], "texture": "#jukebox_top", "cullface": "up" },
				"north": { "uv": [ 1.5, 1, 14.5, 16 ], "texture": "#noteblock", "cullface": "north" },
				"south": { "uv": [ 1.5, 1, 14.5, 16 ], "texture": "#noteblock", "cullface": "south" },
				"west": { "uv": [ 1.5, 1, 14.5, 16 ], "texture": "#noteblock", "cullface": "west" },
				"east": { "uv": [ 1.5, 1, 14.5, 16 ], "texture": "#noteblock", "cullface": "east" }
			}
		},
		{
			"__comment": "speaker",
			"from": [ 4.5, 5, 1 ],
			"to": [ 11.5, 11, 1.5 ],
			"faces": {
				"down": { "uv": [ 5, 10.625, 11, 11 ], "texture": "#noteblock", "cullface": "north" },
				"up": { "uv": [ 5, 5, 11, 5.375 ], "texture": "#noteblock", "cullface": "north" },
				"north": { "uv": [ 4.5, 5, 11.5, 11 ], "texture": "#noteblock", "cullface": "north" },
				"west": { "uv": [ 5, 11, 11, 10.625 ], "texture": "#noteblock", "cullface": "north", "rotation": 270 },
				"east": { "uv": [ 5, 5.375, 11, 5 ], "texture": "#noteblock", "cullface": "north", "rotation": 270 }
			}
		},
		{
			"__comment": "speaker",
			"from": [ 4.5, 5, 14.5 ],
			"to": [ 11.5, 11, 15 ],
			"faces": {
				"down": { "uv": [ 5, 11, 11, 10.625 ], "texture": "#noteblock", "cullface": "south" },
				"up": { "uv": [ 5, 5.375, 11, 5 ], "texture": "#noteblock", "cullface": "south" },
				"south": { "uv": [ 4.5, 5, 11.5, 11 ], "texture": "#noteblock", "cullface": "south" },
				"west": { "uv": [ 5, 5.375, 11, 5 ], "texture": "#noteblock", "cullface": "south", "rotation": 270 },
				"east": { "uv": [ 5, 11, 11, 10.625 ], "texture": "#noteblock", "cullface": "south", "rotation": 270 }
			}
		},
		{
			"__comment": "speaker",
			"from": [ 14.5, 5, 4.5 ],
			"to": [ 15, 11, 11.5 ],
			"faces": {
				"down": { "uv": [ 5, 10.625, 11, 11 ], "texture": "#noteblock", "cullface": "east", "rotation": 270 },
				"up": { "uv": [ 5, 5, 11, 5.375 ], "texture": "#noteblock", "cullface": "east", "rotation": 90 },
				"north": { "uv": [ 5, 11, 11, 10.625 ], "texture": "#noteblock", "cullface": "east", "rotation": 270 },
				"south": { "uv": [ 5, 5.375, 11, 5 ], "texture": "#noteblock", "cullface": "east", "rotation": 270 },
				"east": { "uv": [ 4.5, 5, 11.5, 11 ], "texture": "#noteblock", "cullface": "east" }
			}
		},
		{
			"__comment": "speaker",
			"from": [ 1, 5, 4.5 ],
			"to": [ 1.5, 11, 11.5 ],
			"faces": {
				"down": { "uv": [ 5, 11, 11, 10.625 ], "texture": "#noteblock", "cullface": "west", "rotation": 270 },
				"up": { "uv": [ 5, 5.375, 11, 5 ], "texture": "#noteblock", "cullface": "west", "rotation": 90 },
				"north": { "uv": [ 5, 5.375, 11, 5 ], "texture": "#noteblock", "cullface": "west", "rotation": 270 },
				"south": { "uv": [ 5, 11, 11, 10.625 ], "texture": "#noteblock", "cullface": "west", "rotation": 270 },
				"west": { "uv": [ 4.5, 5, 11.5, 11 ], "texture": "#noteblock", "cullface": "west" }
			}
		}
	]
}