{
	"__comment": "Designed by Sphax with BDcraft Cubik PRO 0.90 Beta - http://bdcraft.net",
	"ambientocclusion": false,
	"textures": {
		"particle": "block/flower_pot",
		"flowerpot": "block/flower_pot",
		"dirt": "block/dirt",
		"plant": "block/_bdc/mushroom"
	},
	"elements": [
		{
			"__comment": "Element",
			"from": [ 6, 0, 6 ],
			"to": [ 10, 4, 10 ],
			"faces": {
				"down": { "uv": [ 1, 11, 5, 15 ], "texture": "#flowerpot", "cullface": "down" },
				"up": { "uv": [ 4, 4, 12.5, 12.5 ], "texture": "#dirt" }
			}
		},
		{
			"__comment": "Element",
			"from": [ 6, 0, 10 ],
			"to": [ 10, 5, 11 ],
			"faces": {
				"down": { "uv": [ 1, 10, 5, 11 ], "texture": "#flowerpot", "cullface": "down" },
				"up": { "uv": [ 8, 9, 12, 10 ], "texture": "#flowerpot" },
				"north": { "uv": [ 8, 13, 12, 16 ], "texture": "#flowerpot" },
				"south": { "uv": [ 8, 12, 12, 16 ], "texture": "#flowerpot" }
			}
		},
		{
			"__comment": "Element",
			"from": [ 6, 0, 5 ],
			"to": [ 10, 5, 6 ],
			"faces": {
				"down": { "uv": [ 1, 15, 5, 16 ], "texture": "#flowerpot", "cullface": "down" },
				"up": { "uv": [ 8, 4, 12, 5 ], "texture": "#flowerpot" },
				"north": { "uv": [ 8, 12, 12, 16 ], "texture": "#flowerpot" },
				"south": { "uv": [ 8, 13, 12, 16 ], "texture": "#flowerpot" }
			}
		},
		{
			"__comment": "Element",
			"from": [ 10, 0, 5 ],
			"to": [ 11, 5, 11 ],
			"faces": {
				"down": { "uv": [ 5, 10, 6, 16 ], "texture": "#flowerpot", "cullface": "down" },
				"up": { "uv": [ 12, 4, 13, 10 ], "texture": "#flowerpot" },
				"north": { "uv": [ 7, 12, 8, 16 ], "texture": "#flowerpot" },
				"south": { "uv": [ 12, 12, 13, 16 ], "texture": "#flowerpot" },
				"west": { "uv": [ 7, 13, 13, 16 ], "texture": "#flowerpot" },
				"east": { "uv": [ 7, 12, 13, 16 ], "texture": "#flowerpot" }
			}
		},
		{
			"__comment": "Element",
			"from": [ 5, 0, 5 ],
			"to": [ 6, 5, 11 ],
			"faces": {
				"down": { "uv": [ 0, 10, 1, 16 ], "texture": "#flowerpot", "cullface": "down" },
				"up": { "uv": [ 7, 4, 8, 10 ], "texture": "#flowerpot" },
				"north": { "uv": [ 12, 12, 13, 16 ], "texture": "#flowerpot" },
				"south": { "uv": [ 7, 12, 8, 16 ], "texture": "#flowerpot" },
				"west": { "uv": [ 7, 12, 13, 16 ], "texture": "#flowerpot" },
				"east": { "uv": [ 7, 13, 13, 16 ], "texture": "#flowerpot" }
			}
		},
		{
			"__comment": "Box6",
			"from": [ 4, 5, 10 ],
			"to": [ 12, 6, 12 ],
			"faces": {
				"down": { "uv": [ 6, 3, 14, 5 ], "texture": "#flowerpot" },
				"up": { "uv": [ 6, 9, 14, 11 ], "texture": "#flowerpot" },
				"north": { "uv": [ 6, 12, 14, 13 ], "texture": "#flowerpot" },
				"south": { "uv": [ 6, 11, 14, 12 ], "texture": "#flowerpot" },
				"west": { "uv": [ 12, 11, 14, 12 ], "texture": "#flowerpot" },
				"east": { "uv": [ 6, 11, 8, 12 ], "texture": "#flowerpot" }
			}
		},
		{
			"__comment": "Box6",
			"from": [ 4, 5, 4 ],
			"to": [ 12, 6, 6 ],
			"faces": {
				"down": { "uv": [ 6, 9, 14, 11 ], "texture": "#flowerpot" },
				"up": { "uv": [ 6, 3, 14, 5 ], "texture": "#flowerpot" },
				"north": { "uv": [ 6, 11, 14, 12 ], "texture": "#flowerpot" },
				"south": { "uv": [ 6, 12, 14, 13 ], "texture": "#flowerpot" },
				"west": { "uv": [ 6, 11, 8, 12 ], "texture": "#flowerpot" },
				"east": { "uv": [ 12, 11, 14, 12 ], "texture": "#flowerpot" }
			}
		},
		{
			"__comment": "Box8",
			"from": [ 10, 5, 6 ],
			"to": [ 12, 6, 10 ],
			"faces": {
				"down": { "uv": [ 12, 5, 14, 9 ], "texture": "#flowerpot" },
				"up": { "uv": [ 12, 5, 14, 9 ], "texture": "#flowerpot" },
				"west": { "uv": [ 8, 12, 12, 13 ], "texture": "#flowerpot" },
				"east": { "uv": [ 8, 11, 12, 12 ], "texture": "#flowerpot" }
			}
		},
		{
			"__comment": "Box8",
			"from": [ 4, 5, 6 ],
			"to": [ 6, 6, 10 ],
			"faces": {
				"down": { "uv": [ 6, 5, 8, 9 ], "texture": "#flowerpot" },
				"up": { "uv": [ 6, 5, 8, 9 ], "texture": "#flowerpot" },
				"west": { "uv": [ 8, 11, 12, 12 ], "texture": "#flowerpot" },
				"east": { "uv": [ 8, 12, 12, 13 ], "texture": "#flowerpot" }
			}
		},
		{
			"from": [ 5.25, 4, 8 ],
			"to": [ 10.65, 16, 8.001 ],
			"rotation": { "origin": [ 8, 8, 8 ], "axis": "y", "angle": -45, "rescale": true },
			"faces": {
				"north": { "uv": [ 8, 0, 16, 16 ], "texture": "#plant" },
				"south": { "uv": [ 8, 0, 16, 16 ], "texture": "#plant" }
			}
		},
		{
			"from": [ 8, 4, 5.25 ],
			"to": [ 8.001, 16, 10.65 ],
			"rotation": { "origin": [ 8, 8, 8 ], "axis": "y", "angle": -45, "rescale": true },
			"faces": {
				"west": { "uv": [ 8, 0, 16, 16 ], "texture": "#plant" },
				"east": { "uv": [ 8, 0, 16, 16 ], "texture": "#plant" }
			}
		}
	]
}