{
	"__comment": "Designed by the resident Inuit with BDcraft Cubik PRO 0.96 Beta - http://bdcraft.net",
	"textures": {
		"particle": "block/repeater",
		"top": "block/repeater_on",
		"repeater_parts": "block/_bdc/repeater_parts",
		"bottom": "block/_bdc/repeater_bottom"
	},
	"elements": [ 	 
		{
			"__comment": "BaseTop",
			"from": [ 2, 0, 0 ],
			"to": [ 14, 2, 7 ],
			"faces": {
				"down": { "uv": [ 2, 9, 14, 16 ], "texture": "#bottom", "cullface": "down" },
				"up": { "uv": [ 2, 0, 14, 7 ], "texture": "#top" },
				"north": { "uv": [ 2, 12, 14, 14 ], "texture": "#repeater_parts" }
			}
		},
		{
			"__comment": "BaseMiddle",
			"from": [ 2, 0, 7 ],
			"to": [ 14, 2, 9 ],
			"faces": {
				"down": { "uv": [ 2, 7, 14, 9 ], "texture": "#bottom", "cullface": "down" },
				"up": { "uv": [ 2, 7, 14, 9 ], "texture": "#top" },
				"west": { "uv": [ 10, 11, 12, 13 ], "texture": "#repeater_parts" },
				"east": { "uv": [ 10, 11, 12, 13 ], "texture": "#repeater_parts" }
			}
		},
		{
			"__comment": "BaseBottom",
			"from": [ 2, 0, 9 ],
			"to": [ 14, 2, 16 ],
			"faces": {
				"down": { "uv": [ 2, 0, 14, 7 ], "texture": "#bottom", "cullface": "down" },
				"up": { "uv": [ 2, 9, 14, 16 ], "texture": "#top" },
				"south": { "uv": [ 2, 12, 14, 14 ], "texture": "#repeater_parts" }
			}
		},
		{
			"__comment": "Strip",
			"from": [ 6, 2, 3 ],
			"to": [ 10, 4, 13 ],
			"faces": {
				"up": { "uv": [ 8, 0, 12, 10 ], "texture": "#repeater_parts" },
				"north": { "uv": [ 4, 8, 8, 10 ], "texture": "#repeater_parts" },
				"south": { "uv": [ 4, 8, 8, 10 ], "texture": "#repeater_parts" },
				"west": { "uv": [ 0, 10, 10, 12 ], "texture": "#repeater_parts" },
				"east": { "uv": [ 0, 10, 10, 12 ], "texture": "#repeater_parts" }
			}
		},
		{
			"__comment": "TopNotch",
			"from": [ 7, 4, 10 ],
			"to": [ 9, 6, 12 ],
			"faces": {
				"up": { "uv": [ 14, 6, 16, 8 ], "texture": "#repeater_parts" },
				"north": { "uv": [ 9, 1, 11, 3 ], "texture": "#repeater_parts" },
				"south": { "uv": [ 9, 1, 11, 3 ], "texture": "#repeater_parts" },
				"west": { "uv": [ 9, 1, 11, 3 ], "texture": "#repeater_parts" },
				"east": { "uv": [ 9, 1, 11, 3 ], "texture": "#repeater_parts" }
			}
		},
		{
			"__comment": "Element",
			"from": [ 12, 2, 3 ],
			"to": [ 14, 3, 5 ],
			"faces": {
				"up": { "uv": [ 14, 2, 16, 4 ], "texture": "#repeater_parts" },
				"north": { "uv": [ 14, 2, 16, 3 ], "texture": "#repeater_parts" },
				"south": { "uv": [ 14, 2, 16, 3 ], "texture": "#repeater_parts" },
				"west": { "uv": [ 14, 2, 16, 3 ], "texture": "#repeater_parts" },
				"east": { "uv": [ 14, 2, 16, 3 ], "texture": "#repeater_parts" }
			}
		},
		{
			"__comment": "ThinLeft",
			"from": [ 0, 0, 7 ],
			"to": [ 2, 1, 9 ],
			"faces": {
				"down": { "uv": [ 0, 7, 2, 9 ], "texture": "#bottom", "cullface": "down" },
				"up": { "uv": [ 7, 14, 9, 16 ], "texture": "#repeater_parts" },
				"west": { "uv": [ 10, 11, 12, 12 ], "texture": "#repeater_parts", "cullface": "west" }
			}
		},
		{
			"__comment": "ThinRight",
			"from": [ 14, 0, 7 ],
			"to": [ 16, 1, 9 ],
			"faces": {
				"down": { "uv": [ 14, 7, 16, 9 ], "texture": "#bottom", "cullface": "down" },
				"up": { "uv": [ 7, 14, 9, 16 ], "texture": "#repeater_parts" },
				"east": { "uv": [ 10, 11, 12, 12 ], "texture": "#repeater_parts", "cullface": "east" }
			}
		},
		{
			"__comment": "CornerLeftTop",
			"from": [ 0, 0, 0 ],
			"to": [ 2, 2, 7 ],
			"faces": {
				"down": { "uv": [ 0, 9, 2, 16 ], "texture": "#bottom", "cullface": "down" },
				"up": { "uv": [ 0, 0, 2, 7 ], "texture": "#top" },
				"north": { "uv": [ 14, 14, 16, 16 ], "texture": "#repeater_parts", "cullface": "north" },
				"south": { "uv": [ 10, 11, 12, 13 ], "texture": "#repeater_parts" },
				"west": { "uv": [ 0, 14, 7, 16 ], "texture": "#repeater_parts", "cullface": "west" }
			}
		},
		{
			"__comment": "CornerRightTop",
			"from": [ 14, 0, 0 ],
			"to": [ 16, 2, 7 ],
			"faces": {
				"down": { "uv": [ 14, 9, 16, 16 ], "texture": "#bottom", "cullface": "down" },
				"up": { "uv": [ 14, 0, 16, 7 ], "texture": "#top" },
				"north": { "uv": [ 0, 12, 2, 14 ], "texture": "#repeater_parts", "cullface": "north" },
				"south": { "uv": [ 10, 11, 12, 13 ], "texture": "#repeater_parts" },
				"east": { "uv": [ 9, 14, 16, 16 ], "texture": "#repeater_parts", "cullface": "east" }
			}
		},
		{
			"__comment": "CornerLeftBottom",
			"from": [ 0, 0, 9 ],
			"to": [ 2, 2, 16 ],
			"faces": {
				"down": { "uv": [ 0, 0, 2, 7 ], "texture": "#bottom", "cullface": "down" },
				"up": { "uv": [ 0, 9, 2, 16 ], "texture": "#top" },
				"north": { "uv": [ 10, 11, 12, 13 ], "texture": "#repeater_parts" },
				"south": { "uv": [ 0, 12, 2, 14 ], "texture": "#repeater_parts", "cullface": "south" },
				"west": { "uv": [ 9, 14, 16, 16 ], "texture": "#repeater_parts", "cullface": "west" }
			}
		},
		{
			"__comment": "CornerRightTop",
			"from": [ 14, 0, 9 ],
			"to": [ 16, 2, 16 ],
			"faces": {
				"down": { "uv": [ 14, 0, 16, 7 ], "texture": "#bottom", "cullface": "down" },
				"up": { "uv": [ 14, 9, 16, 16 ], "texture": "#top" },
				"north": { "uv": [ 10, 11, 12, 13 ], "texture": "#repeater_parts" },
				"south": { "uv": [ 14, 12, 16, 14 ], "texture": "#repeater_parts", "cullface": "south" },
				"east": { "uv": [ 0, 14, 7, 16 ], "texture": "#repeater_parts", "cullface": "east" }
			}
		}
	]
}