{
	"__comment": "Designed by HanFox with Cubik Studio - https://cubik.studio",
	"parent": "block/block",
	"textures": {
		"particle": "block/scaffolding_top",
		"top": "block/scaffolding_top",
		"side": "block/scaffolding_side",
		"bottom": "block/scaffolding_bottom"
	},
	"elements": [ 	 
		{
			"from": [ 0, 15.99, 0 ],
			"to": [ 16, 16, 16 ],
			"faces": {
				"down": { "uv": [ 0, 16, 16, 0 ], "texture": "#top" },
				"up": { "uv": [ 0, 0, 16, 16 ], "texture": "#top", "cullface": "up" }
			}
		},
		{
			"from": [ 0, 0, 0 ],
			"to": [ 2, 16, 2 ],
			"faces": {
				"down": { "uv": [ 0, 14, 2, 16 ], "texture": "#bottom", "cullface": "down" },
				"north": { "uv": [ 14, 0, 16, 16 ], "texture": "#side", "cullface": "north" },
				"south": { "uv": [ 0, 0, 2, 16 ], "texture": "#side" },
				"west": { "uv": [ 0, 0, 2, 16 ], "texture": "#side", "cullface": "west" },
				"east": { "uv": [ 14, 0, 16, 16 ], "texture": "#side" }
			}
		},
		{
			"from": [ 0, 0, 14 ],
			"to": [ 2, 16, 16 ],
			"faces": {
				"down": { "uv": [ 0, 0, 2, 2 ], "texture": "#bottom", "cullface": "down" },
				"north": { "uv": [ 14, 0, 16, 16 ], "texture": "#side" },
				"south": { "uv": [ 0, 0, 2, 16 ], "texture": "#side", "cullface": "south" },
				"west": { "uv": [ 14, 0, 16, 16 ], "texture": "#side", "cullface": "west" },
				"east": { "uv": [ 0, 0, 2, 16 ], "texture": "#side" }
			}
		},
		{
			"from": [ 14, 0, 14 ],
			"to": [ 16, 16, 16 ],
			"faces": {
				"down": { "uv": [ 14, 0, 16, 2 ], "texture": "#bottom", "cullface": "down" },
				"north": { "uv": [ 0, 0, 2, 16 ], "texture": "#side" },
				"south": { "uv": [ 14, 0, 16, 16 ], "texture": "#side", "cullface": "south" },
				"west": { "uv": [ 14, 0, 16, 16 ], "texture": "#side" },
				"east": { "uv": [ 0, 0, 2, 16 ], "texture": "#side", "cullface": "east" }
			}
		},
		{
			"from": [ 14, 0, 0 ],
			"to": [ 16, 16, 2 ],
			"faces": {
				"down": { "uv": [ 14, 14, 16, 16 ], "texture": "#bottom", "cullface": "down" },
				"north": { "uv": [ 0, 0, 2, 16 ], "texture": "#side", "cullface": "north" },
				"south": { "uv": [ 14, 0, 16, 16 ], "texture": "#side" },
				"west": { "uv": [ 0, 0, 2, 16 ], "texture": "#side" },
				"east": { "uv": [ 14, 0, 16, 16 ], "texture": "#side", "cullface": "east" }
			}
		},
		{
			"from": [ 2, 14, 0 ],
			"to": [ 14, 16, 2 ],
			"faces": {
				"down": { "uv": [ 2, 0, 14, 2 ], "texture": "#bottom" },
				"north": { "uv": [ 14, 0, 2, 2 ], "texture": "#side", "cullface": "north" },
				"south": { "uv": [ 2, 2, 14, 4 ], "texture": "#side" }
			}
		},
		{
			"from": [ 2, 14, 14 ],
			"to": [ 14, 16, 16 ],
			"faces": {
				"down": { "uv": [ 2, 0, 14, 2 ], "texture": "#bottom" },
				"north": { "uv": [ 14, 2, 2, 4 ], "texture": "#side" },
				"south": { "uv": [ 2, 4, 14, 6 ], "texture": "#side", "cullface": "south" }
			}
		},
		{
			"from": [ 14, 14, 2 ],
			"to": [ 16, 16, 14 ],
			"faces": {
				"down": { "uv": [ 0, 2, 2, 14 ], "texture": "#bottom" },
				"west": { "uv": [ 14, 2, 2, 4 ], "texture": "#side" },
				"east": { "uv": [ 14, 4, 2, 6 ], "texture": "#side", "cullface": "east" }
			}
		},
		{
			"from": [ 0, 14, 2 ],
			"to": [ 2, 16, 14 ],
			"faces": {
				"down": { "uv": [ 0, 2, 2, 14 ], "texture": "#bottom" },
				"west": { "uv": [ 2, 0, 14, 2 ], "texture": "#side", "cullface": "west" },
				"east": { "uv": [ 2, 2, 14, 4 ], "texture": "#side" }
			}
		},
		{
			"from": [ -0.05, 13.5, -0.05 ],
			"to": [ 2.05, 14, 2.05 ],
			"faces": {
				"north": { "uv": [ 11, 2, 11.5, 2.5 ], "texture": "#top", "cullface": "north" },
				"south": { "uv": [ 11, 2, 11.5, 2.5 ], "texture": "#top" },
				"west": { "uv": [ 11, 2, 11.5, 2.5 ], "texture": "#top", "cullface": "west" },
				"east": { "uv": [ 11, 2, 11.5, 2.5 ], "texture": "#top" }
			}
		},
		{
			"from": [ 13.95, 13.5, -0.05 ],
			"to": [ 16.05, 14, 2.05 ],
			"faces": {
				"north": { "uv": [ 11, 2, 11.5, 2.5 ], "texture": "#top", "cullface": "north" },
				"south": { "uv": [ 11, 2, 11.5, 2.5 ], "texture": "#top" },
				"west": { "uv": [ 11, 2, 11.5, 2.5 ], "texture": "#top" },
				"east": { "uv": [ 11, 2, 11.5, 2.5 ], "texture": "#top", "cullface": "east" }
			}
		},
		{
			"from": [ -0.05, 13.5, 13.95 ],
			"to": [ 2.05, 14, 16.05 ],
			"faces": {
				"north": { "uv": [ 11, 2, 11.5, 2.5 ], "texture": "#top" },
				"south": { "uv": [ 11, 2, 11.5, 2.5 ], "texture": "#top", "cullface": "south" },
				"west": { "uv": [ 11, 2, 11.5, 2.5 ], "texture": "#top", "cullface": "west" },
				"east": { "uv": [ 11, 2, 11.5, 2.5 ], "texture": "#top" }
			}
		},
		{
			"from": [ 13.95, 13.5, 13.95 ],
			"to": [ 16.05, 14, 16.05 ],
			"faces": {
				"north": { "uv": [ 11, 2, 11.5, 2.5 ], "texture": "#top" },
				"south": { "uv": [ 11, 2, 11.5, 2.5 ], "texture": "#top", "cullface": "south" },
				"west": { "uv": [ 11, 2, 11.5, 2.5 ], "texture": "#top" },
				"east": { "uv": [ 11, 2, 11.5, 2.5 ], "texture": "#top", "cullface": "east" }
			}
		}
	]
}