{
	"__comment": "Designed by EskiMojo14 with BDcraft Cubik PRO 0.75 Beta - http://bdcraft.net",
	"parent": "block/thin_block",
	"ambientocclusion": false,
	"textures": {
		"particle": "block/spruce_trapdoor",
		"overlay": "block/_bdc/iron_trapdoor_overlay",
		"trapdoor": "block/spruce_trapdoor",
		"side": "block/_bdc/spruce_trapdoor_side"
	},
	"elements": [ 	 
		{
			"__comment": "Ring1",
			"from": [ 6.5, 12, 12.95 ],
			"to": [ 9.5, 15.5, 16.05 ],
			"faces": {
				"down": { "uv": [ 2, 14, 4, 16 ], "texture": "#overlay" },
				"up": { "uv": [ 0.5, 4, 0, 0 ], "texture": "#overlay" },
				"north": { "uv": [ 0, 0, 3, 4 ], "texture": "#overlay" },
				"south": { "uv": [ 0, 0, 3, 4 ], "texture": "#overlay", "cullface": "south" },
				"west": { "uv": [ 0, 0, 2, 0.5 ], "texture": "#overlay", "rotation": 90 },
				"east": { "uv": [ 2.5, 3.5, 3, 4 ], "texture": "#overlay", "rotation": 270 }
			}
		},
		{
			"__comment": "RingT",
			"from": [ 4, 6, 15.975 ],
			"to": [ 12, 14, 16.0375 ],
			"faces": {
				"south": { "uv": [ 0, 5, 8, 13 ], "texture": "#overlay", "cullface": "south" }
			}
		},
		{
			"__comment": "Ring2",
			"from": [ 7, 6.5, 12.95 ],
			"to": [ 9, 9, 16.05 ],
			"faces": {
				"down": { "uv": [ 3, 10, 5, 12.5 ], "texture": "#overlay" },
				"up": { "uv": [ 5, 12.5, 4.5, 10 ], "texture": "#overlay" },
				"north": { "uv": [ 3, 10, 5, 12.5 ], "texture": "#overlay" },
				"south": { "uv": [ 3, 10, 5, 12.5 ], "texture": "#overlay", "cullface": "south" },
				"west": { "uv": [ 4.5, 12, 5, 12.5 ], "texture": "#overlay", "rotation": 90 },
				"east": { "uv": [ 4.5, 12, 5, 12.5 ], "texture": "#overlay", "rotation": 270 }
			}
		},
		{
			"__comment": "RingB",
			"from": [ 4, 6, 12.965 ],
			"to": [ 12, 14, 13.0275 ],
			"faces": {
				"north": { "uv": [ 0, 5, 8, 13 ], "texture": "#overlay" }
			}
		},
		{
			"__comment": "Element",
			"from": [ 0, 0, 13.5 ],
			"to": [ 16, 16, 15.5 ],
			"shade": false,
			"faces": {
				"north": { "uv": [ 0, 0, 16, 16 ], "texture": "#trapdoor" },
				"south": { "uv": [ 0, 0, 16, 16 ], "texture": "#trapdoor" },
				"west": { "uv": [ 0, 5, 16, 7 ], "texture": "#side", "cullface": "west", "rotation": 90 },
				"east": { "uv": [ 0, 5, 16, 7 ], "texture": "#side", "cullface": "east", "rotation": 270 }
			}
		},
		{
			"__comment": "Element",
			"from": [ 10, 0, 13 ],
			"to": [ 14, 16, 16 ],
			"shade": false,
			"faces": {
				"north": { "uv": [ 2, 0, 6, 16 ], "texture": "#trapdoor" },
				"south": { "uv": [ 10, 0, 14, 16 ], "texture": "#trapdoor", "cullface": "south" },
				"west": { "uv": [ 0, 8.5, 16, 11.5 ], "texture": "#side", "rotation": 90 },
				"east": { "uv": [ 0, 8.5, 16, 11.5 ], "texture": "#side", "rotation": 270 }
			}
		},
		{
			"__comment": "Element",
			"from": [ 2, 0, 13 ],
			"to": [ 6, 16, 16 ],
			"shade": false,
			"faces": {
				"north": { "uv": [ 10, 0, 14, 16 ], "texture": "#trapdoor" },
				"south": { "uv": [ 2, 0, 6, 16 ], "texture": "#trapdoor", "cullface": "south" },
				"west": { "uv": [ 0, 8.5, 16, 11.5 ], "texture": "#side", "rotation": 90 },
				"east": { "uv": [ 0, 8.5, 16, 11.5 ], "texture": "#side", "rotation": 270 }
			}
		},
		{
			"__comment": "Element",
			"from": [ 0, 0, 13 ],
			"to": [ 16, 16, 16 ],
			"shade": false,
			"faces": {
				"down": { "uv": [ 0, 12.5, 16, 15.5 ], "texture": "#side", "cullface": "down" },
				"up": { "uv": [ 16, 15.5, 0, 12.5 ], "texture": "#side", "cullface": "up" }
			}
		}
	]
}