{
	"__comment": "Designed by Sphax for PureBDcraft - http://bdcraft.net",
	"ambientocclusion": false,
	"textures": {
		"particle": "block/sunflower_top",
		"cross": "block/sunflower_top",
		"back": "block/sunflower_back",
		"front": "block/sunflower_front"
	},
	"elements": [
		{
			"__comment": "Element",
			"from": [ 0.8, 0, 8 ],
			"to": [ 15.2, 8, 8 ],
			"rotation": { "origin": [ 8, 8, 8 ], "axis": "y", "angle": 45, "rescale": true },
			"shade": false,
			"faces": {
				"north": { "uv": [ 16, 6.5, 0, 16 ], "texture": "#cross" },
				"south": { "uv": [ 0, 6.5, 16, 16 ], "texture": "#cross" }
			}
		},
		{
			"__comment": "Element",
			"from": [ 8, 0, 0.8 ],
			"to": [ 8, 8, 15.2 ],
			"rotation": { "origin": [ 8, 8, 8 ], "axis": "y", "angle": 45, "rescale": true },
			"shade": false,
			"faces": {
				"west": { "uv": [ 0, 6.5, 16, 16 ], "texture": "#cross" },
				"east": { "uv": [ 16, 6.5, 0, 16 ], "texture": "#cross" }
			}
		},
		{
			"__comment": "Element",
			"from": [ 8.6624, -1.0765, 1 ],
			"to": [ 8.663401, 14.9235, 15 ],
			"rotation": { "origin": [ 6.377643, 8.000023, 8 ], "axis": "z", "angle": 22.5, "rescale": true },
			"shade": false,
			"faces": {
				"west": { "uv": [ 0, 0, 16, 16 ], "texture": "#back" },
				"east": { "uv": [ 0, 0, 16, 16 ], "texture": "#front" }
			}
		}
	]
}
