{
    "parent": "item/generated",
    "textures": {
        "layer0": "item/bow"
    },
   "display": {
        "thirdperson_righthand": {
            "rotation": [ -80, 260, -40 ],
            "translation": [ -1, -2, 2.5 ],
            "scale": [ 0.9, 0.9, 0.9 ]
        },
        "thirdperson_lefthand": {
            "rotation": [ -80, -280, 40 ],
            "translation": [ -1, -2, 2.5 ],
            "scale": [ 0.9, 0.9, 0.9 ]
        },
        "firstperson_righthand": {
            "rotation": [ 0, -90, 25 ],
            "translation": [ 1.13, 4.2, 1.13],
            "scale": [ 0.68, 0.68, 0.68 ]
        },
        "firstperson_lefthand": {
            "rotation": [ 0, 90, -25 ],
            "translation": [ 1.13, 4.2, 1.13],
            "scale": [ 0.68, 0.68, 0.68 ]
        },
		"fixed": {
			"scale": [2, 2, 2],
			"translation": [0, 0, -16],
			"rotation": [-70, 0, 0]
		}
    },
    "overrides": [
        {"predicate": {"pulling": 1},"model": "item/bow_pulling_0"},
        {"predicate": {"pulling": 1,"pull": 0.65},"model": "item/bow_pulling_1"},
        {"predicate": {"pulling": 1,"pull": 0.9},"model": "item/bow_pulling_2"},
		
		{"predicate": {"custom_model_data": 6370001},"model": "zelda/bows/bomb_bow/standby"},
		{"predicate": {"pulling": 1, "custom_model_data": 1},"model": "zelda/bows/bomb_bow/pulling_1-1"},
		{"predicate": {"pulling": 1,"pull": 0.40, "custom_model_data": 6370001},"model": "zelda/bows/bomb_bow/pulling_1-2"},
		{"predicate": {"pulling": 1,"pull": 0.50, "custom_model_data": 6370001},"model": "zelda/bows/bomb_bow/pulling_1-3"},
        {"predicate": {"pulling": 1,"pull": 0.65, "custom_model_data": 6370001},"model": "zelda/bows/bomb_bow/pulling_2-1"},
		{"predicate": {"pulling": 1,"pull": 0.75, "custom_model_data": 6370001},"model": "zelda/bows/bomb_bow/pulling_2-2"},
		{"predicate": {"pulling": 1,"pull": 0.85, "custom_model_data": 6370001},"model": "zelda/bows/bomb_bow/pulling_2-3"},
        {"predicate": {"pulling": 1,"pull": 0.90, "custom_model_data": 6370001},"model": "zelda/bows/bomb_bow/pulling_3-1"},
		{"predicate": {"pulling": 1,"pull": 0.95, "custom_model_data": 6370001},"model": "zelda/bows/bomb_bow/pulling_3-2"},
		{"predicate": {"pulling": 1,"pull": 1.0, "custom_model_data": 6370001},"model": "zelda/bows/bomb_bow/pulling_3-3"},
		
		{"predicate": {"custom_model_data": 6370002},"model": "zelda/bows/fire_bow/standby"},
		{"predicate": {"pulling": 1, "custom_model_data": 6370002},"model": "zelda/bows/fire_bow/pulling_1"},
        {"predicate": {"pulling": 1,"pull": 0.65, "custom_model_data": 6370002},"model": "zelda/bows/fire_bow/pulling_2"},
        {"predicate": {"pulling": 1,"pull": 0.9, "custom_model_data": 6370002},"model": "zelda/bows/fire_bow/pulling_3"},
		
		{"predicate": {"custom_model_data": 6370003},"model": "zelda/bows/ice_bow/standby"},
		{"predicate": {"pulling": 1, "custom_model_data": 6370003},"model": "zelda/bows/ice_bow/pulling_1"},
        {"predicate": {"pulling": 1,"pull": 0.65, "custom_model_data": 6370003},"model": "zelda/bows/ice_bow/pulling_2"},
        {"predicate": {"pulling": 1,"pull": 0.9, "custom_model_data": 6370003},"model": "zelda/bows/ice_bow/pulling_3"},
		
		{"predicate": {"custom_model_data": 6370004},"model": "zelda/bows/light_bow/standby"},
		{"predicate": {"pulling": 1, "custom_model_data": 6370004},"model": "zelda/bows/light_bow/pulling_1"},
        {"predicate": {"pulling": 1,"pull": 0.65, "custom_model_data": 6370004},"model": "zelda/bows/light_bow/pulling_2"},
        {"predicate": {"pulling": 1,"pull": 0.9, "custom_model_data": 6370004},"model": "zelda/bows/light_bow/pulling_3"},

        {"predicate": {"custom_model_data": 6370005},"model": "zelda/bows/lightning_bow/standby"},
		{"predicate": {"pulling": 1, "custom_model_data": 6370005},"model": "zelda/bows/lightning_bow/pulling_1"},
        {"predicate": {"pulling": 1,"pull": 0.65, "custom_model_data": 6370005},"model": "zelda/bows/lightning_bow/pulling_2"},
        {"predicate": {"pulling": 1,"pull": 0.9, "custom_model_data": 6370005},"model": "zelda/bows/lightning_bow/pulling_3"},

        {"predicate": {"custom_model_data": 6370006},"model": "zelda/bows/bow/standby"},
		{"predicate": {"pulling": 1, "custom_model_data": 6370006},"model": "zelda/bows/bow/pulling_1"},
        {"predicate": {"pulling": 1,"pull": 0.65, "custom_model_data": 6370006},"model": "zelda/bows/bow/pulling_2"},
        {"predicate": {"pulling": 1,"pull": 0.9, "custom_model_data": 6370006},"model": "zelda/bows/bow/pulling_3"}
    ]
}
