{
    "parent": "item/handheld",
    "textures": {
        "layer0": "item/diamond_sword"
    },
	"overrides": 
	[
		{ "predicate": { "custom_model_data": 6370001}, "model": "zelda/swords/big"},
		{ "predicate": { "custom_model_data": 6370002}, "model": "zelda/swords/dn"},
		{ "predicate": { "custom_model_data": 6370003}, "model": "zelda/swords/fd"},
		{ "predicate": { "custom_model_data": 6370004}, "model": "zelda/swords/heros"},
		{ "predicate": { "custom_model_data": 6370005}, "model": "zelda/swords/kokiri"},
		{ "predicate": { "custom_model_data": 6370006}, "model": "zelda/swords/ordon"},
		{ "predicate": { "custom_model_data": 6370007}, "model": "zelda/swords/practice"},
		{ "predicate": { "custom_model_data": 6370008}, "model": "zelda/swords/razor"},
		{ "predicate": { "custom_model_data": 6370009}, "model": "zelda/swords/recruits"},
		{ "predicate": { "custom_model_data": 6370010}, "model": "zelda/swords/zelda"},
		{ "predicate": { "custom_model_data": 6370011}, "model": "zelda/swords/rusty_ordon"},
		{ "predicate": { "custom_model_data": 6370012}, "model": "zelda/swords/flameblade"}
	]
	
}