{
    "parent": "item/handheld",
    "textures": {
        "layer0": "item/diamond"
    },
	
	"overrides": [
    { "predicate": { "custom_model_data": 1}, "model": "zelda/framed/triforce"},
    { "predicate": { "custom_model_data": 2}, "model": "zelda/framed/blessing/1"},
    { "predicate": { "custom_model_data": 3}, "model": "zelda/framed/blessing/2"},
    { "predicate": { "custom_model_data": 4}, "model": "zelda/framed/blessing/3"},
    { "predicate": { "custom_model_data": 5}, "model": "zelda/framed/blessing/4"},
    { "predicate": { "custom_model_data": 6}, "model": "zelda/framed/blessing/5"},
    { "predicate": { "custom_model_data": 7}, "model": "zelda/framed/blessing/6"},
    { "predicate": { "custom_model_data": 8}, "model": "zelda/framed/blessing/7"},
    { "predicate": { "custom_model_data": 9}, "model": "zelda/framed/blessing/8"},
    { "predicate": { "custom_model_data": 10}, "model": "zelda/framed/blessing/9"},
    { "predicate": { "custom_model_data": 11}, "model": "zelda/framed/blessing/10"},
    { "predicate": { "custom_model_data": 12}, "model": "zelda/framed/blessing/11"},
    { "predicate": { "custom_model_data": 13}, "model": "zelda/framed/blessing/12"},
    { "predicate": { "custom_model_data": 14}, "model": "zelda/framed/blessing/13"},
    { "predicate": { "custom_model_data": 15}, "model": "zelda/framed/blessing/14"},
    { "predicate": { "custom_model_data": 16}, "model": "zelda/framed/blessing/15"},
    { "predicate": { "custom_model_data": 17}, "model": "zelda/framed/blessing/16"},
    { "predicate": { "custom_model_data": 18}, "model": "zelda/framed/blessing/17"},
    { "predicate": { "custom_model_data": 19}, "model": "zelda/framed/blessing/18"},
    { "predicate": { "custom_model_data": 20}, "model": "zelda/framed/blessing/19"},
    { "predicate": { "custom_model_data": 21}, "model": "zelda/framed/blessing/20"},
    { "predicate": { "custom_model_data": 22}, "model": "zelda/framed/blessing/21"},
    { "predicate": { "custom_model_data": 23}, "model": "zelda/framed/blessing/22"},
    { "predicate": { "custom_model_data": 24}, "model": "zelda/framed/blessing/23"},
    { "predicate": { "custom_model_data": 25}, "model": "zelda/framed/blessing/24"},
    { "predicate": { "custom_model_data": 26}, "model": "zelda/framed/blessing/25"},
    { "predicate": { "custom_model_data": 27}, "model": "zelda/framed/blessing/26"},
    { "predicate": { "custom_model_data": 28}, "model": "zelda/framed/blessing/27"},
    { "predicate": { "custom_model_data": 29}, "model": "zelda/framed/blessing/28"},
    { "predicate": { "custom_model_data": 30}, "model": "zelda/framed/blessing/29"},
    { "predicate": { "custom_model_data": 31}, "model": "zelda/framed/blessing/30"},
    { "predicate": { "custom_model_data": 32}, "model": "zelda/framed/blessing/31"},
    { "predicate": { "custom_model_data": 33}, "model": "zelda/framed/blessing/32"},
    { "predicate": { "custom_model_data": 34}, "model": "zelda/framed/blessing/33"},
    { "predicate": { "custom_model_data": 35}, "model": "zelda/framed/blessing/34"},
    { "predicate": { "custom_model_data": 36}, "model": "zelda/framed/blessing/35"}

	
	]
}
