{
    "parent": "item/handheld",
    "textures": {
        "layer0": "item/diamond"
    },
	
	"overrides": [
    { "predicate": { "custom_model_data": 1}, "model": "zelda/framed/gr_map"},
    { "predicate": { "custom_model_data": 2}, "model": "zelda/framed/ic_map"},
    { "predicate": { "custom_model_data": 3}, "model": "zelda/framed/mt_map"},
    { "predicate": { "custom_model_data": 4}, "model": "zelda/framed/is_map"},
    { "predicate": { "custom_model_data": 5}, "model": "zelda/framed/future_2"},
    { "predicate": { "custom_model_data": 6}, "model": "zelda/framed/future_3"},
    { "predicate": { "custom_model_data": 7}, "model": "zelda/framed/arrow"},
    { "predicate": { "custom_model_data": 8}, "model": "zelda/framed/arrow_bundle"},
    { "predicate": { "custom_model_data": 9}, "model": "zelda/framed/mt_locked"},
    { "predicate": { "custom_model_data": 10}, "model": "zelda/framed/sign_1"},
    { "predicate": { "custom_model_data": 11}, "model": "zelda/framed/sign_2"},
    { "predicate": { "custom_model_data": 12}, "model": "zelda/framed/sign_3"},
    { "predicate": { "custom_model_data": 13}, "model": "zelda/blocks/crate"},
    { "predicate": { "custom_model_data": 14}, "model": "zelda/mobs/link_hat_green"},
    { "predicate": { "custom_model_data": 15}, "model": "zelda/mobs/link_hat_red"},
    { "predicate": { "custom_model_data": 16}, "model": "zelda/mobs/link_hat_blue"},
    { "predicate": { "custom_model_data": 17}, "model": "zelda/warship/warship"},
    { "predicate": { "custom_model_data": 18}, "model": "zelda/warship/warship_turret"},
    { "predicate": { "custom_model_data": 19}, "model": "zelda/warship/warship_cannon"},
    { "predicate": { "custom_model_data": 20}, "model": "zelda/mobs/owl"},
    { "predicate": { "custom_model_data": 27}, "model": "zelda/swords/master_beam"},
    { "predicate": { "custom_model_data": 28}, "model": "zelda/warship/warship_turret"},
    { "predicate": { "custom_model_data": 29}, "model": "zelda/bombs/bomb"},
    { "predicate": { "custom_model_data": 6370001}, "model": "zelda/mobs/guardian/head"},
    { "predicate": { "custom_model_data": 6370002}, "model": "zelda/mobs/guardian/base"},
    { "predicate": { "custom_model_data": 6370003}, "model": "zelda/mobs/guardian/laser"},
    { "predicate": { "custom_model_data": 6370004}, "model": "zelda/mobs/guardian/base_on"},
    { "predicate": { "custom_model_data": 6370005}, "model": "zelda/mobs/guardian/head_on"},
    { "predicate": { "custom_model_data": 6370006}, "model": "zelda/mobs/guardian/leg"}

	
	]
}
