{
    "parent": "item/handheld",
    "textures": {
        "layer0": "item/phantom_membrane"
    },
	"overrides": 
	[
                { "predicate": { "custom_model_data": 6370001}, "model":  "keese/1"},
                { "predicate": { "custom_model_data": 6370002}, "model":  "stalfos/stalfos_skull"},
				{ "predicate": { "custom_model_data": 6370003}, "model":  "stalfos/stalfos_full"},
				{ "predicate": { "custom_model_data": 6370004}, "model": "stalfos/stalfos_broken"},
				{ "predicate": { "custom_model_data": 6370005}, "model": "stalfos/stalfos_broken1"},
				{ "predicate": { "custom_model_data": 6370006}, "model": "stalfos/stalfos_broken2"},
				{ "predicate": { "custom_model_data": 6370007}, "model": "stalfos/stalfos_broken3"},
				{ "predicate": { "custom_model_data": 6370008}, "model": "stalfos/stalfos_broken4"},
                { "predicate": { "custom_model_data": 6370009}, "model": "stalfos/stalfos_broken5"},
                { "predicate": { "custom_model_data": 6370010}, "model": "zelda/mobs/red_bb_head"},
				{ "predicate": { "custom_model_data": 6370011}, "model": "zelda/mobs/blue_bb_head"},
				{ "predicate": { "custom_model_data": 6370012}, "model": "zelda/mobs/black_bb_head"},
				{ "predicate": { "custom_model_data": 6370013}, "model": "zelda/mobs/white_bb_head"},
				{ "predicate": { "custom_model_data": 6370014}, "model": "zelda/mobs/gold_bb_head"},
				{ "predicate": { "custom_model_data": 6370015}, "model": "zelda/mobs/boko_club"},
				{ "predicate": { "custom_model_data": 6370016}, "model": "zelda/mobs/ordon"}
	]
	
}