{
	"__comment": "Designed by HanFox with Cubik - http://bdcraft.net",
	"parent": "block/block",
	"textures": {
		"particle": "blocks/planks_acacia",
		"post": "blocks/_bdc/fence_gate_02",
		"top": "blocks/_bdc/fence_crossbar_01"
	},
	"elements": [
		{
			"__comment": "Inner vertical post of left-hand gate door",
			"from": [ 0, 6, 1 ],
			"to": [ 2, 15, 3 ],
			"faces": {
				"down": { "uv": [ 12, 12, 16, 16 ], "texture": "#top" },
				"up": { "uv": [ 12, 12, 16, 16 ], "texture": "#top" },
				"north": { "uv": [ 12, 1, 14, 10 ], "texture": "#post" },
				"south": { "uv": [ 12, 7, 14, 16 ], "texture": "#post" },
				"west": { "uv": [ 12, 1.5, 14, 10.5 ], "texture": "#post" },
				"east": { "uv": [ 12, 4, 14, 13 ], "texture": "#post" }
			}
		},
		{
			"__comment": "Inner vertical post of right-hand gate door",
			"from": [ 14, 6, 1 ],
			"to": [ 16, 15, 3 ],
			"faces": {
				"down": { "uv": [ 12, 12, 16, 16 ], "texture": "#top" },
				"up": { "uv": [ 12, 12, 16, 16 ], "texture": "#top" },
				"north": { "uv": [ 12, 7, 14, 16 ], "texture": "#post" },
				"south": { "uv": [ 12, 5, 14, 14 ], "texture": "#post" },
				"west": { "uv": [ 12, 0, 14, 9 ], "texture": "#post" },
				"east": { "uv": [ 12, 2.5, 14, 11.5 ], "texture": "#post" }
			}
		},
		{
			"__comment": "Upper horizontal bar of right-hand gate door",
			"from": [ 14, 12, 3 ],
			"to": [ 16, 15, 7 ],
			"faces": {
				"down": { "uv": [ 6, 6, 8, 8 ], "texture": "#top" },
				"up": { "uv": [ 6, 6, 8, 8 ], "texture": "#top" },
				"west": { "uv": [ 4, 0, 8, 3 ], "texture": "#post" },
				"east": { "uv": [ 4, 0, 8, 3 ], "texture": "#post" }
			}
		},
		{
			"__comment": "Upper horizontal bar of left-hand gate door",
			"from": [ 0, 12, 3 ],
			"to": [ 2, 15, 7 ],
			"faces": {
				"down": { "uv": [ 6, 6, 8, 8 ], "texture": "#top" },
				"up": { "uv": [ 6, 6, 8, 8 ], "texture": "#top" },
				"west": { "uv": [ 8, 0, 4, 3 ], "texture": "#post" },
				"east": { "uv": [ 8, 0, 4, 3 ], "texture": "#post" }
			}
		},
		{
			"__comment": "Lower horizontal bar of right-hand gate door",
			"from": [ 14, 7, 3 ],
			"to": [ 16, 10, 7 ],
			"faces": {
				"down": { "uv": [ 6, 6, 8, 8 ], "texture": "#top" },
				"up": { "uv": [ 6, 6, 8, 8 ], "texture": "#top" },
				"west": { "uv": [ 4, 3, 8, 6 ], "texture": "#post" },
				"east": { "uv": [ 4, 3, 8, 6 ], "texture": "#post" }
			}
		},
		{
			"__comment": "Lower horizontal bar of left-hand gate door",
			"from": [ 0, 7, 3 ],
			"to": [ 2, 10, 7 ],
			"faces": {
				"down": { "uv": [ 6, 6, 8, 8 ], "texture": "#top" },
				"up": { "uv": [ 6, 6, 8, 8 ], "texture": "#top" },
				"west": { "uv": [ 4, 3, 8, 6 ], "texture": "#post" },
				"east": { "uv": [ 4, 3, 8, 6 ], "texture": "#post" }
			}
		}
	]
}
