{
	"__comment": "Designed by HanFox with Cubik - http://bdcraft.net",
	"parent": "block/block",
	"textures": {
		"particle": "blocks/planks_acacia",
		"post": "blocks/_bdc/fence_gate_02",
		"top": "blocks/_bdc/fence_crossbar_01"
	},
	"elements": [
		{
			"__comment": "Inner vertical post of left-hand gate door",
			"from": [ 6, 6, 7 ],
			"to": [ 8, 15, 9 ],
			"faces": {
				"down": { "uv": [ 12, 12, 16, 16 ], "texture": "#top" },
				"up": { "uv": [ 12, 12, 16, 16 ], "texture": "#top" },
				"north": { "uv": [ 12, 1.5, 14, 10.5 ], "texture": "#post" },
				"south": { "uv": [ 12, 5, 14, 14 ], "texture": "#post" },
				"west": { "uv": [ 12, 0, 14, 9 ], "texture": "#post" },
				"east": { "uv": [ 12, 7, 14, 16 ], "texture": "#post" }
			}
		},
		{
			"__comment": "Inner vertical post of right-hand gate door",
			"from": [ 8, 6, 7 ],
			"to": [ 10, 15, 9 ],
			"faces": {
				"down": { "uv": [ 12, 12, 16, 16 ], "texture": "#top" },
				"up": { "uv": [ 12, 12, 16, 16 ], "texture": "#top" },
				"north": { "uv": [ 12, 0, 14, 9 ], "texture": "#post" },
				"south": { "uv": [ 12, 7, 14, 16 ], "texture": "#post" },
				"west": { "uv": [ 12, 2, 14, 11 ], "texture": "#post" },
				"east": { "uv": [ 12, 3.5, 14, 12.5 ], "texture": "#post" }
			}
		},
		{
			"__comment": "Upper horizontal bar of left-hand gate door",
			"from": [ 2, 12, 7 ],
			"to": [ 6, 15, 9 ],
			"faces": {
				"down": { "uv": [ 8, 6, 6, 8 ], "texture": "#top", "rotation": 270 },
				"up": { "uv": [ 8, 6, 6, 8 ], "texture": "#top", "rotation": 270 },
				"north": { "uv": [ 4, 0, 8, 3 ], "texture": "#post" },
				"south": { "uv": [ 4, 3, 8, 6 ], "texture": "#post" }
			}
		},
		{
			"__comment": "Lower horizontal bar of left-hand gate door",
			"from": [ 2, 7, 7 ],
			"to": [ 6, 10, 9 ],
			"faces": {
				"down": { "uv": [ 8, 6, 6, 8 ], "texture": "#top", "rotation": 270 },
				"up": { "uv": [ 8, 6, 6, 8 ], "texture": "#top", "rotation": 270 },
				"north": { "uv": [ 8, 0, 4, 3 ], "texture": "#post" },
				"south": { "uv": [ 8, 3, 4, 6 ], "texture": "#post" }
			}
		},
		{
			"__comment": "Upper horizontal bar of right-hand gate door",
			"from": [ 10, 12, 7 ],
			"to": [ 14, 15, 9 ],
			"faces": {
				"down": { "uv": [ 8, 6, 6, 8 ], "texture": "#top", "rotation": 270 },
				"up": { "uv": [ 8, 6, 6, 8 ], "texture": "#top", "rotation": 270 },
				"north": { "uv": [ 8, 3, 4, 6 ], "texture": "#post" },
				"south": { "uv": [ 4, 0, 8, 3 ], "texture": "#post" }
			}
		},
		{
			"__comment": "Lower horizontal bar of right-hand gate door",
			"from": [ 10, 7, 7 ],
			"to": [ 14, 10, 9 ],
			"faces": {
				"down": { "uv": [ 8, 6, 6, 8 ], "texture": "#top", "rotation": 270 },
				"up": { "uv": [ 8, 6, 6, 8 ], "texture": "#top", "rotation": 270 },
				"north": { "uv": [ 4, 3, 8, 6 ], "texture": "#post" },
				"south": { "uv": [ 8, 0, 4, 3 ], "texture": "#post" }
			}
		}
	]
}
