{
	"credit": "Made with Blockbench",
	"textures": {
		"0": "zelda/shield/hylian_shield_front",
		"1": "zelda/shield/light_gray_concrete",
		"2": "zelda/shield/hylian_shield_back",
		"3": "zelda/shield/light_gray_concrete",
		"4": "zelda/shield/acacia_planks",
		"particle": "zelda/shield/hylian_shield_front"
	},
	"elements": [
		{
			"from": [13.4, 5.225, 0],
			"to": [14.625, 6.475, 1.5],
			"rotation": {"angle": -45, "axis": "z", "origin": [13.5, 8.25, 1]},
			"faces": {
				"north": {"uv": [0, 0, 1.25, 1.225], "rotation": 90, "texture": "#1"},
				"east": {"uv": [0, 0, 1.5, 1.25], "rotation": 180, "texture": "#1"},
				"south": {"uv": [0, 0, 1.25, 1.225], "rotation": 270, "texture": "#1"},
				"west": {"uv": [0, 0, 1.5, 1.25], "texture": "#1"},
				"up": {"uv": [0, 0, 1.5, 1.225], "rotation": 270, "texture": "#1"},
				"down": {"uv": [0, 0, 1.5, 1.225], "rotation": 270, "texture": "#1"}
			}
		},
		{
			"from": [8.3, 0.35, 0],
			"to": [9.4, 2.525, 1.5],
			"rotation": {"angle": 22.5, "axis": "z", "origin": [8, 1.75, 1]},
			"faces": {
				"north": {"uv": [0, 0, 1.1, 2.175], "texture": "#1"},
				"east": {"uv": [0, 0, 1.5, 2.175], "texture": "#1"},
				"south": {"uv": [0, 0, 1.1, 2.175], "texture": "#1"},
				"west": {"uv": [0, 0, 1.5, 2.175], "texture": "#1"},
				"up": {"uv": [0, 0, 1.5, 1.1], "rotation": 90, "texture": "#1"},
				"down": {"uv": [0, 0, 1.5, 1.1], "rotation": 270, "texture": "#1"}
			}
		},
		{
			"from": [7.675, 0.275, 0],
			"to": [9, 3.025, 1.5],
			"faces": {
				"north": {"uv": [0, 0, 1.325, 2.75], "texture": "#1"},
				"east": {"uv": [0, 0, 1.5, 2.75], "texture": "#1"},
				"south": {"uv": [0, 0, 1.325, 2.75], "texture": "#1"},
				"west": {"uv": [0, 0, 1.5, 2.75], "texture": "#1"},
				"up": {"uv": [0, 0, 1.5, 1.325], "rotation": 90, "texture": "#1"},
				"down": {"uv": [0, 0, 1.5, 1.325], "rotation": 270, "texture": "#1"}
			}
		},
		{
			"from": [2.775, 1.275, 0],
			"to": [4.375, 2.275, 1.5],
			"rotation": {"angle": 22.5, "axis": "z", "origin": [9, 13.75, 8.5]},
			"faces": {
				"north": {"uv": [0, 0, 1, 1.6], "rotation": 90, "texture": "#1"},
				"east": {"uv": [0, 0, 1.5, 1], "rotation": 180, "texture": "#1"},
				"south": {"uv": [0, 0, 1, 1.6], "rotation": 270, "texture": "#1"},
				"west": {"uv": [0, 0, 1.5, 1], "texture": "#1"},
				"up": {"uv": [0, 0, 1.5, 1.6], "rotation": 270, "texture": "#1"},
				"down": {"uv": [0, 0, 1.5, 1.6], "rotation": 270, "texture": "#1"}
			}
		},
		{
			"from": [10.225, -2.175, 0],
			"to": [11.225, 1.825, 1.5],
			"rotation": {"angle": -45, "axis": "z", "origin": [13.5, 1.25, 1]},
			"faces": {
				"north": {"uv": [0, 0, 4, 1], "rotation": 90, "texture": "#1"},
				"east": {"uv": [0, 0, 1.5, 4], "rotation": 180, "texture": "#1"},
				"south": {"uv": [0, 0, 4, 1], "rotation": 270, "texture": "#1"},
				"west": {"uv": [0, 0, 1.5, 4], "texture": "#1"},
				"up": {"uv": [0, 0, 1.5, 1], "rotation": 270, "texture": "#1"},
				"down": {"uv": [0, 0, 1.5, 1], "rotation": 270, "texture": "#1"}
			}
		},
		{
			"from": [11, 0.75, 0],
			"to": [12, 7.75, 1.5],
			"rotation": {"angle": -22.5, "axis": "z", "origin": [18.5, 1.25, 1]},
			"faces": {
				"north": {"uv": [0, 0, 7, 1], "rotation": 90, "texture": "#1"},
				"east": {"uv": [0, 0, 1.5, 7], "rotation": 180, "texture": "#1"},
				"south": {"uv": [0, 0, 7, 1], "rotation": 270, "texture": "#1"},
				"west": {"uv": [0, 0, 1.5, 7], "texture": "#1"},
				"up": {"uv": [0, 0, 1.5, 1], "rotation": 270, "texture": "#1"},
				"down": {"uv": [0, 0, 1.5, 1], "rotation": 270, "texture": "#1"}
			}
		},
		{
			"from": [14, 9.75, 0],
			"to": [15, 13.75, 1.5],
			"faces": {
				"north": {"uv": [0, 0, 1, 4], "texture": "#1"},
				"east": {"uv": [0, 0, 1.5, 4], "texture": "#1"},
				"south": {"uv": [0, 0, 1, 4], "texture": "#1"},
				"west": {"uv": [0, 0, 1.5, 4], "texture": "#1"},
				"up": {"uv": [0, 0, 1.5, 1], "rotation": 90, "texture": "#1"},
				"down": {"uv": [0, 0, 1.5, 1], "rotation": 270, "texture": "#1"}
			}
		},
		{
			"from": [7.775, 10.9, 0],
			"to": [11.6, 11.9, 1.5],
			"rotation": {"angle": -45, "axis": "z", "origin": [15.5, 14.75, 2]},
			"faces": {
				"north": {"uv": [0, 0, 1, 3.825], "rotation": 90, "texture": "#1"},
				"east": {"uv": [0, 0, 1.5, 1], "rotation": 180, "texture": "#1"},
				"south": {"uv": [0, 0, 1, 3.825], "rotation": 270, "texture": "#1"},
				"west": {"uv": [0, 0, 1.5, 1], "texture": "#1"},
				"up": {"uv": [0, 0, 1.5, 3.825], "rotation": 270, "texture": "#1"},
				"down": {"uv": [0, 0, 1.5, 3.825], "rotation": 270, "texture": "#1"}
			}
		},
		{
			"from": [10.35, 12.65, 0],
			"to": [15.35, 13.65, 1.5],
			"rotation": {"angle": -22.5, "axis": "z", "origin": [15.5, 14.75, 2]},
			"faces": {
				"north": {"uv": [0, 0, 1, 5], "rotation": 90, "texture": "#1"},
				"east": {"uv": [0, 0, 1.5, 1], "rotation": 180, "texture": "#1"},
				"south": {"uv": [0, 0, 1, 5], "rotation": 270, "texture": "#1"},
				"west": {"uv": [0, 0, 1.5, 1], "texture": "#1"},
				"up": {"uv": [0, 0, 1.5, 5], "rotation": 270, "texture": "#1"},
				"down": {"uv": [0, 0, 1.5, 5], "rotation": 270, "texture": "#1"}
			}
		},
		{
			"from": [12.5, 12.55, 0],
			"to": [14.25, 13.8, 1.5],
			"rotation": {"angle": 45, "axis": "z", "origin": [13.5, 13.25, 1]},
			"faces": {
				"north": {"uv": [0, 0, 1.75, 1.25], "texture": "#1"},
				"east": {"uv": [0, 0, 1.5, 1.25], "texture": "#1"},
				"south": {"uv": [0, 0, 1.75, 1.25], "texture": "#1"},
				"west": {"uv": [0, 0, 1.5, 1.25], "texture": "#1"},
				"up": {"uv": [0, 0, 1.5, 1.75], "rotation": 90, "texture": "#1"},
				"down": {"uv": [0, 0, 1.5, 1.75], "rotation": 270, "texture": "#1"}
			}
		},
		{
			"from": [12.25, 5.5, 0],
			"to": [13.25, 6.75, 1.5],
			"rotation": {"angle": -22.5, "axis": "z", "origin": [13.5, 8.25, 1]},
			"faces": {
				"north": {"uv": [0, 0, 1.25, 1], "rotation": 90, "texture": "#1"},
				"east": {"uv": [0, 0, 1.5, 1.25], "rotation": 180, "texture": "#1"},
				"south": {"uv": [0, 0, 1.25, 1], "rotation": 270, "texture": "#1"},
				"west": {"uv": [0, 0, 1.5, 1.25], "texture": "#1"},
				"up": {"uv": [0, 0, 1.5, 1], "rotation": 270, "texture": "#1"},
				"down": {"uv": [0, 0, 1.5, 1], "rotation": 270, "texture": "#1"}
			}
		},
		{
			"from": [5.25, 12, 0],
			"to": [7.25, 13.75, 1.5],
			"rotation": {"angle": -22.5, "axis": "z", "origin": [13.5, 8.25, 1]},
			"faces": {
				"north": {"uv": [0, 0, 1.75, 2], "rotation": 90, "texture": "#1"},
				"east": {"uv": [0, 0, 1.5, 1.75], "rotation": 180, "texture": "#1"},
				"south": {"uv": [0, 0, 1.75, 2], "rotation": 270, "texture": "#1"},
				"west": {"uv": [0, 0, 1.5, 1.75], "texture": "#1"},
				"up": {"uv": [0, 0, 1.5, 2], "rotation": 270, "texture": "#1"},
				"down": {"uv": [0, 0, 1.5, 2], "rotation": 270, "texture": "#1"}
			}
		},
		{
			"from": [7.2, 14.15, 0],
			"to": [9.2, 16.9, 1.5],
			"faces": {
				"north": {"uv": [0, 0, 2, 2.75], "texture": "#1"},
				"east": {"uv": [0, 0, 1.5, 2.75], "texture": "#1"},
				"south": {"uv": [0, 0, 2, 2.75], "texture": "#1"},
				"west": {"uv": [0, 0, 1.5, 2.75], "texture": "#1"},
				"up": {"uv": [0, 0, 1.5, 2], "rotation": 90, "texture": "#1"},
				"down": {"uv": [0, 0, 1.5, 2], "rotation": 270, "texture": "#1"}
			}
		},
		{
			"from": [13, 11.75, 0],
			"to": [15, 13, 1.5],
			"rotation": {"angle": -22.5, "axis": "z", "origin": [13.5, 13.25, 1]},
			"faces": {
				"north": {"uv": [0, 0, 2, 1.25], "texture": "#1"},
				"east": {"uv": [0, 0, 1.5, 1.25], "texture": "#1"},
				"south": {"uv": [0, 0, 2, 1.25], "texture": "#1"},
				"west": {"uv": [0, 0, 1.5, 1.25], "texture": "#1"},
				"up": {"uv": [0, 0, 1.5, 2], "rotation": 90, "texture": "#1"},
				"down": {"uv": [0, 0, 1.5, 2], "rotation": 270, "texture": "#1"}
			}
		},
		{
			"from": [12.4, 12.075, 0],
			"to": [14.45, 12.925, 1.5],
			"faces": {
				"north": {"uv": [0, 0, 2.05, 0.85], "texture": "#1"},
				"east": {"uv": [0, 0, 1.5, 0.85], "texture": "#1"},
				"south": {"uv": [0, 0, 2.05, 0.85], "texture": "#1"},
				"west": {"uv": [0, 0, 1.5, 0.85], "texture": "#1"},
				"up": {"uv": [0, 0, 1.5, 2.05], "rotation": 90, "texture": "#1"},
				"down": {"uv": [0, 0, 1.5, 2.05], "rotation": 270, "texture": "#1"}
			}
		},
		{
			"from": [11.775, 6.35, 0],
			"to": [13.025, 7.35, 1.5],
			"faces": {
				"north": {"uv": [0, 0, 1.25, 1], "rotation": 180, "texture": "#1"},
				"east": {"uv": [0, 0, 1.5, 1], "rotation": 180, "texture": "#1"},
				"south": {"uv": [0, 0, 1.25, 1], "rotation": 180, "texture": "#1"},
				"west": {"uv": [0, 0, 1.5, 1], "rotation": 180, "texture": "#1"},
				"up": {"uv": [0, 0, 1.5, 1.25], "rotation": 90, "texture": "#1"},
				"down": {"uv": [0, 0, 1.5, 1.25], "rotation": 270, "texture": "#1"}
			}
		},
		{
			"from": [1.375, 5.225, 0],
			"to": [2.6, 6.475, 1.5],
			"rotation": {"angle": 45, "axis": "z", "origin": [2.5, 8.25, 1]},
			"faces": {
				"north": {"uv": [0, 1.225, 1.25, 2.45], "rotation": 90, "texture": "#1"},
				"east": {"uv": [1.5, 0, 3, 1.25], "texture": "#1"},
				"south": {"uv": [0, 1.225, 1.25, 2.45], "rotation": 270, "texture": "#1"},
				"west": {"uv": [1.5, 0, 3, 1.25], "rotation": 180, "texture": "#1"},
				"up": {"uv": [0, 1.225, 1.5, 2.45], "rotation": 270, "texture": "#1"},
				"down": {"uv": [0, 1.225, 1.5, 2.45], "rotation": 270, "texture": "#1"}
			}
		},
		{
			"from": [6.6, 0.35, 0],
			"to": [7.7, 2.525, 1.5],
			"rotation": {"angle": -22.5, "axis": "z", "origin": [8, 1.75, 1]},
			"faces": {
				"north": {"uv": [1.1, 0, 2.2, 2.175], "texture": "#1"},
				"east": {"uv": [1.5, 0, 3, 2.175], "texture": "#1"},
				"south": {"uv": [1.1, 0, 2.2, 2.175], "texture": "#1"},
				"west": {"uv": [1.5, 0, 3, 2.175], "texture": "#1"},
				"up": {"uv": [0, 1.1, 1.5, 2.2], "rotation": 90, "texture": "#1"},
				"down": {"uv": [0, 1.1, 1.5, 2.2], "rotation": 270, "texture": "#1"}
			}
		},
		{
			"from": [7, 0.275, 0],
			"to": [8.325, 3.025, 1.5],
			"faces": {
				"north": {"uv": [1.325, 0, 2.65, 2.75], "texture": "#1"},
				"east": {"uv": [1.5, 0, 3, 2.75], "texture": "#1"},
				"south": {"uv": [1.325, 0, 2.65, 2.75], "texture": "#1"},
				"west": {"uv": [1.5, 0, 3, 2.75], "texture": "#1"},
				"up": {"uv": [0, 1.325, 1.5, 2.65], "rotation": 90, "texture": "#1"},
				"down": {"uv": [0, 1.325, 1.5, 2.65], "rotation": 270, "texture": "#1"}
			}
		},
		{
			"from": [11.625, 1.275, 0],
			"to": [13.225, 2.275, 1.5],
			"rotation": {"angle": -22.5, "axis": "z", "origin": [7, 13.75, 8.5]},
			"faces": {
				"north": {"uv": [0, 1.6, 1, 3.2], "rotation": 90, "texture": "#1"},
				"east": {"uv": [1.5, 0, 3, 1], "texture": "#1"},
				"south": {"uv": [0, 1.6, 1, 3.2], "rotation": 270, "texture": "#1"},
				"west": {"uv": [1.5, 0, 3, 1], "rotation": 180, "texture": "#1"},
				"up": {"uv": [0, 1.6, 1.5, 3.2], "rotation": 270, "texture": "#1"},
				"down": {"uv": [0, 1.6, 1.5, 3.2], "rotation": 270, "texture": "#1"}
			}
		},
		{
			"from": [4.775, -2.175, 0],
			"to": [5.775, 1.825, 1.5],
			"rotation": {"angle": 45, "axis": "z", "origin": [2.5, 1.25, 1]},
			"faces": {
				"north": {"uv": [0, 1, 4, 2], "rotation": 90, "texture": "#1"},
				"east": {"uv": [1.5, 0, 3, 4], "texture": "#1"},
				"south": {"uv": [0, 1, 4, 2], "rotation": 270, "texture": "#1"},
				"west": {"uv": [1.5, 0, 3, 4], "rotation": 180, "texture": "#1"},
				"up": {"uv": [0, 1, 1.5, 2], "rotation": 270, "texture": "#1"},
				"down": {"uv": [0, 1, 1.5, 2], "rotation": 270, "texture": "#1"}
			}
		},
		{
			"from": [4, 0.75, 0],
			"to": [5, 7.75, 1.5],
			"rotation": {"angle": 22.5, "axis": "z", "origin": [-2.5, 1.25, 1]},
			"faces": {
				"north": {"uv": [0, 1, 7, 2], "rotation": 90, "texture": "#1"},
				"east": {"uv": [1.5, 0, 3, 7], "texture": "#1"},
				"south": {"uv": [0, 1, 7, 2], "rotation": 270, "texture": "#1"},
				"west": {"uv": [1.5, 0, 3, 7], "rotation": 180, "texture": "#1"},
				"up": {"uv": [0, 1, 1.5, 2], "rotation": 270, "texture": "#1"},
				"down": {"uv": [0, 1, 1.5, 2], "rotation": 270, "texture": "#1"}
			}
		},
		{
			"from": [1, 9.75, 0],
			"to": [2, 13.75, 1.5],
			"faces": {
				"north": {"uv": [1, 0, 2, 4], "texture": "#1"},
				"east": {"uv": [1.5, 0, 3, 4], "texture": "#1"},
				"south": {"uv": [1, 0, 2, 4], "texture": "#1"},
				"west": {"uv": [1.5, 0, 3, 4], "texture": "#1"},
				"up": {"uv": [0, 1, 1.5, 2], "rotation": 90, "texture": "#1"},
				"down": {"uv": [0, 1, 1.5, 2], "rotation": 270, "texture": "#1"}
			}
		},
		{
			"from": [4.4, 10.9, 0],
			"to": [8.225, 11.9, 1.5],
			"rotation": {"angle": 45, "axis": "z", "origin": [0.5, 14.75, 2]},
			"faces": {
				"north": {"uv": [0, 3.825, 1, 7.65], "rotation": 90, "texture": "#1"},
				"east": {"uv": [1.5, 0, 3, 1], "texture": "#1"},
				"south": {"uv": [0, 3.825, 1, 7.65], "rotation": 270, "texture": "#1"},
				"west": {"uv": [1.5, 0, 3, 1], "rotation": 180, "texture": "#1"},
				"up": {"uv": [0, 3.825, 1.5, 7.65], "rotation": 270, "texture": "#1"},
				"down": {"uv": [0, 3.825, 1.5, 7.65], "rotation": 270, "texture": "#1"}
			}
		},
		{
			"from": [0.65, 12.65, 0],
			"to": [5.65, 13.65, 1.5],
			"rotation": {"angle": 22.5, "axis": "z", "origin": [0.5, 14.75, 2]},
			"faces": {
				"north": {"uv": [0, 5, 1, 10], "rotation": 90, "texture": "#1"},
				"east": {"uv": [1.5, 0, 3, 1], "texture": "#1"},
				"south": {"uv": [0, 5, 1, 10], "rotation": 270, "texture": "#1"},
				"west": {"uv": [1.5, 0, 3, 1], "rotation": 180, "texture": "#1"},
				"up": {"uv": [0, 5, 1.5, 10], "rotation": 270, "texture": "#1"},
				"down": {"uv": [0, 5, 1.5, 10], "rotation": 270, "texture": "#1"}
			}
		},
		{
			"from": [2, 12.55, 0],
			"to": [3.5, 13.8, 1.5],
			"rotation": {"angle": -45, "axis": "z", "origin": [2.5, 13.25, 1]},
			"faces": {
				"north": {"uv": [2, 0, 3.5, 1.25], "texture": "#1"},
				"east": {"uv": [1.5, 0, 3, 1.25], "texture": "#1"},
				"south": {"uv": [2, 0, 3.5, 1.25], "texture": "#1"},
				"west": {"uv": [1.5, 0, 3, 1.25], "texture": "#1"},
				"up": {"uv": [0, 2, 1.5, 3.5], "rotation": 90, "texture": "#1"},
				"down": {"uv": [0, 2, 1.5, 3.5], "rotation": 270, "texture": "#1"}
			}
		},
		{
			"from": [2.75, 5.5, 0],
			"to": [3.75, 6.75, 1.5],
			"rotation": {"angle": 22.5, "axis": "z", "origin": [2.5, 8.25, 1]},
			"faces": {
				"north": {"uv": [0, 1, 1.25, 2], "rotation": 90, "texture": "#1"},
				"east": {"uv": [1.5, 0, 3, 1.25], "texture": "#1"},
				"south": {"uv": [0, 1, 1.25, 2], "rotation": 270, "texture": "#1"},
				"west": {"uv": [1.5, 0, 3, 1.25], "rotation": 180, "texture": "#1"},
				"up": {"uv": [0, 1, 1.5, 2], "rotation": 270, "texture": "#1"},
				"down": {"uv": [0, 1, 1.5, 2], "rotation": 270, "texture": "#1"}
			}
		},
		{
			"from": [8.75, 12, 0],
			"to": [10.75, 13.75, 1.5],
			"rotation": {"angle": 22.5, "axis": "z", "origin": [2.5, 8.25, 1]},
			"faces": {
				"north": {"uv": [0, 2, 1.75, 4], "rotation": 90, "texture": "#1"},
				"east": {"uv": [1.5, 0, 3, 1.75], "texture": "#1"},
				"south": {"uv": [0, 2, 1.75, 4], "rotation": 270, "texture": "#1"},
				"west": {"uv": [1.5, 0, 3, 1.75], "rotation": 180, "texture": "#1"},
				"up": {"uv": [0, 2, 1.5, 4], "rotation": 270, "texture": "#1"},
				"down": {"uv": [0, 2, 1.5, 4], "rotation": 270, "texture": "#1"}
			}
		},
		{
			"from": [6.8, 14.15, 0],
			"to": [8.8, 16.9, 1.5],
			"faces": {
				"north": {"uv": [2, 0, 4, 2.75], "texture": "#1"},
				"east": {"uv": [1.5, 0, 3, 2.75], "texture": "#1"},
				"south": {"uv": [2, 0, 4, 2.75], "texture": "#1"},
				"west": {"uv": [1.5, 0, 3, 2.75], "texture": "#1"},
				"up": {"uv": [0, 2, 1.5, 4], "rotation": 90, "texture": "#1"},
				"down": {"uv": [0, 2, 1.5, 4], "rotation": 270, "texture": "#1"}
			}
		},
		{
			"from": [1, 11.75, 0],
			"to": [3, 13, 1.5],
			"rotation": {"angle": 22.5, "axis": "z", "origin": [2.5, 13.25, 1]},
			"faces": {
				"north": {"uv": [2, 0, 4, 1.25], "texture": "#1"},
				"east": {"uv": [1.5, 0, 3, 1.25], "texture": "#1"},
				"south": {"uv": [2, 0, 4, 1.25], "texture": "#1"},
				"west": {"uv": [1.5, 0, 3, 1.25], "texture": "#1"},
				"up": {"uv": [0, 2, 1.5, 4], "rotation": 90, "texture": "#1"},
				"down": {"uv": [0, 2, 1.5, 4], "rotation": 270, "texture": "#1"}
			}
		},
		{
			"from": [1.55, 12.075, 0],
			"to": [3.6, 12.925, 1.5],
			"faces": {
				"north": {"uv": [2.05, 0, 4.1, 0.85], "texture": "#1"},
				"east": {"uv": [1.5, 0, 3, 0.85], "texture": "#1"},
				"south": {"uv": [2.05, 0, 4.1, 0.85], "texture": "#1"},
				"west": {"uv": [1.5, 0, 3, 0.85], "texture": "#1"},
				"up": {"uv": [0, 2.05, 1.5, 4.1], "rotation": 90, "texture": "#1"},
				"down": {"uv": [0, 2.05, 1.5, 4.1], "rotation": 270, "texture": "#1"}
			}
		},
		{
			"from": [2.975, 6.35, 0],
			"to": [4.225, 7.35, 1.5],
			"faces": {
				"north": {"uv": [1.25, 0, 2.5, 1], "rotation": 180, "texture": "#1"},
				"east": {"uv": [1.5, 0, 3, 1], "rotation": 180, "texture": "#1"},
				"south": {"uv": [1.25, 0, 2.5, 1], "rotation": 180, "texture": "#1"},
				"west": {"uv": [1.5, 0, 3, 1], "rotation": 180, "texture": "#1"},
				"up": {"uv": [0, 1.25, 1.5, 2.5], "rotation": 90, "texture": "#1"},
				"down": {"uv": [0, 1.25, 1.5, 2.5], "rotation": 270, "texture": "#1"}
			}
		},
		{
			"name": "shield surface front",
			"from": [2, 1, 0.5],
			"to": [14, 16, 1.25],
			"faces": {
				"north": {"uv": [0, 0, 12, 15], "texture": "#0"},
				"south": {"uv": [0, 0, 11.999, 14.75], "texture": "#2"}
			}
		},
		{
			"from": [12, 8, 1],
			"to": [12.75, 8.75, 4],
			"faces": {
				"north": {"uv": [0, 0, 0.75, 0.75], "texture": "#3"},
				"east": {"uv": [0, 0, 3, 0.75], "texture": "#3"},
				"south": {"uv": [0, 0, 0.75, 0.75], "texture": "#3"},
				"west": {"uv": [0, 0, 3, 0.75], "texture": "#3"},
				"up": {"uv": [0, 0, 0.75, 3], "texture": "#3"},
				"down": {"uv": [0, 0, 0.75, 3], "texture": "#3"}
			}
		},
		{
			"from": [12, 8, 3.75],
			"to": [12.75, 13, 4.5],
			"faces": {
				"north": {"uv": [0, 0, 5, 0.75], "rotation": 90, "texture": "#3"},
				"east": {"uv": [0, 0, 0.75, 5], "rotation": 180, "texture": "#3"},
				"south": {"uv": [0, 0, 5, 0.75], "rotation": 270, "texture": "#3"},
				"west": {"uv": [0, 0, 0.75, 5], "texture": "#3"},
				"up": {"uv": [0, 0, 0.75, 0.75], "rotation": 270, "texture": "#3"},
				"down": {"uv": [0, 0, 0.75, 0.75], "rotation": 270, "texture": "#3"}
			}
		},
		{
			"from": [12, 12.25, 1],
			"to": [12.75, 13, 4],
			"faces": {
				"north": {"uv": [0, 0, 0.75, 0.75], "texture": "#3"},
				"east": {"uv": [0, 0, 3, 0.75], "texture": "#3"},
				"south": {"uv": [0, 0, 0.75, 0.75], "texture": "#3"},
				"west": {"uv": [0, 0, 3, 0.75], "texture": "#3"},
				"up": {"uv": [0, 0, 0.75, 3], "texture": "#3"},
				"down": {"uv": [0, 0, 0.75, 3], "texture": "#3"}
			}
		},
		{
			"from": [7.5, 14.5, 1],
			"to": [8.5, 15.5, 2],
			"faces": {
				"north": {"uv": [7, 7, 8, 8], "texture": "#4"},
				"east": {"uv": [0, 0, 1, 1], "texture": "#4"},
				"south": {"uv": [0, 0, 1, 1], "texture": "#4"},
				"west": {"uv": [0, 0, 1, 1], "texture": "#4"},
				"up": {"uv": [0, 0, 1, 1], "texture": "#4"},
				"down": {"uv": [0, 0, 1, 1], "texture": "#4"}
			}
		},
		{
			"from": [7.5, 6.5, 1],
			"to": [8.5, 7.5, 2],
			"faces": {
				"north": {"uv": [7, 7, 8, 8], "texture": "#4"},
				"east": {"uv": [0, 0, 1, 1], "texture": "#4"},
				"south": {"uv": [0, 0, 1, 1], "texture": "#4"},
				"west": {"uv": [0, 0, 1, 1], "texture": "#4"},
				"up": {"uv": [0, 0, 1, 1], "texture": "#4"},
				"down": {"uv": [0, 0, 1, 1], "texture": "#4"}
			}
		},
		{
			"from": [7.5, 7.5, 2.9],
			"to": [8.5, 11.75, 3.4],
			"rotation": {"angle": 45, "axis": "x", "origin": [8, 8.775, 2.15]},
			"faces": {
				"north": {"uv": [7, 7, 8, 8], "texture": "#4"},
				"east": {"uv": [0, 0, 0.5, 4.25], "texture": "#4"},
				"south": {"uv": [0, 0, 1, 4.25], "texture": "#4"},
				"west": {"uv": [0, 0, 0.5, 4.25], "texture": "#4"},
				"up": {"uv": [0, 0, 1, 0.5], "texture": "#4"},
				"down": {"uv": [0, 0, 1, 0.5], "texture": "#4"}
			}
		},
		{
			"from": [7.5, 9.05, 6.075],
			"to": [8.5, 13.3, 6.575],
			"rotation": {"angle": -45, "axis": "x", "origin": [8, 8.775, 2.075]},
			"faces": {
				"north": {"uv": [7, 7, 8, 8], "texture": "#4"},
				"east": {"uv": [0, 0, 0.5, 4.25], "texture": "#4"},
				"south": {"uv": [0, 0, 1, 4.25], "texture": "#4"},
				"west": {"uv": [0, 0, 0.5, 4.25], "texture": "#4"},
				"up": {"uv": [0, 0, 1, 0.5], "texture": "#4"},
				"down": {"uv": [0, 0, 1, 0.5], "texture": "#4"}
			}
		},
		{
			"from": [7.525, 9.95, 4.625],
			"to": [8.525, 12.175, 5.125],
			"faces": {
				"north": {"uv": [7, 7, 8, 8], "texture": "#4"},
				"east": {"uv": [0, 0, 0.5, 2.225], "texture": "#4"},
				"south": {"uv": [0, 0, 1, 2.225], "texture": "#4"},
				"west": {"uv": [0, 0, 0.5, 2.225], "texture": "#4"},
				"up": {"uv": [0, 0, 1, 0.5], "texture": "#4"},
				"down": {"uv": [0, 0, 1, 0.5], "texture": "#4"}
			}
		}
	],
	"display": {
		"thirdperson_righthand": {
			"rotation": [36, -44, 0],
			"translation": [-2.75, -1.5, 3]
		},
		"thirdperson_lefthand": {
			"rotation": [36, -44, 0],
			"translation": [-2.75, -1.5, 3]
		},
		"firstperson_righthand": {
			"rotation": [0, 0, 10],
			"translation": [-2, -2, 3],
			"scale": [1.25, 1.25, 1.25]
		},
		"firstperson_lefthand": {
			"rotation": [0, 0, 10],
			"translation": [-2, -2, 3],
			"scale": [1.25, 1.25, 1.25]
		},
		"ground": {
			"scale": [0.74, 0.74, 0.74]
		},
		"gui": {
			"rotation": [0, 180, 0],
			"translation": [0, -1, 0],
			"scale": [0.7, 0.7, 0.7]
		},
		"fixed": {
			"rotation": [0, 180, 0],
			"translation": [-2, 4, -5],
			"scale": [0.5, 0.5, 0.5]
		}
	},
	"groups": [
		{
			"name": "frame2",
			"children": [0, 1, 2, 3, 4, 5, 6, 7, 8, 9, 10, 11, 12, 13, 14, 15]
		},
		{
			"name": "frame3",
			"children": [16, 17, 18, 19, 20, 21, 22, 23, 24, 25, 26, 27, 28, 29, 30, 31]
		}, 32]
}