{
"zelda.castle_town": {"sounds": [{"name":"zelda/music/castle_town", "stream":true, "volume":0.03}]},
"zelda.battle": {"sounds": [{"name":"zelda/music/battle", "stream":true, "volume":0.003}]},
"zelda.shop": {"sounds": [{"name":"zelda/music/shop", "stream":true}]},
"zelda.end_credit": {"sounds": [{"name":"zelda/music/end_credit", "stream":true}]},
"zelda.warp_in": {"sounds": ["zelda/effects/warp_in"]},
"zelda.warp_out": {"sounds": ["zelda/effects/warp_out"]},
"zelda.get_heart": {"sounds": ["zelda/effects/get_heart"]},
"zelda.rupee_green": {"sounds": ["zelda/effects/rupee_green"]},
"zelda.rupee_blue": {"sounds": ["zelda/effects/rupee_blue"]},
"zelda.rupee_red": {"sounds": ["zelda/effects/rupee_red"]},
"zelda.rupee_yellow": {"sounds":["zelda/effects/rupee_yellow"]},
"zelda.bomb_drop": {"sounds":["zelda/effects/bomb_drop"]},
"zelda.stalfos_death": {"sounds":["zelda/effects/stalfos_death"]},
"zelda.electric": {"sounds":["zelda/effects/electric"]},
"zelda.remote_bomb": {"sounds":["zelda/effects/remote_bomb"]},
"zelda.remote_bomb_small": {"sounds":["zelda/effects/remote_bomb_small"]},
"zelda.rain": {"sounds":[{"name":"zelda/effects/rain", "volume":0.003}]},
"zelda.lava1": {"sounds":["zelda/effects/lava1"]},
"zelda.lava2": {"sounds":["zelda/effects/lava2"]},
"zelda.clear_wave": {"sounds":["zelda/effects/clear_wave"]},
"zelda.fanfare_small_item": {"sounds":["zelda/effects/fanfare_small_item"]},
"zelda.fanfare_item": {"sounds":["zelda/effects/fanfare_item"]},
"zelda.oot_warp_in": {"sounds":["zelda/effects/oot_warp_in"]},
"zelda.oot_warp_out": {"sounds":["zelda/effects/oot_warp_out"]},
"zelda.active_scanning": {"sounds":[{"name":"zelda/gaurdian/active_scanning", "volume":0.01}]},
"zelda.aquire_target": {"sounds":[{"name":"zelda/gaurdian/aquire_target", "volume":1}]},
"zelda.boot_light": {"sounds":[{"name":"zelda/gaurdian/boot_light", "volume":1}]},
"zelda.boot_up": {"sounds":[{"name":"zelda/gaurdian/boot_up", "volume":1}]},
"zelda.damaged": {"sounds":[{"name":"zelda/gaurdian/damaged", "volume":1}]},
"zelda.dying": {"sounds":[{"name":"zelda/gaurdian/dying", "volume":1}]},
"zelda.firing": {"sounds":[{"name":"zelda/gaurdian/firing", "volume":1}]},
"zelda.guardian_beam": {"sounds":[{"name":"zelda/gaurdian/guardian_beam", "volume":1}]},
"zelda.locking_1": {"sounds":[{"name":"zelda/gaurdian/locking_1", "volume":0.1}]},
"zelda.locking_2": {"sounds":[{"name":"zelda/gaurdian/locking_2", "volume":0.1}]},
"zelda.guardian_death": {"sounds":[{"name":"zelda/gaurdian/guardian_death", "volume":1}]},
"zelda.fairy_ambient1": {"sounds":[{"name":"zelda/effects/fairy_ambient1", "volume":1}]},
"zelda.fairy_ambient2": {"sounds":[{"name":"zelda/effects/fairy_ambient2", "volume":1}]},
"zelda.resurrect_start": {"sounds":[{"name":"zelda/effects/resurrect_start", "volume":1}]},
"zelda.resurrect": {"sounds":[{"name":"zelda/effects/resurrect", "volume":1}]},
"zelda.e_arrow_shoot": {"sounds":[{"name":"zelda/bow/e_arrow_shoot", "volume":1}]},
"zelda.botw_electric": {"sounds":["zelda/bow/electric1","zelda/bow/electric2","zelda/bow/electric3"]},
"zelda.f_arrow_hit": {"sounds":["zelda/bow/f_arrow_hit1","zelda/bow/f_arrow_hit2","zelda/bow/f_arrow_hit3","zelda/bow/f_arrow_hit4"]},
"zelda.f_arrow_shoot": {"sounds":[{"name":"zelda/bow/f_arrow_shoot", "volume":1}]},
"zelda.i_arrow_hit": {"sounds":[{"name":"zelda/bow/i_arrow_hit", "volume":1}]},
"zelda.i_arrow_shoot": {"sounds":[{"name":"zelda/bow/i_arrow_shoot", "volume":1}]},
"zelda.l_arrow_hit": {"sounds":[{"name":"zelda/bow/l_arrow_hit", "volume":1}]},
"zelda.l_arrow_shoot": {"sounds":[{"name":"zelda/bow/l_arrow_shoot", "volume":1}]},
"zelda.frozen_start": {"sounds":[{"name":"zelda/bow/frozen_start", "volume":1}]},
"zelda.frozen_end": {"sounds":[{"name":"zelda/bow/frozen_end", "volume":1}]},
"zelda.bokoblin_jump": {"sounds":["zelda/bokoblin/jump1","zelda/bokoblin/jump2","zelda/bokoblin/jump3"]},
"zelda.fire_rod": {"sounds":["zelda/effects/fire_rod"]},
"zelda.ice_rod": {"sounds":["zelda/effects/ice_rod"]},
"zelda.fanfare": {"sounds":[{"name":"zelda/effects/fanfare_item", "volume":0.5}]},
"zelda.target1": {"sounds":[{"name":"zelda/boomerang/target1", "volume":1.0}]},
"zelda.target2": {"sounds":[{"name":"zelda/boomerang/target2", "volume":1.0}]},
"zelda.target3": {"sounds":[{"name":"zelda/boomerang/target3", "volume":1.0}]},
"zelda.target4": {"sounds":[{"name":"zelda/boomerang/target4", "volume":1.0}]},
"zelda.target5": {"sounds":[{"name":"zelda/boomerang/target5", "volume":1.0}]},
"zelda.boomerang_fly": {"sounds":[{"name":"zelda/boomerang/boomerang_fly", "volume":0.5}]},
"zelda.boomerang_damage": {"sounds":[{"name":"zelda/boomerang/boomerang_damage", "volume":5.0}]},
"zelda.hookshot/hitwall": {"sounds":[{"name":"zelda/hookshot/hookshot_hitwall", "volume":1.0}]},
"zelda.hookshot/clank": {"sounds":["zelda/hookshot/hookshot_clank1","zelda/hookshot/hookshot_clank2","zelda/hookshot/hookshot_clank3"]},
"zelda.hookshot/hook": {"sounds":["zelda/hookshot/hookshot_hook1","zelda/hookshot/hookshot_hook2","zelda/hookshot/hookshot_hook3"]},
"zelda.hookshot/fire": {"sounds":[{"name":"zelda/hookshot/hookshot_fire", "volume":1.0}]},
"zelda.redead_scream": {"sounds":[{"name":"zelda/entities/redead_scream", "volume":1.0}]},
"zelda.master_beam": {"sounds":[{"name":"zelda/effects/master_beam", "volume":1.0}]}
}