{
	"credit": "Made with Blockbench",
	"textures": {
		"0": "zelda/framed/sign_1",
		"1": "zelda/framed/sign_back",
		"particle": "zelda/framed/sign_1"
	},
	"elements": [
		{
			"from": [-8, 4, 10],
			"to": [24, 20, 12],
			"faces": {
				"north": {"uv": [0, 7.99944, 15.99979, 15.99888], "texture": "#0"},
				"east": {"uv": [0, 7.99853, 0.99857, 15.99797], "texture": "#1"},
				"south": {"uv": [0, 7.99944, 15.99979, 15.99888], "texture": "#1"},
				"west": {"uv": [0, 7.9998, 0.99979, 15.9996], "texture": "#1"},
				"up": {"uv": [0, 14.99941, 15.99979, 15.99797], "texture": "#1"},
				"down": {"uv": [0, 14.99941, 15.99979, 15.99797], "texture": "#1"}
			}
		}
	],
	"display": {
		"fixed": {
			"scale": [4, 4, 4],
			"translation": [16, 0, 0]
		}
	}
}