{
	"credit": "Made with Blockbench",
	"ambientocclusion": false,
	"textures": {
		"0": "zelda/mobs/guardian/gray_concrete",
		"1": "zelda/mobs/guardian/light_gray_concrete",
		"2": "zelda/mobs/guardian/decor_1_on",
		"particle": "zelda/mobs/guardian/gray_concrete"
	},
	"elements": [
		{
			"from": [-4.96, 2, 0.62],
			"to": [-0.784, 3, 4.94],
			"rotation": {"angle": 45, "axis": "y", "origin": [-2.8, 2.5, -2.8]},
			"faces": {
				"north": {"uv": [0, 0, 7.05, 1], "texture": "#0"},
				"east": {"uv": [0, 0, 1, 1], "texture": "#0"},
				"south": {"uv": [0, 0, 7.05, 1], "texture": "#0"},
				"west": {"uv": [0, 0, 1, 1], "texture": "#0"},
				"up": {"uv": [0, 0, 1, 7.05], "rotation": 90, "texture": "#0"},
				"down": {"uv": [0, 0, 1, 7.05], "rotation": 270, "texture": "#0"}
			}
		},
		{
			"from": [0.368, 2, -0.424],
			"to": [4.76, 3, 3.896],
			"rotation": {"angle": 22.5, "axis": "y", "origin": [-2.8, 2.5, -2.8]},
			"faces": {
				"north": {"uv": [0, 0, 7.05, 1], "texture": "#0"},
				"east": {"uv": [0, 0, 1, 1], "texture": "#0"},
				"south": {"uv": [0, 0, 7.05, 1], "texture": "#0"},
				"west": {"uv": [0, 0, 1, 1], "texture": "#0"},
				"up": {"uv": [0, 0, 1, 7.05], "rotation": 90, "texture": "#0"},
				"down": {"uv": [0, 0, 1, 7.05], "rotation": 270, "texture": "#0"}
			}
		},
		{
			"from": [-0.46, 2, 0.512],
			"to": [3.896, 3, 4.868],
			"rotation": {"angle": -22.5, "axis": "y", "origin": [-2.8, 2.5, -2.8]},
			"faces": {
				"north": {"uv": [0, 0, 1, 1], "texture": "#0"},
				"east": {"uv": [0, 0, 7.05, 1], "texture": "#0"},
				"south": {"uv": [0, 0, 1, 1], "texture": "#0"},
				"west": {"uv": [0, 0, 7.05, 1], "texture": "#0"},
				"up": {"uv": [0, 0, 1, 7.05], "texture": "#0"},
				"down": {"uv": [0, 0, 1, 7.05], "texture": "#0"}
			}
		},
		{
			"from": [12.104, 2, 0.512],
			"to": [16.46, 3, 4.868],
			"rotation": {"angle": 22.5, "axis": "y", "origin": [18.8, 2.5, -2.8]},
			"faces": {
				"north": {"uv": [1, 0, 0, 1], "texture": "#0"},
				"east": {"uv": [7.05, 0, 0, 1], "texture": "#0"},
				"south": {"uv": [1, 0, 0, 1], "texture": "#0"},
				"west": {"uv": [7.05, 0, 0, 1], "texture": "#0"},
				"up": {"uv": [1, 0, 0, 7.05], "texture": "#0"},
				"down": {"uv": [1, 0, 0, 7.05], "texture": "#0"}
			}
		},
		{
			"from": [11.24, 2, -0.424],
			"to": [15.632, 3, 3.896],
			"rotation": {"angle": -22.5, "axis": "y", "origin": [18.8, 2.5, -2.8]},
			"faces": {
				"north": {"uv": [7.05, 0, 0, 1], "texture": "#0"},
				"east": {"uv": [1, 0, 0, 1], "texture": "#0"},
				"south": {"uv": [7.05, 0, 0, 1], "texture": "#0"},
				"west": {"uv": [1, 0, 0, 1], "texture": "#0"},
				"up": {"uv": [0, 7.05, 1, 0], "rotation": 90, "texture": "#0"},
				"down": {"uv": [0, 7.05, 1, 0], "rotation": 270, "texture": "#0"}
			}
		},
		{
			"from": [16.784, 2, 0.62],
			"to": [20.96, 3, 4.94],
			"rotation": {"angle": -45, "axis": "y", "origin": [18.8, 2.5, -2.8]},
			"faces": {
				"north": {"uv": [7.05, 0, 0, 1], "texture": "#0"},
				"east": {"uv": [1, 0, 0, 1], "texture": "#0"},
				"south": {"uv": [7.05, 0, 0, 1], "texture": "#0"},
				"west": {"uv": [1, 0, 0, 1], "texture": "#0"},
				"up": {"uv": [0, 7.05, 1, 0], "rotation": 90, "texture": "#0"},
				"down": {"uv": [0, 7.05, 1, 0], "rotation": 270, "texture": "#0"}
			}
		},
		{
			"from": [5.12, 2, -3.52],
			"to": [10.88, 3, 0.8],
			"faces": {
				"north": {"uv": [6, 0, 0, 1], "texture": "#0"},
				"east": {"uv": [1, 0, 0, 1], "texture": "#0"},
				"south": {"uv": [6, 0, 0, 1], "texture": "#0"},
				"west": {"uv": [1, 0, 0, 1], "texture": "#0"},
				"up": {"uv": [0, 6, 1, 0], "rotation": 90, "texture": "#0"},
				"down": {"uv": [0, 6, 1, 0], "rotation": 270, "texture": "#0"}
			}
		},
		{
			"from": [5.12, 2, 15.2],
			"to": [10.88, 3, 19.52],
			"faces": {
				"north": {"uv": [0, 0, 6, 1], "texture": "#0"},
				"east": {"uv": [0, 0, 1, 1], "texture": "#0"},
				"south": {"uv": [0, 0, 6, 1], "texture": "#0"},
				"west": {"uv": [0, 0, 1, 1], "texture": "#0"},
				"up": {"uv": [1, 6, 0, 0], "rotation": 90, "texture": "#0"},
				"down": {"uv": [1, 6, 0, 0], "rotation": 270, "texture": "#0"}
			}
		},
		{
			"from": [16.784, 2, 11.06],
			"to": [20.96, 3, 15.38],
			"rotation": {"angle": 45, "axis": "y", "origin": [18.8, 2.5, 18.8]},
			"faces": {
				"north": {"uv": [0, 0, 7.05, 1], "texture": "#0"},
				"east": {"uv": [0, 0, 1, 1], "texture": "#0"},
				"south": {"uv": [0, 0, 7.05, 1], "texture": "#0"},
				"west": {"uv": [0, 0, 1, 1], "texture": "#0"},
				"up": {"uv": [1, 7.05, 0, 0], "rotation": 90, "texture": "#0"},
				"down": {"uv": [1, 7.05, 0, 0], "rotation": 270, "texture": "#0"}
			}
		},
		{
			"from": [11.24, 2, 12.104],
			"to": [15.632, 3, 16.424],
			"rotation": {"angle": 22.5, "axis": "y", "origin": [18.8, 2.5, 18.8]},
			"faces": {
				"north": {"uv": [0, 0, 7.05, 1], "texture": "#0"},
				"east": {"uv": [0, 0, 1, 1], "texture": "#0"},
				"south": {"uv": [0, 0, 7.05, 1], "texture": "#0"},
				"west": {"uv": [0, 0, 1, 1], "texture": "#0"},
				"up": {"uv": [1, 7.05, 0, 0], "rotation": 90, "texture": "#0"},
				"down": {"uv": [1, 7.05, 0, 0], "rotation": 270, "texture": "#0"}
			}
		},
		{
			"from": [12.104, 2, 11.132],
			"to": [16.46, 3, 15.488],
			"rotation": {"angle": -22.5, "axis": "y", "origin": [18.8, 2.5, 18.8]},
			"faces": {
				"north": {"uv": [0, 0, 1, 1], "texture": "#0"},
				"east": {"uv": [0, 0, 7.05, 1], "texture": "#0"},
				"south": {"uv": [0, 0, 1, 1], "texture": "#0"},
				"west": {"uv": [0, 0, 7.05, 1], "texture": "#0"},
				"up": {"uv": [1, 7.05, 0, 0], "texture": "#0"},
				"down": {"uv": [1, 7.05, 0, 0], "texture": "#0"}
			}
		},
		{
			"from": [-0.46, 2, 11.132],
			"to": [3.896, 3, 15.488],
			"rotation": {"angle": 22.5, "axis": "y", "origin": [-2.8, 2.5, 18.8]},
			"faces": {
				"north": {"uv": [1, 0, 0, 1], "texture": "#0"},
				"east": {"uv": [7.05, 0, 0, 1], "texture": "#0"},
				"south": {"uv": [1, 0, 0, 1], "texture": "#0"},
				"west": {"uv": [7.05, 0, 0, 1], "texture": "#0"},
				"up": {"uv": [0, 7.05, 1, 0], "texture": "#0"},
				"down": {"uv": [0, 7.05, 1, 0], "texture": "#0"}
			}
		},
		{
			"from": [0.368, 2, 12.104],
			"to": [4.76, 3, 16.424],
			"rotation": {"angle": -22.5, "axis": "y", "origin": [-2.8, 2.5, 18.8]},
			"faces": {
				"north": {"uv": [7.05, 0, 0, 1], "texture": "#0"},
				"east": {"uv": [1, 0, 0, 1], "texture": "#0"},
				"south": {"uv": [7.05, 0, 0, 1], "texture": "#0"},
				"west": {"uv": [1, 0, 0, 1], "texture": "#0"},
				"up": {"uv": [1, 0, 0, 7.05], "rotation": 90, "texture": "#0"},
				"down": {"uv": [1, 0, 0, 7.05], "rotation": 270, "texture": "#0"}
			}
		},
		{
			"from": [-4.96, 2, 11.06],
			"to": [-0.784, 3, 15.38],
			"rotation": {"angle": -45, "axis": "y", "origin": [-2.8, 2.5, 18.8]},
			"faces": {
				"north": {"uv": [7.05, 0, 0, 1], "texture": "#0"},
				"east": {"uv": [1, 0, 0, 1], "texture": "#0"},
				"south": {"uv": [7.05, 0, 0, 1], "texture": "#0"},
				"west": {"uv": [1, 0, 0, 1], "texture": "#0"},
				"up": {"uv": [1, 0, 0, 7.05], "rotation": 90, "texture": "#0"},
				"down": {"uv": [1, 0, 0, 7.05], "rotation": 270, "texture": "#0"}
			}
		},
		{
			"from": [15.2, 2, 5.12],
			"to": [19.52, 3, 10.88],
			"faces": {
				"north": {"uv": [0, 0, 1, 1], "texture": "#0"},
				"east": {"uv": [0, 0, 6, 1], "texture": "#0"},
				"south": {"uv": [0, 0, 1, 1], "texture": "#0"},
				"west": {"uv": [0, 0, 6, 1], "texture": "#0"},
				"up": {"uv": [0, 0, 1, 6], "rotation": 180, "texture": "#0"},
				"down": {"uv": [0, 0, 1, 6], "rotation": 180, "texture": "#0"}
			}
		},
		{
			"from": [-3.52, 2, 5.12],
			"to": [0.8, 3, 10.88],
			"faces": {
				"north": {"uv": [1, 0, 0, 1], "texture": "#0"},
				"east": {"uv": [6, 0, 0, 1], "texture": "#0"},
				"south": {"uv": [1, 0, 0, 1], "texture": "#0"},
				"west": {"uv": [6, 0, 0, 1], "texture": "#0"},
				"up": {"uv": [1, 0, 0, 6], "rotation": 180, "texture": "#0"},
				"down": {"uv": [1, 0, 0, 6], "rotation": 180, "texture": "#0"}
			}
		},
		{
			"from": [0.2, 2, 0.12],
			"to": [15.52, 2.2, 15.88],
			"faces": {
				"north": {"uv": [0, 0, 1, 1], "texture": "#0"},
				"east": {"uv": [0, 0, 6, 1], "texture": "#0"},
				"south": {"uv": [0, 0, 1, 1], "texture": "#0"},
				"west": {"uv": [0, 0, 6, 1], "texture": "#0"},
				"up": {"uv": [0, 0, 1, 6], "rotation": 180, "texture": "#0"},
				"down": {"uv": [0, 0, 1, 6], "rotation": 180, "texture": "#0"}
			}
		},
		{
			"from": [-0.46, 5, 3.1825],
			"to": [2.266, 6, 6.0025],
			"rotation": {"angle": 45, "axis": "y", "origin": [0.95, 5.5, 0.95]},
			"faces": {
				"north": {"uv": [0, 0, 7.05, 1], "texture": "#1"},
				"east": {"uv": [0, 0, 1, 1], "texture": "#1"},
				"south": {"uv": [0, 0, 7.05, 1], "texture": "#1"},
				"west": {"uv": [0, 0, 1, 1], "texture": "#1"},
				"up": {"uv": [0, 0, 1, 7.05], "rotation": 90, "texture": "#1"},
				"down": {"uv": [0, 0, 1, 7.05], "rotation": 270, "texture": "#1"}
			}
		},
		{
			"from": [3.018, 5, 2.501],
			"to": [5.885, 6, 5.321],
			"rotation": {"angle": 22.5, "axis": "y", "origin": [0.95, 5.5, 0.95]},
			"faces": {
				"north": {"uv": [0, 0, 7.05, 1], "texture": "#1"},
				"east": {"uv": [0, 0, 1, 1], "texture": "#1"},
				"south": {"uv": [0, 0, 7.05, 1], "texture": "#1"},
				"west": {"uv": [0, 0, 1, 1], "texture": "#1"},
				"up": {"uv": [0, 0, 1, 7.05], "rotation": 90, "texture": "#1"},
				"down": {"uv": [0, 0, 1, 7.05], "rotation": 270, "texture": "#1"}
			}
		},
		{
			"from": [2.4775, 5, 3.112],
			"to": [5.321, 6, 5.9555],
			"rotation": {"angle": -22.5, "axis": "y", "origin": [0.95, 5.5, 0.95]},
			"faces": {
				"north": {"uv": [0, 0, 1, 1], "texture": "#1"},
				"east": {"uv": [0, 0, 7.05, 1], "texture": "#1"},
				"south": {"uv": [0, 0, 1, 1], "texture": "#1"},
				"west": {"uv": [0, 0, 7.05, 1], "texture": "#1"},
				"up": {"uv": [0, 0, 1, 7.05], "texture": "#1"},
				"down": {"uv": [0, 0, 1, 7.05], "texture": "#1"}
			}
		},
		{
			"from": [10.679, 5, 3.112],
			"to": [13.5225, 6, 5.9555],
			"rotation": {"angle": 22.5, "axis": "y", "origin": [15.05, 5.5, 0.95]},
			"faces": {
				"north": {"uv": [1, 0, 0, 1], "texture": "#1"},
				"east": {"uv": [7.05, 0, 0, 1], "texture": "#1"},
				"south": {"uv": [1, 0, 0, 1], "texture": "#1"},
				"west": {"uv": [7.05, 0, 0, 1], "texture": "#1"},
				"up": {"uv": [1, 0, 0, 7.05], "texture": "#1"},
				"down": {"uv": [1, 0, 0, 7.05], "texture": "#1"}
			}
		},
		{
			"from": [10.115, 5, 2.501],
			"to": [12.982, 6, 5.321],
			"rotation": {"angle": -22.5, "axis": "y", "origin": [15.05, 5.5, 0.95]},
			"faces": {
				"north": {"uv": [7.05, 0, 0, 1], "texture": "#1"},
				"east": {"uv": [1, 0, 0, 1], "texture": "#1"},
				"south": {"uv": [7.05, 0, 0, 1], "texture": "#1"},
				"west": {"uv": [1, 0, 0, 1], "texture": "#1"},
				"up": {"uv": [0, 7.05, 1, 0], "rotation": 90, "texture": "#1"},
				"down": {"uv": [0, 7.05, 1, 0], "rotation": 270, "texture": "#1"}
			}
		},
		{
			"from": [13.734, 5, 3.1825],
			"to": [16.46, 6, 6.0025],
			"rotation": {"angle": -45, "axis": "y", "origin": [15.05, 5.5, 0.95]},
			"faces": {
				"north": {"uv": [7.05, 0, 0, 1], "texture": "#1"},
				"east": {"uv": [1, 0, 0, 1], "texture": "#1"},
				"south": {"uv": [7.05, 0, 0, 1], "texture": "#1"},
				"west": {"uv": [1, 0, 0, 1], "texture": "#1"},
				"up": {"uv": [0, 7.05, 1, 0], "rotation": 90, "texture": "#1"},
				"down": {"uv": [0, 7.05, 1, 0], "rotation": 270, "texture": "#1"}
			}
		},
		{
			"from": [6.12, 5, 0.48],
			"to": [9.88, 6, 3.3],
			"faces": {
				"north": {"uv": [6, 0, 0, 1], "texture": "#1"},
				"east": {"uv": [1, 0, 0, 1], "texture": "#1"},
				"south": {"uv": [6, 0, 0, 1], "texture": "#1"},
				"west": {"uv": [1, 0, 0, 1], "texture": "#1"},
				"up": {"uv": [0, 6, 1, 0], "rotation": 90, "texture": "#1"},
				"down": {"uv": [0, 6, 1, 0], "rotation": 270, "texture": "#1"}
			}
		},
		{
			"from": [6.12, 5, 12.7],
			"to": [9.88, 6, 15.52],
			"faces": {
				"north": {"uv": [0, 0, 6, 1], "texture": "#1"},
				"east": {"uv": [0, 0, 1, 1], "texture": "#1"},
				"south": {"uv": [0, 0, 6, 1], "texture": "#1"},
				"west": {"uv": [0, 0, 1, 1], "texture": "#1"},
				"up": {"uv": [1, 6, 0, 0], "rotation": 90, "texture": "#1"},
				"down": {"uv": [1, 6, 0, 0], "rotation": 270, "texture": "#1"}
			}
		},
		{
			"from": [13.734, 5, 9.9975],
			"to": [16.46, 6, 12.8175],
			"rotation": {"angle": 45, "axis": "y", "origin": [15.05, 5.5, 15.05]},
			"faces": {
				"north": {"uv": [0, 0, 7.05, 1], "texture": "#1"},
				"east": {"uv": [0, 0, 1, 1], "texture": "#1"},
				"south": {"uv": [0, 0, 7.05, 1], "texture": "#1"},
				"west": {"uv": [0, 0, 1, 1], "texture": "#1"},
				"up": {"uv": [1, 7.05, 0, 0], "rotation": 90, "texture": "#1"},
				"down": {"uv": [1, 7.05, 0, 0], "rotation": 270, "texture": "#1"}
			}
		},
		{
			"from": [10.115, 5, 10.679],
			"to": [12.982, 6, 13.499],
			"rotation": {"angle": 22.5, "axis": "y", "origin": [15.05, 5.5, 15.05]},
			"faces": {
				"north": {"uv": [0, 0, 7.05, 1], "texture": "#1"},
				"east": {"uv": [0, 0, 1, 1], "texture": "#1"},
				"south": {"uv": [0, 0, 7.05, 1], "texture": "#1"},
				"west": {"uv": [0, 0, 1, 1], "texture": "#1"},
				"up": {"uv": [1, 7.05, 0, 0], "rotation": 90, "texture": "#1"},
				"down": {"uv": [1, 7.05, 0, 0], "rotation": 270, "texture": "#1"}
			}
		},
		{
			"from": [10.679, 5, 10.0445],
			"to": [13.5225, 6, 12.888],
			"rotation": {"angle": -22.5, "axis": "y", "origin": [15.05, 5.5, 15.05]},
			"faces": {
				"north": {"uv": [0, 0, 1, 1], "texture": "#1"},
				"east": {"uv": [0, 0, 7.05, 1], "texture": "#1"},
				"south": {"uv": [0, 0, 1, 1], "texture": "#1"},
				"west": {"uv": [0, 0, 7.05, 1], "texture": "#1"},
				"up": {"uv": [1, 7.05, 0, 0], "texture": "#1"},
				"down": {"uv": [1, 7.05, 0, 0], "texture": "#1"}
			}
		},
		{
			"from": [2.4775, 5, 10.0445],
			"to": [5.321, 6, 12.888],
			"rotation": {"angle": 22.5, "axis": "y", "origin": [0.95, 5.5, 15.05]},
			"faces": {
				"north": {"uv": [1, 0, 0, 1], "texture": "#1"},
				"east": {"uv": [7.05, 0, 0, 1], "texture": "#1"},
				"south": {"uv": [1, 0, 0, 1], "texture": "#1"},
				"west": {"uv": [7.05, 0, 0, 1], "texture": "#1"},
				"up": {"uv": [0, 7.05, 1, 0], "texture": "#1"},
				"down": {"uv": [0, 7.05, 1, 0], "texture": "#1"}
			}
		},
		{
			"from": [3.018, 5, 10.679],
			"to": [5.885, 6, 13.499],
			"rotation": {"angle": -22.5, "axis": "y", "origin": [0.95, 5.5, 15.05]},
			"faces": {
				"north": {"uv": [7.05, 0, 0, 1], "texture": "#1"},
				"east": {"uv": [1, 0, 0, 1], "texture": "#1"},
				"south": {"uv": [7.05, 0, 0, 1], "texture": "#1"},
				"west": {"uv": [1, 0, 0, 1], "texture": "#1"},
				"up": {"uv": [1, 0, 0, 7.05], "rotation": 90, "texture": "#1"},
				"down": {"uv": [1, 0, 0, 7.05], "rotation": 270, "texture": "#1"}
			}
		},
		{
			"from": [-0.46, 5, 9.9975],
			"to": [2.266, 6, 12.8175],
			"rotation": {"angle": -45, "axis": "y", "origin": [0.95, 5.5, 15.05]},
			"faces": {
				"north": {"uv": [7.05, 0, 0, 1], "texture": "#1"},
				"east": {"uv": [1, 0, 0, 1], "texture": "#1"},
				"south": {"uv": [7.05, 0, 0, 1], "texture": "#1"},
				"west": {"uv": [1, 0, 0, 1], "texture": "#1"},
				"up": {"uv": [1, 0, 0, 7.05], "rotation": 90, "texture": "#1"},
				"down": {"uv": [1, 0, 0, 7.05], "rotation": 270, "texture": "#1"}
			}
		},
		{
			"from": [12.7, 5, 6.12],
			"to": [15.52, 6, 9.88],
			"faces": {
				"north": {"uv": [0, 0, 1, 1], "texture": "#1"},
				"east": {"uv": [0, 0, 6, 1], "texture": "#1"},
				"south": {"uv": [0, 0, 1, 1], "texture": "#1"},
				"west": {"uv": [0, 0, 6, 1], "texture": "#1"},
				"up": {"uv": [0, 0, 1, 6], "rotation": 180, "texture": "#1"},
				"down": {"uv": [0, 0, 1, 6], "rotation": 180, "texture": "#1"}
			}
		},
		{
			"from": [0.48, 5, 6.12],
			"to": [3.3, 6, 9.88],
			"faces": {
				"north": {"uv": [1, 0, 0, 1], "texture": "#1"},
				"east": {"uv": [6, 0, 0, 1], "texture": "#1"},
				"south": {"uv": [1, 0, 0, 1], "texture": "#1"},
				"west": {"uv": [6, 0, 0, 1], "texture": "#1"},
				"up": {"uv": [1, 0, 0, 6], "rotation": 180, "texture": "#1"},
				"down": {"uv": [1, 0, 0, 6], "rotation": 180, "texture": "#1"}
			}
		},
		{
			"from": [0.0476, 6, 3.47155],
			"to": [2.61004, 7, 6.12235],
			"rotation": {"angle": 45, "axis": "y", "origin": [1.373, 6.5, 1.373]},
			"faces": {
				"north": {"uv": [0, 8.999, 8, 11.999], "texture": "#2"},
				"east": {"uv": [0, 0, 1, 1], "texture": "#0"},
				"south": {"uv": [0, 0, 7.05, 1], "texture": "#0"},
				"west": {"uv": [0, 0, 1, 1], "texture": "#0"},
				"up": {"uv": [0, 0, 1, 7.05], "rotation": 90, "texture": "#1"},
				"down": {"uv": [0, 0, 1, 7.05], "rotation": 270, "texture": "#0"}
			}
		},
		{
			"from": [3.31692, 6, 2.83094],
			"to": [6.0119, 7, 5.48174],
			"rotation": {"angle": 22.5, "axis": "y", "origin": [1.373, 6.5, 1.373]},
			"faces": {
				"north": {"uv": [8, 8.999, 16, 11.999], "texture": "#2"},
				"east": {"uv": [0, 0, 1, 1], "texture": "#0"},
				"south": {"uv": [0, 0, 7.05, 1], "texture": "#0"},
				"west": {"uv": [0, 0, 1, 1], "texture": "#0"},
				"up": {"uv": [0, 0, 1, 7.05], "rotation": 90, "texture": "#1"},
				"down": {"uv": [0, 0, 1, 7.05], "rotation": 270, "texture": "#0"}
			}
		},
		{
			"from": [2.80885, 6, 3.40528],
			"to": [5.48174, 7, 6.07817],
			"rotation": {"angle": -22.5, "axis": "y", "origin": [1.373, 6.5, 1.373]},
			"faces": {
				"north": {"uv": [0, 0, 1, 1], "texture": "#0"},
				"east": {"uv": [0, 0, 7.05, 1], "texture": "#0"},
				"south": {"uv": [0, 0, 1, 1], "texture": "#0"},
				"west": {"uv": [8, 8.999, 16, 11.999], "texture": "#2"},
				"up": {"uv": [0, 0, 1, 7.05], "texture": "#1"},
				"down": {"uv": [0, 0, 1, 7.05], "texture": "#0"}
			}
		},
		{
			"from": [10.51826, 6, 3.40528],
			"to": [13.19115, 7, 6.07817],
			"rotation": {"angle": 22.5, "axis": "y", "origin": [14.627, 6.5, 1.373]},
			"faces": {
				"north": {"uv": [1, 0, 0, 1], "texture": "#0"},
				"east": {"uv": [8, 8.999, 16, 11.999], "texture": "#2"},
				"south": {"uv": [1, 0, 0, 1], "texture": "#0"},
				"west": {"uv": [7.05, 0, 0, 1], "texture": "#0"},
				"up": {"uv": [1, 0, 0, 7.05], "texture": "#1"},
				"down": {"uv": [1, 0, 0, 7.05], "texture": "#0"}
			}
		},
		{
			"from": [9.9881, 6, 2.83094],
			"to": [12.68308, 7, 5.48174],
			"rotation": {"angle": -22.5, "axis": "y", "origin": [14.627, 6.5, 1.373]},
			"faces": {
				"north": {"uv": [8, 8.999, 16, 11.999], "texture": "#2"},
				"east": {"uv": [1, 0, 0, 1], "texture": "#0"},
				"south": {"uv": [7.05, 0, 0, 1], "texture": "#0"},
				"west": {"uv": [1, 0, 0, 1], "texture": "#0"},
				"up": {"uv": [0, 7.05, 1, 0], "rotation": 90, "texture": "#1"},
				"down": {"uv": [0, 7.05, 1, 0], "rotation": 270, "texture": "#0"}
			}
		},
		{
			"from": [13.38996, 6, 3.47155],
			"to": [15.9524, 7, 6.12235],
			"rotation": {"angle": -45, "axis": "y", "origin": [14.627, 6.5, 1.373]},
			"faces": {
				"north": {"uv": [0, 8.999, 8, 11.999], "texture": "#2"},
				"east": {"uv": [1, 0, 0, 1], "texture": "#0"},
				"south": {"uv": [7.05, 0, 0, 1], "texture": "#0"},
				"west": {"uv": [1, 0, 0, 1], "texture": "#0"},
				"up": {"uv": [0, 7.05, 1, 0], "rotation": 90, "texture": "#1"},
				"down": {"uv": [0, 7.05, 1, 0], "rotation": 270, "texture": "#0"}
			}
		},
		{
			"from": [6.2328, 6, 0.9312],
			"to": [9.7672, 7, 3.582],
			"faces": {
				"north": {"uv": [0, 8.999, 8, 11.999], "texture": "#2"},
				"east": {"uv": [1, 0, 0, 1], "texture": "#0"},
				"south": {"uv": [6, 0, 0, 1], "texture": "#0"},
				"west": {"uv": [1, 0, 0, 1], "texture": "#0"},
				"up": {"uv": [0, 6, 1, 0], "rotation": 90, "texture": "#1"},
				"down": {"uv": [0, 6, 1, 0], "rotation": 270, "texture": "#0"}
			}
		},
		{
			"from": [6.2328, 6, 12.418],
			"to": [9.7672, 7, 15.0688],
			"faces": {
				"north": {"uv": [0, 0, 6, 1], "texture": "#0"},
				"east": {"uv": [0, 0, 1, 1], "texture": "#0"},
				"south": {"uv": [0, 8.999, 8, 11.999], "texture": "#2"},
				"west": {"uv": [0, 0, 1, 1], "texture": "#0"},
				"up": {"uv": [1, 6, 0, 0], "rotation": 90, "texture": "#1"},
				"down": {"uv": [1, 6, 0, 0], "rotation": 270, "texture": "#0"}
			}
		},
		{
			"from": [13.38996, 6, 9.87765],
			"to": [15.9524, 7, 12.52845],
			"rotation": {"angle": 45, "axis": "y", "origin": [14.627, 6.5, 14.627]},
			"faces": {
				"north": {"uv": [0, 0, 7.05, 1], "texture": "#0"},
				"east": {"uv": [0, 0, 1, 1], "texture": "#0"},
				"south": {"uv": [0, 8.999, 8, 11.999], "texture": "#2"},
				"west": {"uv": [0, 0, 1, 1], "texture": "#0"},
				"up": {"uv": [1, 7.05, 0, 0], "rotation": 90, "texture": "#1"},
				"down": {"uv": [1, 7.05, 0, 0], "rotation": 270, "texture": "#0"}
			}
		},
		{
			"from": [9.9881, 6, 10.51826],
			"to": [12.68308, 7, 13.16906],
			"rotation": {"angle": 22.5, "axis": "y", "origin": [14.627, 6.5, 14.627]},
			"faces": {
				"north": {"uv": [0, 0, 7.05, 1], "texture": "#0"},
				"east": {"uv": [0, 0, 1, 1], "texture": "#0"},
				"south": {"uv": [8, 8.999, 16, 11.999], "texture": "#2"},
				"west": {"uv": [0, 0, 1, 1], "texture": "#0"},
				"up": {"uv": [1, 7.05, 0, 0], "rotation": 90, "texture": "#1"},
				"down": {"uv": [1, 7.05, 0, 0], "rotation": 270, "texture": "#0"}
			}
		},
		{
			"from": [10.51826, 6, 9.92183],
			"to": [13.19115, 7, 12.59472],
			"rotation": {"angle": -22.5, "axis": "y", "origin": [14.627, 6.5, 14.627]},
			"faces": {
				"north": {"uv": [0, 0, 1, 1], "texture": "#0"},
				"east": {"uv": [8, 8.999, 16, 11.999], "texture": "#2"},
				"south": {"uv": [0, 0, 1, 1], "texture": "#0"},
				"west": {"uv": [0, 0, 7.05, 1], "texture": "#0"},
				"up": {"uv": [1, 7.05, 0, 0], "texture": "#1"},
				"down": {"uv": [1, 7.05, 0, 0], "texture": "#0"}
			}
		},
		{
			"from": [2.80885, 6, 9.92183],
			"to": [5.48174, 7, 12.59472],
			"rotation": {"angle": 22.5, "axis": "y", "origin": [1.373, 6.5, 14.627]},
			"faces": {
				"north": {"uv": [1, 0, 0, 1], "texture": "#0"},
				"east": {"uv": [7.05, 0, 0, 1], "texture": "#0"},
				"south": {"uv": [1, 0, 0, 1], "texture": "#0"},
				"west": {"uv": [8, 8.999, 16, 11.999], "texture": "#2"},
				"up": {"uv": [0, 7.05, 1, 0], "texture": "#1"},
				"down": {"uv": [0, 7.05, 1, 0], "texture": "#0"}
			}
		},
		{
			"from": [3.31692, 6, 10.51826],
			"to": [6.0119, 7, 13.16906],
			"rotation": {"angle": -22.5, "axis": "y", "origin": [1.373, 6.5, 14.627]},
			"faces": {
				"north": {"uv": [7.05, 0, 0, 1], "texture": "#0"},
				"east": {"uv": [1, 0, 0, 1], "texture": "#0"},
				"south": {"uv": [8, 8.999, 16, 11.999], "texture": "#2"},
				"west": {"uv": [1, 0, 0, 1], "texture": "#0"},
				"up": {"uv": [1, 0, 0, 7.05], "rotation": 90, "texture": "#1"},
				"down": {"uv": [1, 0, 0, 7.05], "rotation": 270, "texture": "#0"}
			}
		},
		{
			"from": [0.0476, 6, 9.87765],
			"to": [2.61004, 7, 12.52845],
			"rotation": {"angle": -45, "axis": "y", "origin": [1.373, 6.5, 14.627]},
			"faces": {
				"north": {"uv": [7.05, 0, 0, 1], "texture": "#0"},
				"east": {"uv": [1, 0, 0, 1], "texture": "#0"},
				"south": {"uv": [0, 8.999, 8, 11.999], "texture": "#2"},
				"west": {"uv": [1, 0, 0, 1], "texture": "#0"},
				"up": {"uv": [1, 0, 0, 7.05], "rotation": 90, "texture": "#1"},
				"down": {"uv": [1, 0, 0, 7.05], "rotation": 270, "texture": "#0"}
			}
		},
		{
			"from": [12.418, 6, 6.2328],
			"to": [15.0688, 7, 9.7672],
			"faces": {
				"north": {"uv": [0, 0, 1, 1], "texture": "#0"},
				"east": {"uv": [0, 8.999, 8, 11.999], "texture": "#2"},
				"south": {"uv": [0, 0, 1, 1], "texture": "#0"},
				"west": {"uv": [0, 0, 6, 1], "texture": "#0"},
				"up": {"uv": [0, 0, 1, 6], "rotation": 180, "texture": "#1"},
				"down": {"uv": [0, 0, 1, 6], "rotation": 180, "texture": "#0"}
			}
		},
		{
			"from": [0.9312, 6, 6.2328],
			"to": [3.582, 7, 9.7672],
			"faces": {
				"north": {"uv": [1, 0, 0, 1], "texture": "#0"},
				"east": {"uv": [6, 0, 0, 1], "texture": "#0"},
				"south": {"uv": [1, 0, 0, 1], "texture": "#0"},
				"west": {"uv": [0, 8.999, 8, 11.999], "texture": "#2"},
				"up": {"uv": [1, 0, 0, 6], "rotation": 180, "texture": "#1"},
				"down": {"uv": [1, 0, 0, 6], "rotation": 180, "texture": "#0"}
			}
		},
		{
			"from": [0.52474, 7, 3.74326],
			"to": [2.93344, 8, 6.23501],
			"rotation": {"angle": 45, "axis": "y", "origin": [1.77062, 7.5, 1.77062]},
			"faces": {
				"north": {"uv": [0, 6, 8, 9], "texture": "#2"},
				"east": {"uv": [0, 0, 1, 1], "texture": "#0"},
				"south": {"uv": [0, 0, 7.05, 1], "texture": "#0"},
				"west": {"uv": [0, 0, 1, 1], "texture": "#0"},
				"up": {"uv": [0, 0, 1, 7.05], "rotation": 90, "texture": "#1"},
				"down": {"uv": [0, 0, 1, 7.05], "rotation": 270, "texture": "#0"}
			}
		},
		{
			"from": [3.5979, 7, 3.14108],
			"to": [6.13119, 8, 5.63284],
			"rotation": {"angle": 22.5, "axis": "y", "origin": [1.77062, 7.5, 1.77062]},
			"faces": {
				"north": {"uv": [8, 6, 16, 9], "texture": "#2"},
				"east": {"uv": [0, 0, 1, 1], "texture": "#0"},
				"south": {"uv": [0, 0, 7.05, 1], "texture": "#0"},
				"west": {"uv": [0, 0, 1, 1], "texture": "#0"},
				"up": {"uv": [0, 0, 1, 7.05], "rotation": 90, "texture": "#1"},
				"down": {"uv": [0, 0, 1, 7.05], "rotation": 270, "texture": "#0"}
			}
		},
		{
			"from": [3.12032, 7, 3.68096],
			"to": [5.63284, 8, 6.19348],
			"rotation": {"angle": -22.5, "axis": "y", "origin": [1.77062, 7.5, 1.77062]},
			"faces": {
				"north": {"uv": [0, 0, 1, 1], "texture": "#0"},
				"east": {"uv": [0, 0, 7.05, 1], "texture": "#0"},
				"south": {"uv": [0, 0, 1, 1], "texture": "#0"},
				"west": {"uv": [8, 6, 16, 9], "texture": "#2"},
				"up": {"uv": [0, 0, 1, 7.05], "texture": "#1"},
				"down": {"uv": [0, 0, 1, 7.05], "texture": "#0"}
			}
		},
		{
			"from": [10.36716, 7, 3.68096],
			"to": [12.87968, 8, 6.19348],
			"rotation": {"angle": 22.5, "axis": "y", "origin": [14.22938, 7.5, 1.77062]},
			"faces": {
				"north": {"uv": [1, 0, 0, 1], "texture": "#0"},
				"east": {"uv": [8, 6, 16, 9], "texture": "#2"},
				"south": {"uv": [1, 0, 0, 1], "texture": "#0"},
				"west": {"uv": [7.05, 0, 0, 1], "texture": "#0"},
				"up": {"uv": [1, 0, 0, 7.05], "texture": "#1"},
				"down": {"uv": [1, 0, 0, 7.05], "texture": "#0"}
			}
		},
		{
			"from": [9.86881, 7, 3.14108],
			"to": [12.4021, 8, 5.63284],
			"rotation": {"angle": -22.5, "axis": "y", "origin": [14.22938, 7.5, 1.77062]},
			"faces": {
				"north": {"uv": [8, 6, 16, 9], "texture": "#2"},
				"east": {"uv": [1, 0, 0, 1], "texture": "#0"},
				"south": {"uv": [7.05, 0, 0, 1], "texture": "#0"},
				"west": {"uv": [1, 0, 0, 1], "texture": "#0"},
				"up": {"uv": [0, 7.05, 1, 0], "rotation": 90, "texture": "#1"},
				"down": {"uv": [0, 7.05, 1, 0], "rotation": 270, "texture": "#0"}
			}
		},
		{
			"from": [13.06656, 7, 3.74326],
			"to": [15.47526, 8, 6.23501],
			"rotation": {"angle": -45, "axis": "y", "origin": [14.22938, 7.5, 1.77062]},
			"faces": {
				"north": {"uv": [0, 6, 8, 9], "texture": "#2"},
				"east": {"uv": [1, 0, 0, 1], "texture": "#0"},
				"south": {"uv": [7.05, 0, 0, 1], "texture": "#0"},
				"west": {"uv": [1, 0, 0, 1], "texture": "#0"},
				"up": {"uv": [0, 7.05, 1, 0], "rotation": 90, "texture": "#1"},
				"down": {"uv": [0, 7.05, 1, 0], "rotation": 270, "texture": "#0"}
			}
		},
		{
			"from": [6.33883, 7, 1.35533],
			"to": [9.66117, 8, 3.84708],
			"faces": {
				"north": {"uv": [0, 6, 8, 9], "texture": "#2"},
				"east": {"uv": [1, 0, 0, 1], "texture": "#0"},
				"south": {"uv": [6, 0, 0, 1], "texture": "#0"},
				"west": {"uv": [1, 0, 0, 1], "texture": "#0"},
				"up": {"uv": [0, 6, 1, 0], "rotation": 90, "texture": "#1"},
				"down": {"uv": [0, 6, 1, 0], "rotation": 270, "texture": "#0"}
			}
		},
		{
			"from": [6.33883, 7, 12.15292],
			"to": [9.66117, 8, 14.64467],
			"faces": {
				"north": {"uv": [0, 0, 6, 1], "texture": "#0"},
				"east": {"uv": [0, 0, 1, 1], "texture": "#0"},
				"south": {"uv": [0, 6, 8, 9], "texture": "#2"},
				"west": {"uv": [0, 0, 1, 1], "texture": "#0"},
				"up": {"uv": [1, 6, 0, 0], "rotation": 90, "texture": "#1"},
				"down": {"uv": [1, 6, 0, 0], "rotation": 270, "texture": "#0"}
			}
		},
		{
			"from": [13.06656, 7, 9.76499],
			"to": [15.47526, 8, 12.25674],
			"rotation": {"angle": 45, "axis": "y", "origin": [14.22938, 7.5, 14.22938]},
			"faces": {
				"north": {"uv": [0, 0, 7.05, 1], "texture": "#0"},
				"east": {"uv": [0, 0, 1, 1], "texture": "#0"},
				"south": {"uv": [0, 6, 8, 9], "texture": "#2"},
				"west": {"uv": [0, 0, 1, 1], "texture": "#0"},
				"up": {"uv": [1, 7.05, 0, 0], "rotation": 90, "texture": "#1"},
				"down": {"uv": [1, 7.05, 0, 0], "rotation": 270, "texture": "#0"}
			}
		},
		{
			"from": [9.86881, 7, 10.36716],
			"to": [12.4021, 8, 12.85892],
			"rotation": {"angle": 22.5, "axis": "y", "origin": [14.22938, 7.5, 14.22938]},
			"faces": {
				"north": {"uv": [0, 0, 7.05, 1], "texture": "#0"},
				"east": {"uv": [0, 0, 1, 1], "texture": "#0"},
				"south": {"uv": [8, 6, 16, 9], "texture": "#2"},
				"west": {"uv": [0, 0, 1, 1], "texture": "#0"},
				"up": {"uv": [1, 7.05, 0, 0], "rotation": 90, "texture": "#1"},
				"down": {"uv": [1, 7.05, 0, 0], "rotation": 270, "texture": "#0"}
			}
		},
		{
			"from": [10.36716, 7, 9.80652],
			"to": [12.87968, 8, 12.31904],
			"rotation": {"angle": -22.5, "axis": "y", "origin": [14.22938, 7.5, 14.22938]},
			"faces": {
				"north": {"uv": [0, 0, 1, 1], "texture": "#0"},
				"east": {"uv": [8, 6, 16, 9], "texture": "#2"},
				"south": {"uv": [0, 0, 1, 1], "texture": "#0"},
				"west": {"uv": [0, 0, 7.05, 1], "texture": "#0"},
				"up": {"uv": [1, 7.05, 0, 0], "texture": "#1"},
				"down": {"uv": [1, 7.05, 0, 0], "texture": "#0"}
			}
		},
		{
			"from": [3.12032, 7, 9.80652],
			"to": [5.63284, 8, 12.31904],
			"rotation": {"angle": 22.5, "axis": "y", "origin": [1.77062, 7.5, 14.22938]},
			"faces": {
				"north": {"uv": [1, 0, 0, 1], "texture": "#0"},
				"east": {"uv": [7.05, 0, 0, 1], "texture": "#0"},
				"south": {"uv": [1, 0, 0, 1], "texture": "#0"},
				"west": {"uv": [8, 6, 16, 9], "texture": "#2"},
				"up": {"uv": [0, 7.05, 1, 0], "texture": "#1"},
				"down": {"uv": [0, 7.05, 1, 0], "texture": "#0"}
			}
		},
		{
			"from": [3.5979, 7, 10.36716],
			"to": [6.13119, 8, 12.85892],
			"rotation": {"angle": -22.5, "axis": "y", "origin": [1.77062, 7.5, 14.22938]},
			"faces": {
				"north": {"uv": [7.05, 0, 0, 1], "texture": "#0"},
				"east": {"uv": [1, 0, 0, 1], "texture": "#0"},
				"south": {"uv": [8, 6, 16, 9], "texture": "#2"},
				"west": {"uv": [1, 0, 0, 1], "texture": "#0"},
				"up": {"uv": [1, 0, 0, 7.05], "rotation": 90, "texture": "#1"},
				"down": {"uv": [1, 0, 0, 7.05], "rotation": 270, "texture": "#0"}
			}
		},
		{
			"from": [0.52474, 7, 9.76499],
			"to": [2.93344, 8, 12.25674],
			"rotation": {"angle": -45, "axis": "y", "origin": [1.77062, 7.5, 14.22938]},
			"faces": {
				"north": {"uv": [7.05, 0, 0, 1], "texture": "#0"},
				"east": {"uv": [1, 0, 0, 1], "texture": "#0"},
				"south": {"uv": [0, 6, 8, 9], "texture": "#2"},
				"west": {"uv": [1, 0, 0, 1], "texture": "#0"},
				"up": {"uv": [1, 0, 0, 7.05], "rotation": 90, "texture": "#1"},
				"down": {"uv": [1, 0, 0, 7.05], "rotation": 270, "texture": "#0"}
			}
		},
		{
			"from": [12.15292, 7, 6.33883],
			"to": [14.64467, 8, 9.66117],
			"faces": {
				"north": {"uv": [0, 0, 1, 1], "texture": "#0"},
				"east": {"uv": [0, 6, 8, 9], "texture": "#2"},
				"south": {"uv": [0, 0, 1, 1], "texture": "#0"},
				"west": {"uv": [0, 0, 6, 1], "texture": "#0"},
				"up": {"uv": [0, 0, 1, 6], "rotation": 180, "texture": "#1"},
				"down": {"uv": [0, 0, 1, 6], "rotation": 180, "texture": "#0"}
			}
		},
		{
			"from": [1.35533, 7, 6.33883],
			"to": [3.84708, 8, 9.66117],
			"faces": {
				"north": {"uv": [1, 0, 0, 1], "texture": "#0"},
				"east": {"uv": [6, 0, 0, 1], "texture": "#0"},
				"south": {"uv": [1, 0, 0, 1], "texture": "#0"},
				"west": {"uv": [0, 6, 8, 9], "texture": "#2"},
				"up": {"uv": [1, 0, 0, 6], "rotation": 180, "texture": "#1"},
				"down": {"uv": [1, 0, 0, 6], "rotation": 180, "texture": "#0"}
			}
		},
		{
			"from": [0.82375, 8, 3.91353],
			"to": [3.1361, 9, 6.30561],
			"rotation": {"angle": 45, "axis": "y", "origin": [2.0198, 8.5, 2.0198]},
			"faces": {
				"north": {"uv": [0, 3, 8, 6], "texture": "#2"},
				"east": {"uv": [0, 0, 1, 1], "texture": "#0"},
				"south": {"uv": [0, 0, 7.05, 1], "texture": "#0"},
				"west": {"uv": [0, 0, 1, 1], "texture": "#0"},
				"up": {"uv": [0, 0, 1, 7.05], "rotation": 90, "texture": "#1"},
				"down": {"uv": [0, 0, 1, 7.05], "rotation": 270, "texture": "#0"}
			}
		},
		{
			"from": [3.77399, 8, 3.33544],
			"to": [6.20594, 9, 5.72752],
			"rotation": {"angle": 22.5, "axis": "y", "origin": [2.0198, 8.5, 2.0198]},
			"faces": {
				"north": {"uv": [8, 3, 16, 6], "texture": "#2"},
				"east": {"uv": [0, 0, 1, 1], "texture": "#0"},
				"south": {"uv": [0, 0, 7.05, 1], "texture": "#0"},
				"west": {"uv": [0, 0, 1, 1], "texture": "#0"},
				"up": {"uv": [0, 0, 1, 7.05], "rotation": 90, "texture": "#1"},
				"down": {"uv": [0, 0, 1, 7.05], "rotation": 270, "texture": "#0"}
			}
		},
		{
			"from": [3.31551, 8, 3.85372],
			"to": [5.72752, 9, 6.26574],
			"rotation": {"angle": -22.5, "axis": "y", "origin": [2.0198, 8.5, 2.0198]},
			"faces": {
				"north": {"uv": [0, 0, 1, 1], "texture": "#0"},
				"east": {"uv": [0, 0, 7.05, 1], "texture": "#0"},
				"south": {"uv": [0, 0, 1, 1], "texture": "#0"},
				"west": {"uv": [8, 3, 16, 6], "texture": "#2"},
				"up": {"uv": [0, 0, 1, 7.05], "texture": "#1"},
				"down": {"uv": [0, 0, 1, 7.05], "texture": "#0"}
			}
		},
		{
			"from": [10.27248, 8, 3.85372],
			"to": [12.68449, 9, 6.26574],
			"rotation": {"angle": 22.5, "axis": "y", "origin": [13.9802, 8.5, 2.0198]},
			"faces": {
				"north": {"uv": [1, 0, 0, 1], "texture": "#0"},
				"east": {"uv": [8, 3, 16, 6], "texture": "#2"},
				"south": {"uv": [1, 0, 0, 1], "texture": "#0"},
				"west": {"uv": [7.05, 0, 0, 1], "texture": "#0"},
				"up": {"uv": [1, 0, 0, 7.05], "texture": "#1"},
				"down": {"uv": [1, 0, 0, 7.05], "texture": "#0"}
			}
		},
		{
			"from": [9.79406, 8, 3.33544],
			"to": [12.22601, 9, 5.72752],
			"rotation": {"angle": -22.5, "axis": "y", "origin": [13.9802, 8.5, 2.0198]},
			"faces": {
				"north": {"uv": [8, 3, 16, 6], "texture": "#2"},
				"east": {"uv": [1, 0, 0, 1], "texture": "#0"},
				"south": {"uv": [7.05, 0, 0, 1], "texture": "#0"},
				"west": {"uv": [1, 0, 0, 1], "texture": "#0"},
				"up": {"uv": [0, 7.05, 1, 0], "rotation": 90, "texture": "#1"},
				"down": {"uv": [0, 7.05, 1, 0], "rotation": 270, "texture": "#0"}
			}
		},
		{
			"from": [12.8639, 8, 3.91353],
			"to": [15.17625, 9, 6.30561],
			"rotation": {"angle": -45, "axis": "y", "origin": [13.9802, 8.5, 2.0198]},
			"faces": {
				"north": {"uv": [0, 3, 8, 6], "texture": "#2"},
				"east": {"uv": [1, 0, 0, 1], "texture": "#0"},
				"south": {"uv": [7.05, 0, 0, 1], "texture": "#0"},
				"west": {"uv": [1, 0, 0, 1], "texture": "#0"},
				"up": {"uv": [0, 7.05, 1, 0], "rotation": 90, "texture": "#1"},
				"down": {"uv": [0, 7.05, 1, 0], "rotation": 270, "texture": "#0"}
			}
		},
		{
			"from": [6.40528, 8, 1.62111],
			"to": [9.59472, 9, 4.0132],
			"faces": {
				"north": {"uv": [0, 3, 8, 6], "texture": "#2"},
				"east": {"uv": [1, 0, 0, 1], "texture": "#0"},
				"south": {"uv": [6, 0, 0, 1], "texture": "#0"},
				"west": {"uv": [1, 0, 0, 1], "texture": "#0"},
				"up": {"uv": [0, 6, 1, 0], "rotation": 90, "texture": "#1"},
				"down": {"uv": [0, 6, 1, 0], "rotation": 270, "texture": "#0"}
			}
		},
		{
			"from": [6.40528, 8, 11.9868],
			"to": [9.59472, 9, 14.37889],
			"faces": {
				"north": {"uv": [0, 0, 6, 1], "texture": "#0"},
				"east": {"uv": [0, 0, 1, 1], "texture": "#0"},
				"south": {"uv": [0, 3, 8, 6], "texture": "#2"},
				"west": {"uv": [0, 0, 1, 1], "texture": "#0"},
				"up": {"uv": [1, 6, 0, 0], "rotation": 90, "texture": "#1"},
				"down": {"uv": [1, 6, 0, 0], "rotation": 270, "texture": "#0"}
			}
		},
		{
			"from": [12.8639, 8, 9.69439],
			"to": [15.17625, 9, 12.08647],
			"rotation": {"angle": 45, "axis": "y", "origin": [13.9802, 8.5, 13.9802]},
			"faces": {
				"north": {"uv": [0, 0, 7.05, 1], "texture": "#0"},
				"east": {"uv": [0, 0, 1, 1], "texture": "#0"},
				"south": {"uv": [0, 3, 8, 6], "texture": "#2"},
				"west": {"uv": [0, 0, 1, 1], "texture": "#0"},
				"up": {"uv": [1, 7.05, 0, 0], "rotation": 90, "texture": "#1"},
				"down": {"uv": [1, 7.05, 0, 0], "rotation": 270, "texture": "#0"}
			}
		},
		{
			"from": [9.79406, 8, 10.27248],
			"to": [12.22601, 9, 12.66456],
			"rotation": {"angle": 22.5, "axis": "y", "origin": [13.9802, 8.5, 13.9802]},
			"faces": {
				"north": {"uv": [0, 0, 7.05, 1], "texture": "#0"},
				"east": {"uv": [0, 0, 1, 1], "texture": "#0"},
				"south": {"uv": [8, 3, 16, 6], "texture": "#2"},
				"west": {"uv": [0, 0, 1, 1], "texture": "#0"},
				"up": {"uv": [1, 7.05, 0, 0], "rotation": 90, "texture": "#1"},
				"down": {"uv": [1, 7.05, 0, 0], "rotation": 270, "texture": "#0"}
			}
		},
		{
			"from": [10.27248, 8, 9.73426],
			"to": [12.68449, 9, 12.14628],
			"rotation": {"angle": -22.5, "axis": "y", "origin": [13.9802, 8.5, 13.9802]},
			"faces": {
				"north": {"uv": [0, 0, 1, 1], "texture": "#0"},
				"east": {"uv": [8, 3, 16, 6], "texture": "#2"},
				"south": {"uv": [0, 0, 1, 1], "texture": "#0"},
				"west": {"uv": [0, 0, 7.05, 1], "texture": "#0"},
				"up": {"uv": [1, 7.05, 0, 0], "texture": "#1"},
				"down": {"uv": [1, 7.05, 0, 0], "texture": "#0"}
			}
		},
		{
			"from": [3.31551, 8, 9.73426],
			"to": [5.72752, 9, 12.14628],
			"rotation": {"angle": 22.5, "axis": "y", "origin": [2.0198, 8.5, 13.9802]},
			"faces": {
				"north": {"uv": [1, 0, 0, 1], "texture": "#0"},
				"east": {"uv": [7.05, 0, 0, 1], "texture": "#0"},
				"south": {"uv": [1, 0, 0, 1], "texture": "#0"},
				"west": {"uv": [8, 3, 16, 6], "texture": "#2"},
				"up": {"uv": [0, 7.05, 1, 0], "texture": "#1"},
				"down": {"uv": [0, 7.05, 1, 0], "texture": "#0"}
			}
		},
		{
			"from": [3.77399, 8, 10.27248],
			"to": [6.20594, 9, 12.66456],
			"rotation": {"angle": -22.5, "axis": "y", "origin": [2.0198, 8.5, 13.9802]},
			"faces": {
				"north": {"uv": [7.05, 0, 0, 1], "texture": "#0"},
				"east": {"uv": [1, 0, 0, 1], "texture": "#0"},
				"south": {"uv": [8, 3, 16, 6], "texture": "#2"},
				"west": {"uv": [1, 0, 0, 1], "texture": "#0"},
				"up": {"uv": [1, 0, 0, 7.05], "rotation": 90, "texture": "#1"},
				"down": {"uv": [1, 0, 0, 7.05], "rotation": 270, "texture": "#0"}
			}
		},
		{
			"from": [0.82375, 8, 9.69439],
			"to": [3.1361, 9, 12.08647],
			"rotation": {"angle": -45, "axis": "y", "origin": [2.0198, 8.5, 13.9802]},
			"faces": {
				"north": {"uv": [7.05, 0, 0, 1], "texture": "#0"},
				"east": {"uv": [1, 0, 0, 1], "texture": "#0"},
				"south": {"uv": [0, 3, 8, 6], "texture": "#2"},
				"west": {"uv": [1, 0, 0, 1], "texture": "#0"},
				"up": {"uv": [1, 0, 0, 7.05], "rotation": 90, "texture": "#1"},
				"down": {"uv": [1, 0, 0, 7.05], "rotation": 270, "texture": "#0"}
			}
		},
		{
			"from": [11.9868, 8, 6.40528],
			"to": [14.37889, 9, 9.59472],
			"faces": {
				"north": {"uv": [0, 0, 1, 1], "texture": "#0"},
				"east": {"uv": [0, 3, 8, 5.999], "texture": "#2"},
				"south": {"uv": [0, 0, 1, 1], "texture": "#0"},
				"west": {"uv": [0, 0, 6, 1], "texture": "#0"},
				"up": {"uv": [0, 0, 1, 6], "rotation": 180, "texture": "#1"},
				"down": {"uv": [0, 0, 1, 6], "rotation": 180, "texture": "#0"}
			}
		},
		{
			"from": [1.62111, 8, 6.40528],
			"to": [4.0132, 9, 9.59472],
			"faces": {
				"north": {"uv": [1, 0, 0, 1], "texture": "#0"},
				"east": {"uv": [6, 0, 0, 1], "texture": "#0"},
				"south": {"uv": [1, 0, 0, 1], "texture": "#0"},
				"west": {"uv": [0, 3, 8, 6], "texture": "#2"},
				"up": {"uv": [1, 0, 0, 6], "rotation": 180, "texture": "#1"},
				"down": {"uv": [1, 0, 0, 6], "rotation": 180, "texture": "#0"}
			}
		},
		{
			"from": [1.1108, 9, 4.07699],
			"to": [3.33066, 10, 6.37338],
			"rotation": {"angle": 45, "axis": "y", "origin": [2.259, 9.5, 2.259]},
			"faces": {
				"north": {"uv": [0, 0, 8, 3], "texture": "#2"},
				"east": {"uv": [0, 0, 1, 1], "texture": "#0"},
				"south": {"uv": [0, 0, 7.05, 1], "texture": "#0"},
				"west": {"uv": [0, 0, 1, 1], "texture": "#0"},
				"up": {"uv": [0, 0, 1, 7.05], "rotation": 90, "texture": "#1"},
				"down": {"uv": [0, 0, 1, 7.05], "rotation": 270, "texture": "#0"}
			}
		},
		{
			"from": [3.94303, 9, 3.52202],
			"to": [6.2777, 10, 5.81842],
			"rotation": {"angle": 22.5, "axis": "y", "origin": [2.259, 9.5, 2.259]},
			"faces": {
				"north": {"uv": [8, 0, 16, 3], "texture": "#2"},
				"east": {"uv": [0, 0, 1, 1], "texture": "#0"},
				"south": {"uv": [0, 0, 7.05, 1], "texture": "#0"},
				"west": {"uv": [0, 0, 1, 1], "texture": "#0"},
				"up": {"uv": [0, 0, 1, 7.05], "rotation": 90, "texture": "#1"},
				"down": {"uv": [0, 0, 1, 7.05], "rotation": 270, "texture": "#0"}
			}
		},
		{
			"from": [3.50289, 9, 4.01958],
			"to": [5.81842, 10, 6.33511],
			"rotation": {"angle": -22.5, "axis": "y", "origin": [2.259, 9.5, 2.259]},
			"faces": {
				"north": {"uv": [0, 0, 1, 1], "texture": "#0"},
				"east": {"uv": [0, 0, 7.05, 1], "texture": "#0"},
				"south": {"uv": [0, 0, 1, 1], "texture": "#0"},
				"west": {"uv": [8, 0, 16, 3], "texture": "#2"},
				"up": {"uv": [0, 0, 1, 7.05], "texture": "#1"},
				"down": {"uv": [0, 0, 1, 7.05], "texture": "#0"}
			}
		},
		{
			"from": [10.18158, 9, 4.01958],
			"to": [12.49711, 10, 6.33511],
			"rotation": {"angle": 22.5, "axis": "y", "origin": [13.741, 9.5, 2.259]},
			"faces": {
				"north": {"uv": [1, 0, 0, 1], "texture": "#0"},
				"east": {"uv": [8, 0, 16, 3], "texture": "#2"},
				"south": {"uv": [1, 0, 0, 1], "texture": "#0"},
				"west": {"uv": [7.05, 0, 0, 1], "texture": "#0"},
				"up": {"uv": [1, 0, 0, 7.05], "texture": "#1"},
				"down": {"uv": [1, 0, 0, 7.05], "texture": "#0"}
			}
		},
		{
			"from": [9.7223, 9, 3.52202],
			"to": [12.05697, 10, 5.81842],
			"rotation": {"angle": -22.5, "axis": "y", "origin": [13.741, 9.5, 2.259]},
			"faces": {
				"north": {"uv": [8, 0, 16, 3], "texture": "#2"},
				"east": {"uv": [1, 0, 0, 1], "texture": "#0"},
				"south": {"uv": [7.05, 0, 0, 1], "texture": "#0"},
				"west": {"uv": [1, 0, 0, 1], "texture": "#0"},
				"up": {"uv": [0, 7.05, 1, 0], "rotation": 90, "texture": "#1"},
				"down": {"uv": [0, 7.05, 1, 0], "rotation": 270, "texture": "#0"}
			}
		},
		{
			"from": [12.66934, 9, 4.07699],
			"to": [14.8892, 10, 6.37338],
			"rotation": {"angle": -45, "axis": "y", "origin": [13.741, 9.5, 2.259]},
			"faces": {
				"north": {"uv": [0, 0, 8, 3], "texture": "#2"},
				"east": {"uv": [1, 0, 0, 1], "texture": "#0"},
				"south": {"uv": [7.05, 0, 0, 1], "texture": "#0"},
				"west": {"uv": [1, 0, 0, 1], "texture": "#0"},
				"up": {"uv": [0, 7.05, 1, 0], "rotation": 90, "texture": "#1"},
				"down": {"uv": [0, 7.05, 1, 0], "rotation": 270, "texture": "#0"}
			}
		},
		{
			"from": [6.46907, 9, 1.87627],
			"to": [9.53093, 10, 4.17267],
			"faces": {
				"north": {"uv": [0, 0, 8, 3], "texture": "#2"},
				"east": {"uv": [1, 0, 0, 1], "texture": "#0"},
				"south": {"uv": [6, 0, 0, 1], "texture": "#0"},
				"west": {"uv": [1, 0, 0, 1], "texture": "#0"},
				"up": {"uv": [0, 6, 1, 0], "rotation": 90, "texture": "#1"},
				"down": {"uv": [0, 6, 1, 0], "rotation": 270, "texture": "#0"}
			}
		},
		{
			"from": [6.46907, 9, 11.82733],
			"to": [9.53093, 10, 14.12373],
			"faces": {
				"north": {"uv": [0, 0, 6, 1], "texture": "#0"},
				"east": {"uv": [0, 0, 1, 1], "texture": "#0"},
				"south": {"uv": [0, 0, 8, 3], "texture": "#2"},
				"west": {"uv": [0, 0, 1, 1], "texture": "#0"},
				"up": {"uv": [1, 6, 0, 0], "rotation": 90, "texture": "#1"},
				"down": {"uv": [1, 6, 0, 0], "rotation": 270, "texture": "#0"}
			}
		},
		{
			"from": [12.66934, 9, 9.62662],
			"to": [14.8892, 10, 11.92301],
			"rotation": {"angle": 45, "axis": "y", "origin": [13.741, 9.5, 13.741]},
			"faces": {
				"north": {"uv": [0, 0, 7.05, 1], "texture": "#0"},
				"east": {"uv": [0, 0, 1, 1], "texture": "#0"},
				"south": {"uv": [0, 0, 8, 3], "texture": "#2"},
				"west": {"uv": [0, 0, 1, 1], "texture": "#0"},
				"up": {"uv": [1, 7.05, 0, 0], "rotation": 90, "texture": "#1"},
				"down": {"uv": [1, 7.05, 0, 0], "rotation": 270, "texture": "#0"}
			}
		},
		{
			"from": [9.7223, 9, 10.18158],
			"to": [12.05697, 10, 12.47798],
			"rotation": {"angle": 22.5, "axis": "y", "origin": [13.741, 9.5, 13.741]},
			"faces": {
				"north": {"uv": [0, 0, 7.05, 1], "texture": "#0"},
				"east": {"uv": [0, 0, 1, 1], "texture": "#0"},
				"south": {"uv": [8, 0, 16, 3], "texture": "#2"},
				"west": {"uv": [0, 0, 1, 1], "texture": "#0"},
				"up": {"uv": [1, 7.05, 0, 0], "rotation": 90, "texture": "#1"},
				"down": {"uv": [1, 7.05, 0, 0], "rotation": 270, "texture": "#0"}
			}
		},
		{
			"from": [10.18158, 9, 9.66489],
			"to": [12.49711, 10, 11.98042],
			"rotation": {"angle": -22.5, "axis": "y", "origin": [13.741, 9.5, 13.741]},
			"faces": {
				"north": {"uv": [0, 0, 1, 1], "texture": "#0"},
				"east": {"uv": [8, 0, 16, 3], "texture": "#2", "cullface": "east"},
				"south": {"uv": [0, 0, 1, 1], "texture": "#0"},
				"west": {"uv": [0, 0, 7.05, 1], "texture": "#0"},
				"up": {"uv": [1, 7.05, 0, 0], "texture": "#1"},
				"down": {"uv": [1, 7.05, 0, 0], "texture": "#0"}
			}
		},
		{
			"from": [3.50289, 9, 9.66489],
			"to": [5.81842, 10, 11.98042],
			"rotation": {"angle": 22.5, "axis": "y", "origin": [2.259, 9.5, 13.741]},
			"faces": {
				"north": {"uv": [1, 0, 0, 1], "texture": "#0"},
				"east": {"uv": [7.05, 0, 0, 1], "texture": "#0"},
				"south": {"uv": [1, 0, 0, 1], "texture": "#0"},
				"west": {"uv": [8, 0, 16, 3], "texture": "#2"},
				"up": {"uv": [0, 7.05, 1, 0], "texture": "#1"},
				"down": {"uv": [0, 7.05, 1, 0], "texture": "#0"}
			}
		},
		{
			"from": [3.94303, 9, 10.18158],
			"to": [6.2777, 10, 12.47798],
			"rotation": {"angle": -22.5, "axis": "y", "origin": [2.259, 9.5, 13.741]},
			"faces": {
				"north": {"uv": [7.05, 0, 0, 1], "texture": "#0"},
				"east": {"uv": [1, 0, 0, 1], "texture": "#0"},
				"south": {"uv": [8, 0, 16, 3], "texture": "#2"},
				"west": {"uv": [1, 0, 0, 1], "texture": "#0"},
				"up": {"uv": [1, 0, 0, 7.05], "rotation": 90, "texture": "#1"},
				"down": {"uv": [1, 0, 0, 7.05], "rotation": 270, "texture": "#0"}
			}
		},
		{
			"from": [1.1108, 9, 9.62662],
			"to": [3.33066, 10, 11.92301],
			"rotation": {"angle": -45, "axis": "y", "origin": [2.259, 9.5, 13.741]},
			"faces": {
				"north": {"uv": [7.05, 0, 0, 1], "texture": "#0"},
				"east": {"uv": [1, 0, 0, 1], "texture": "#0"},
				"south": {"uv": [0, 0, 8, 3], "texture": "#2"},
				"west": {"uv": [1, 0, 0, 1], "texture": "#0"},
				"up": {"uv": [1, 0, 0, 7.05], "rotation": 90, "texture": "#1"},
				"down": {"uv": [1, 0, 0, 7.05], "rotation": 270, "texture": "#0"}
			}
		},
		{
			"from": [11.82733, 9, 6.46907],
			"to": [14.12373, 10, 9.53093],
			"faces": {
				"north": {"uv": [0, 0, 1, 1], "texture": "#0"},
				"east": {"uv": [0, 0, 8, 3], "texture": "#2"},
				"south": {"uv": [0, 0, 1, 1], "texture": "#0"},
				"west": {"uv": [0, 0, 6, 1], "texture": "#0"},
				"up": {"uv": [0, 0, 1, 6], "rotation": 180, "texture": "#1"},
				"down": {"uv": [0, 0, 1, 6], "rotation": 180, "texture": "#0"}
			}
		},
		{
			"from": [1.87627, 9, 6.46907],
			"to": [4.17267, 10, 9.53093],
			"faces": {
				"north": {"uv": [1, 0, 0, 1], "texture": "#0"},
				"east": {"uv": [6, 0, 0, 1], "texture": "#0"},
				"south": {"uv": [1, 0, 0, 1], "texture": "#0"},
				"west": {"uv": [0, 0, 8, 3], "texture": "#2"},
				"up": {"uv": [1, 0, 0, 6], "rotation": 180, "texture": "#1"},
				"down": {"uv": [1, 0, 0, 6], "rotation": 180, "texture": "#0"}
			}
		},
		{
			"from": [1.38637, 10, 4.23391],
			"to": [3.51743, 11, 6.43845],
			"rotation": {"angle": 45, "axis": "y", "origin": [2.48864, 10.5, 2.48864]},
			"faces": {
				"north": {"uv": [0, 0, 2.13106, 1], "texture": "#1"},
				"east": {"uv": [0, 0, 2.20454, 1], "texture": "#1"},
				"south": {"uv": [0, 0, 2.13106, 1], "texture": "#1"},
				"west": {"uv": [0, 0, 2.20454, 1], "texture": "#1"},
				"up": {"uv": [0, 0, 2.13106, 2.20454], "rotation": 90, "texture": "#1"},
				"down": {"uv": [0, 0, 2.13106, 2.20454], "rotation": 270, "texture": "#1"}
			}
		},
		{
			"from": [4.10531, 10, 3.70114],
			"to": [6.34659, 11, 5.90568],
			"rotation": {"angle": 22.5, "axis": "y", "origin": [2.48864, 10.5, 2.48864]},
			"faces": {
				"north": {"uv": [0, 0, 2.24128, 1], "texture": "#1"},
				"east": {"uv": [0, 0, 2.20454, 1], "texture": "#1"},
				"south": {"uv": [0, 0, 2.24128, 1], "texture": "#1"},
				"west": {"uv": [0, 0, 2.20454, 1], "texture": "#1"},
				"up": {"uv": [0, 0, 2.24128, 2.20454], "rotation": 90, "texture": "#1"},
				"down": {"uv": [0, 0, 2.24128, 2.20454], "rotation": 270, "texture": "#1"}
			}
		},
		{
			"from": [3.68277, 10, 4.17879],
			"to": [5.90568, 11, 6.40171],
			"rotation": {"angle": -22.5, "axis": "y", "origin": [2.48864, 10.5, 2.48864]},
			"faces": {
				"north": {"uv": [0, 0, 2.22291, 1], "texture": "#1"},
				"east": {"uv": [0, 0, 2.22292, 1], "texture": "#1"},
				"south": {"uv": [0, 0, 2.22291, 1], "texture": "#1"},
				"west": {"uv": [0, 0, 2.22292, 1], "texture": "#1"},
				"up": {"uv": [0, 0, 2.22291, 2.22292], "texture": "#1"},
				"down": {"uv": [0, 0, 2.22291, 2.22292], "texture": "#1"}
			}
		},
		{
			"from": [10.09432, 10, 4.17879],
			"to": [12.31723, 11, 6.40171],
			"rotation": {"angle": 22.5, "axis": "y", "origin": [13.51136, 10.5, 2.48864]},
			"faces": {
				"north": {"uv": [0, 0, 2.22291, 1], "texture": "#1"},
				"east": {"uv": [0, 0, 2.22292, 1], "texture": "#1"},
				"south": {"uv": [0, 0, 2.22291, 1], "texture": "#1"},
				"west": {"uv": [0, 0, 2.22292, 1], "texture": "#1"},
				"up": {"uv": [0, 0, 2.22291, 2.22292], "texture": "#1"},
				"down": {"uv": [0, 0, 2.22291, 2.22292], "texture": "#1"}
			}
		},
		{
			"from": [9.65341, 10, 3.70114],
			"to": [11.89469, 11, 5.90568],
			"rotation": {"angle": -22.5, "axis": "y", "origin": [13.51136, 10.5, 2.48864]},
			"faces": {
				"north": {"uv": [0, 0, 2.24128, 1], "texture": "#1"},
				"east": {"uv": [0, 0, 2.20454, 1], "texture": "#1"},
				"south": {"uv": [0, 0, 2.24128, 1], "texture": "#1"},
				"west": {"uv": [0, 0, 2.20454, 1], "texture": "#1"},
				"up": {"uv": [0, 0, 2.24128, 2.20454], "rotation": 90, "texture": "#1"},
				"down": {"uv": [0, 0, 2.24128, 2.20454], "rotation": 270, "texture": "#1"}
			}
		},
		{
			"from": [12.48257, 10, 4.23391],
			"to": [14.61363, 11, 6.43845],
			"rotation": {"angle": -45, "axis": "y", "origin": [13.51136, 10.5, 2.48864]},
			"faces": {
				"north": {"uv": [0, 0, 2.13106, 1], "texture": "#1"},
				"east": {"uv": [0, 0, 2.20454, 1], "texture": "#1"},
				"south": {"uv": [0, 0, 2.13106, 1], "texture": "#1"},
				"west": {"uv": [0, 0, 2.20454, 1], "texture": "#1"},
				"up": {"uv": [0, 0, 2.13106, 2.20454], "rotation": 90, "texture": "#1"},
				"down": {"uv": [0, 0, 2.13106, 2.20454], "rotation": 270, "texture": "#1"}
			}
		},
		{
			"from": [6.5303, 10, 2.12122],
			"to": [9.4697, 11, 4.32576],
			"faces": {
				"north": {"uv": [0, 0, 2.9394, 1], "texture": "#1"},
				"east": {"uv": [0, 0, 2.20454, 1], "texture": "#1"},
				"south": {"uv": [0, 0, 2.9394, 1], "texture": "#1"},
				"west": {"uv": [0, 0, 2.20454, 1], "texture": "#1"},
				"up": {"uv": [0, 0, 2.9394, 2.20454], "rotation": 90, "texture": "#1"},
				"down": {"uv": [0, 0, 2.9394, 2.20454], "rotation": 270, "texture": "#1"}
			}
		},
		{
			"from": [6.5303, 10, 11.67424],
			"to": [9.4697, 11, 13.87878],
			"faces": {
				"north": {"uv": [0, 0, 2.9394, 1], "texture": "#1"},
				"east": {"uv": [0, 0, 2.20454, 1], "texture": "#1"},
				"south": {"uv": [0, 0, 2.9394, 1], "texture": "#1"},
				"west": {"uv": [0, 0, 2.20454, 1], "texture": "#1"},
				"up": {"uv": [0, 0, 2.9394, 2.20454], "rotation": 90, "texture": "#1"},
				"down": {"uv": [0, 0, 2.9394, 2.20454], "rotation": 270, "texture": "#1"}
			}
		},
		{
			"from": [12.48257, 10, 9.56155],
			"to": [14.61363, 11, 11.76609],
			"rotation": {"angle": 45, "axis": "y", "origin": [13.51136, 10.5, 13.51136]},
			"faces": {
				"north": {"uv": [0, 0, 2.13106, 1], "texture": "#1"},
				"east": {"uv": [0, 0, 2.20454, 1], "texture": "#1"},
				"south": {"uv": [0, 0, 2.13106, 1], "texture": "#1"},
				"west": {"uv": [0, 0, 2.20454, 1], "texture": "#1"},
				"up": {"uv": [0, 0, 2.13106, 2.20454], "rotation": 90, "texture": "#1"},
				"down": {"uv": [0, 0, 2.13106, 2.20454], "rotation": 270, "texture": "#1"}
			}
		},
		{
			"from": [9.65341, 10, 10.09432],
			"to": [11.89469, 11, 12.29886],
			"rotation": {"angle": 22.5, "axis": "y", "origin": [13.51136, 10.5, 13.51136]},
			"faces": {
				"north": {"uv": [0, 0, 2.24128, 1], "texture": "#1"},
				"east": {"uv": [0, 0, 2.20454, 1], "texture": "#1"},
				"south": {"uv": [0, 0, 2.24128, 1], "texture": "#1"},
				"west": {"uv": [0, 0, 2.20454, 1], "texture": "#1"},
				"up": {"uv": [0, 0, 2.24128, 2.20454], "rotation": 90, "texture": "#1"},
				"down": {"uv": [0, 0, 2.24128, 2.20454], "rotation": 270, "texture": "#1"}
			}
		},
		{
			"from": [10.09432, 10, 9.59829],
			"to": [12.31723, 11, 11.82121],
			"rotation": {"angle": -22.5, "axis": "y", "origin": [13.51136, 10.5, 13.51136]},
			"faces": {
				"north": {"uv": [0, 0, 2.22291, 1], "texture": "#1"},
				"east": {"uv": [0, 0, 2.22292, 1], "texture": "#1"},
				"south": {"uv": [0, 0, 2.22291, 1], "texture": "#1"},
				"west": {"uv": [0, 0, 2.22292, 1], "texture": "#1"},
				"up": {"uv": [0, 0, 2.22291, 2.22292], "texture": "#1"},
				"down": {"uv": [0, 0, 2.22291, 2.22292], "texture": "#1"}
			}
		},
		{
			"from": [3.68277, 10, 9.59829],
			"to": [5.90568, 11, 11.82121],
			"rotation": {"angle": 22.5, "axis": "y", "origin": [2.48864, 10.5, 13.51136]},
			"faces": {
				"north": {"uv": [0, 0, 2.22291, 1], "texture": "#1"},
				"east": {"uv": [0, 0, 2.22292, 1], "texture": "#1"},
				"south": {"uv": [0, 0, 2.22291, 1], "texture": "#1"},
				"west": {"uv": [0, 0, 2.22292, 1], "texture": "#1"},
				"up": {"uv": [0, 0, 2.22291, 2.22292], "texture": "#1"},
				"down": {"uv": [0, 0, 2.22291, 2.22292], "texture": "#1"}
			}
		},
		{
			"from": [4.10531, 10, 10.09432],
			"to": [6.34659, 11, 12.29886],
			"rotation": {"angle": -22.5, "axis": "y", "origin": [2.48864, 10.5, 13.51136]},
			"faces": {
				"north": {"uv": [0, 0, 2.24128, 1], "texture": "#1"},
				"east": {"uv": [0, 0, 2.20454, 1], "texture": "#1"},
				"south": {"uv": [0, 0, 2.24128, 1], "texture": "#1"},
				"west": {"uv": [0, 0, 2.20454, 1], "texture": "#1"},
				"up": {"uv": [0, 0, 2.24128, 2.20454], "rotation": 90, "texture": "#1"},
				"down": {"uv": [0, 0, 2.24128, 2.20454], "rotation": 270, "texture": "#1"}
			}
		},
		{
			"from": [1.38637, 10, 9.56155],
			"to": [3.51743, 11, 11.76609],
			"rotation": {"angle": -45, "axis": "y", "origin": [2.48864, 10.5, 13.51136]},
			"faces": {
				"north": {"uv": [0, 0, 2.13106, 1], "texture": "#1"},
				"east": {"uv": [0, 0, 2.20454, 1], "texture": "#1"},
				"south": {"uv": [0, 0, 2.13106, 1], "texture": "#1"},
				"west": {"uv": [0, 0, 2.20454, 1], "texture": "#1"},
				"up": {"uv": [0, 0, 2.13106, 2.20454], "rotation": 90, "texture": "#1"},
				"down": {"uv": [0, 0, 2.13106, 2.20454], "rotation": 270, "texture": "#1"}
			}
		},
		{
			"from": [11.67424, 10, 6.5303],
			"to": [13.87878, 11, 9.4697],
			"faces": {
				"north": {"uv": [0, 0, 2.20454, 1], "texture": "#1"},
				"east": {"uv": [0, 0, 2.9394, 1], "texture": "#1"},
				"south": {"uv": [0, 0, 2.20454, 1], "texture": "#1"},
				"west": {"uv": [0, 0, 2.9394, 1], "texture": "#1"},
				"up": {"uv": [0, 0, 2.20454, 2.9394], "rotation": 180, "texture": "#1"},
				"down": {"uv": [0, 0, 2.20454, 2.9394], "rotation": 180, "texture": "#1"}
			}
		},
		{
			"from": [2.12122, 10, 6.5303],
			"to": [4.32576, 11, 9.4697],
			"faces": {
				"north": {"uv": [0, 0, 2.20454, 1], "texture": "#1"},
				"east": {"uv": [0, 0, 2.9394, 1], "texture": "#1"},
				"south": {"uv": [0, 0, 2.20454, 1], "texture": "#1"},
				"west": {"uv": [0, 0, 2.9394, 1], "texture": "#1"},
				"up": {"uv": [0, 0, 2.20454, 2.9394], "rotation": 180, "texture": "#1"},
				"down": {"uv": [0, 0, 2.20454, 2.9394], "rotation": 180, "texture": "#1"}
			}
		},
		{
			"from": [-1, 4, 2.875],
			"to": [1.9, 5, 5.875],
			"rotation": {"angle": 45, "axis": "y", "origin": [0.5, 4.5, 0.5]},
			"faces": {
				"north": {"uv": [0, 0, 7.05, 1], "texture": "#0"},
				"east": {"uv": [0, 0, 1, 1], "texture": "#0"},
				"south": {"uv": [0, 0, 7.05, 1], "texture": "#0"},
				"west": {"uv": [0, 0, 1, 1], "texture": "#0"},
				"up": {"uv": [0, 0, 1, 7.05], "rotation": 90, "texture": "#0"},
				"down": {"uv": [0, 0, 1, 7.05], "rotation": 270, "texture": "#0"}
			}
		},
		{
			"from": [2.7, 4, 2.15],
			"to": [5.75, 5, 5.15],
			"rotation": {"angle": 22.5, "axis": "y", "origin": [0.5, 4.5, 0.5]},
			"faces": {
				"north": {"uv": [0, 0, 7.05, 1], "texture": "#0"},
				"east": {"uv": [0, 0, 1, 1], "texture": "#0"},
				"south": {"uv": [0, 0, 7.05, 1], "texture": "#0"},
				"west": {"uv": [0, 0, 1, 1], "texture": "#0"},
				"up": {"uv": [0, 0, 1, 7.05], "rotation": 90, "texture": "#0"},
				"down": {"uv": [0, 0, 1, 7.05], "rotation": 270, "texture": "#0"}
			}
		},
		{
			"from": [2.125, 4, 2.8],
			"to": [5.15, 5, 5.825],
			"rotation": {"angle": -22.5, "axis": "y", "origin": [0.5, 4.5, 0.5]},
			"faces": {
				"north": {"uv": [0, 0, 1, 1], "texture": "#0"},
				"east": {"uv": [0, 0, 7.05, 1], "texture": "#0"},
				"south": {"uv": [0, 0, 1, 1], "texture": "#0"},
				"west": {"uv": [0, 0, 7.05, 1], "texture": "#0"},
				"up": {"uv": [0, 0, 1, 7.05], "texture": "#0"},
				"down": {"uv": [0, 0, 1, 7.05], "texture": "#0"}
			}
		},
		{
			"from": [10.85, 4, 2.8],
			"to": [13.875, 5, 5.825],
			"rotation": {"angle": 22.5, "axis": "y", "origin": [15.5, 4.5, 0.5]},
			"faces": {
				"north": {"uv": [1, 0, 0, 1], "texture": "#0"},
				"east": {"uv": [7.05, 0, 0, 1], "texture": "#0"},
				"south": {"uv": [1, 0, 0, 1], "texture": "#0"},
				"west": {"uv": [7.05, 0, 0, 1], "texture": "#0"},
				"up": {"uv": [1, 0, 0, 7.05], "texture": "#0"},
				"down": {"uv": [1, 0, 0, 7.05], "texture": "#0"}
			}
		},
		{
			"from": [10.25, 4, 2.15],
			"to": [13.3, 5, 5.15],
			"rotation": {"angle": -22.5, "axis": "y", "origin": [15.5, 4.5, 0.5]},
			"faces": {
				"north": {"uv": [7.05, 0, 0, 1], "texture": "#0"},
				"east": {"uv": [1, 0, 0, 1], "texture": "#0"},
				"south": {"uv": [7.05, 0, 0, 1], "texture": "#0"},
				"west": {"uv": [1, 0, 0, 1], "texture": "#0"},
				"up": {"uv": [0, 7.05, 1, 0], "rotation": 90, "texture": "#0"},
				"down": {"uv": [0, 7.05, 1, 0], "rotation": 270, "texture": "#0"}
			}
		},
		{
			"from": [14.1, 4, 2.875],
			"to": [17, 5, 5.875],
			"rotation": {"angle": -45, "axis": "y", "origin": [15.5, 4.5, 0.5]},
			"faces": {
				"north": {"uv": [7.05, 0, 0, 1], "texture": "#0"},
				"east": {"uv": [1, 0, 0, 1], "texture": "#0"},
				"south": {"uv": [7.05, 0, 0, 1], "texture": "#0"},
				"west": {"uv": [1, 0, 0, 1], "texture": "#0"},
				"up": {"uv": [0, 7.05, 1, 0], "rotation": 90, "texture": "#0"},
				"down": {"uv": [0, 7.05, 1, 0], "rotation": 270, "texture": "#0"}
			}
		},
		{
			"from": [6, 4, 0],
			"to": [10, 5, 3],
			"faces": {
				"north": {"uv": [6, 0, 0, 1], "texture": "#0"},
				"east": {"uv": [1, 0, 0, 1], "texture": "#0"},
				"south": {"uv": [6, 0, 0, 1], "texture": "#0"},
				"west": {"uv": [1, 0, 0, 1], "texture": "#0"},
				"up": {"uv": [0, 6, 1, 0], "rotation": 90, "texture": "#0"},
				"down": {"uv": [0, 6, 1, 0], "rotation": 270, "texture": "#0"}
			}
		},
		{
			"from": [6, 4, 13],
			"to": [10, 5, 16],
			"faces": {
				"north": {"uv": [0, 0, 6, 1], "texture": "#0"},
				"east": {"uv": [0, 0, 1, 1], "texture": "#0"},
				"south": {"uv": [0, 0, 6, 1], "texture": "#0"},
				"west": {"uv": [0, 0, 1, 1], "texture": "#0"},
				"up": {"uv": [1, 6, 0, 0], "rotation": 90, "texture": "#0"},
				"down": {"uv": [1, 6, 0, 0], "rotation": 270, "texture": "#0"}
			}
		},
		{
			"from": [14.1, 4, 10.125],
			"to": [17, 5, 13.125],
			"rotation": {"angle": 45, "axis": "y", "origin": [15.5, 4.5, 15.5]},
			"faces": {
				"north": {"uv": [0, 0, 7.05, 1], "texture": "#0"},
				"east": {"uv": [0, 0, 1, 1], "texture": "#0"},
				"south": {"uv": [0, 0, 7.05, 1], "texture": "#0"},
				"west": {"uv": [0, 0, 1, 1], "texture": "#0"},
				"up": {"uv": [1, 7.05, 0, 0], "rotation": 90, "texture": "#0"},
				"down": {"uv": [1, 7.05, 0, 0], "rotation": 270, "texture": "#0"}
			}
		},
		{
			"from": [10.25, 4, 10.85],
			"to": [13.3, 5, 13.85],
			"rotation": {"angle": 22.5, "axis": "y", "origin": [15.5, 4.5, 15.5]},
			"faces": {
				"north": {"uv": [0, 0, 7.05, 1], "texture": "#0"},
				"east": {"uv": [0, 0, 1, 1], "texture": "#0"},
				"south": {"uv": [0, 0, 7.05, 1], "texture": "#0"},
				"west": {"uv": [0, 0, 1, 1], "texture": "#0"},
				"up": {"uv": [1, 7.05, 0, 0], "rotation": 90, "texture": "#0"},
				"down": {"uv": [1, 7.05, 0, 0], "rotation": 270, "texture": "#0"}
			}
		},
		{
			"from": [10.85, 4, 10.175],
			"to": [13.875, 5, 13.2],
			"rotation": {"angle": -22.5, "axis": "y", "origin": [15.5, 4.5, 15.5]},
			"faces": {
				"north": {"uv": [0, 0, 1, 1], "texture": "#0"},
				"east": {"uv": [0, 0, 7.05, 1], "texture": "#0"},
				"south": {"uv": [0, 0, 1, 1], "texture": "#0"},
				"west": {"uv": [0, 0, 7.05, 1], "texture": "#0"},
				"up": {"uv": [1, 7.05, 0, 0], "texture": "#0"},
				"down": {"uv": [1, 7.05, 0, 0], "texture": "#0"}
			}
		},
		{
			"from": [2.125, 4, 10.175],
			"to": [5.15, 5, 13.2],
			"rotation": {"angle": 22.5, "axis": "y", "origin": [0.5, 4.5, 15.5]},
			"faces": {
				"north": {"uv": [1, 0, 0, 1], "texture": "#0"},
				"east": {"uv": [7.05, 0, 0, 1], "texture": "#0"},
				"south": {"uv": [1, 0, 0, 1], "texture": "#0"},
				"west": {"uv": [7.05, 0, 0, 1], "texture": "#0"},
				"up": {"uv": [0, 7.05, 1, 0], "texture": "#0"},
				"down": {"uv": [0, 7.05, 1, 0], "texture": "#0"}
			}
		},
		{
			"from": [2.7, 4, 10.85],
			"to": [5.75, 5, 13.85],
			"rotation": {"angle": -22.5, "axis": "y", "origin": [0.5, 4.5, 15.5]},
			"faces": {
				"north": {"uv": [7.05, 0, 0, 1], "texture": "#0"},
				"east": {"uv": [1, 0, 0, 1], "texture": "#0"},
				"south": {"uv": [7.05, 0, 0, 1], "texture": "#0"},
				"west": {"uv": [1, 0, 0, 1], "texture": "#0"},
				"up": {"uv": [1, 0, 0, 7.05], "rotation": 90, "texture": "#0"},
				"down": {"uv": [1, 0, 0, 7.05], "rotation": 270, "texture": "#0"}
			}
		},
		{
			"from": [-1, 4, 10.125],
			"to": [1.9, 5, 13.125],
			"rotation": {"angle": -45, "axis": "y", "origin": [0.5, 4.5, 15.5]},
			"faces": {
				"north": {"uv": [7.05, 0, 0, 1], "texture": "#0"},
				"east": {"uv": [1, 0, 0, 1], "texture": "#0"},
				"south": {"uv": [7.05, 0, 0, 1], "texture": "#0"},
				"west": {"uv": [1, 0, 0, 1], "texture": "#0"},
				"up": {"uv": [1, 0, 0, 7.05], "rotation": 90, "texture": "#0"},
				"down": {"uv": [1, 0, 0, 7.05], "rotation": 270, "texture": "#0"}
			}
		},
		{
			"from": [13, 4, 6],
			"to": [16, 5, 10],
			"faces": {
				"north": {"uv": [0, 0, 1, 1], "texture": "#0"},
				"east": {"uv": [0, 0, 6, 1], "texture": "#0"},
				"south": {"uv": [0, 0, 1, 1], "texture": "#0"},
				"west": {"uv": [0, 0, 6, 1], "texture": "#0"},
				"up": {"uv": [0, 0, 1, 6], "rotation": 180, "texture": "#0"},
				"down": {"uv": [0, 0, 1, 6], "rotation": 180, "texture": "#0"}
			}
		},
		{
			"from": [0, 4, 6],
			"to": [3, 5, 10],
			"faces": {
				"north": {"uv": [1, 0, 0, 1], "texture": "#0"},
				"east": {"uv": [6, 0, 0, 1], "texture": "#0"},
				"south": {"uv": [1, 0, 0, 1], "texture": "#0"},
				"west": {"uv": [6, 0, 0, 1], "texture": "#0"},
				"up": {"uv": [1, 0, 0, 6], "rotation": 180, "texture": "#0"},
				"down": {"uv": [1, 0, 0, 6], "rotation": 180, "texture": "#0"}
			}
		},
		{
			"from": [-2.8, 3, 1.85],
			"to": [0.68, 4, 5.45],
			"rotation": {"angle": 45, "axis": "y", "origin": [-1, 3.5, -1]},
			"faces": {
				"north": {"uv": [0, 0, 7.05, 1], "texture": "#0"},
				"east": {"uv": [0, 0, 1, 1], "texture": "#0"},
				"south": {"uv": [0, 0, 7.05, 1], "texture": "#0"},
				"west": {"uv": [0, 0, 1, 1], "texture": "#0"},
				"up": {"uv": [0, 0, 1, 7.05], "rotation": 90, "texture": "#0"},
				"down": {"uv": [0, 0, 1, 7.05], "rotation": 270, "texture": "#0"}
			}
		},
		{
			"from": [1.64, 3, 0.98],
			"to": [5.3, 4, 4.58],
			"rotation": {"angle": 22.5, "axis": "y", "origin": [-1, 3.5, -1]},
			"faces": {
				"north": {"uv": [0, 0, 7.05, 1], "texture": "#0"},
				"east": {"uv": [0, 0, 1, 1], "texture": "#0"},
				"south": {"uv": [0, 0, 7.05, 1], "texture": "#0"},
				"west": {"uv": [0, 0, 1, 1], "texture": "#0"},
				"up": {"uv": [0, 0, 1, 7.05], "rotation": 90, "texture": "#0"},
				"down": {"uv": [0, 0, 1, 7.05], "rotation": 270, "texture": "#0"}
			}
		},
		{
			"from": [0.95, 3, 1.76],
			"to": [4.58, 4, 5.39],
			"rotation": {"angle": -22.5, "axis": "y", "origin": [-1, 3.5, -1]},
			"faces": {
				"north": {"uv": [0, 0, 1, 1], "texture": "#0"},
				"east": {"uv": [0, 0, 7.05, 1], "texture": "#0"},
				"south": {"uv": [0, 0, 1, 1], "texture": "#0"},
				"west": {"uv": [0, 0, 7.05, 1], "texture": "#0"},
				"up": {"uv": [0, 0, 1, 7.05], "texture": "#0"},
				"down": {"uv": [0, 0, 1, 7.05], "texture": "#0"}
			}
		},
		{
			"from": [11.42, 3, 1.76],
			"to": [15.05, 4, 5.39],
			"rotation": {"angle": 22.5, "axis": "y", "origin": [17, 3.5, -1]},
			"faces": {
				"north": {"uv": [1, 0, 0, 1], "texture": "#0"},
				"east": {"uv": [7.05, 0, 0, 1], "texture": "#0"},
				"south": {"uv": [1, 0, 0, 1], "texture": "#0"},
				"west": {"uv": [7.05, 0, 0, 1], "texture": "#0"},
				"up": {"uv": [1, 0, 0, 7.05], "texture": "#0"},
				"down": {"uv": [1, 0, 0, 7.05], "texture": "#0"}
			}
		},
		{
			"from": [10.7, 3, 0.98],
			"to": [14.36, 4, 4.58],
			"rotation": {"angle": -22.5, "axis": "y", "origin": [17, 3.5, -1]},
			"faces": {
				"north": {"uv": [7.05, 0, 0, 1], "texture": "#0"},
				"east": {"uv": [1, 0, 0, 1], "texture": "#0"},
				"south": {"uv": [7.05, 0, 0, 1], "texture": "#0"},
				"west": {"uv": [1, 0, 0, 1], "texture": "#0"},
				"up": {"uv": [0, 7.05, 1, 0], "rotation": 90, "texture": "#0"},
				"down": {"uv": [0, 7.05, 1, 0], "rotation": 270, "texture": "#0"}
			}
		},
		{
			"from": [15.32, 3, 1.85],
			"to": [18.8, 4, 5.45],
			"rotation": {"angle": -45, "axis": "y", "origin": [17, 3.5, -1]},
			"faces": {
				"north": {"uv": [7.05, 0, 0, 1], "texture": "#0"},
				"east": {"uv": [1, 0, 0, 1], "texture": "#0"},
				"south": {"uv": [7.05, 0, 0, 1], "texture": "#0"},
				"west": {"uv": [1, 0, 0, 1], "texture": "#0"},
				"up": {"uv": [0, 7.05, 1, 0], "rotation": 90, "texture": "#0"},
				"down": {"uv": [0, 7.05, 1, 0], "rotation": 270, "texture": "#0"}
			}
		},
		{
			"from": [5.6, 3, -1.6],
			"to": [10.4, 4, 2],
			"faces": {
				"north": {"uv": [6, 0, 0, 1], "texture": "#0"},
				"east": {"uv": [1, 0, 0, 1], "texture": "#0"},
				"south": {"uv": [6, 0, 0, 1], "texture": "#0"},
				"west": {"uv": [1, 0, 0, 1], "texture": "#0"},
				"up": {"uv": [0, 6, 1, 0], "rotation": 90, "texture": "#0"},
				"down": {"uv": [0, 6, 1, 0], "rotation": 270, "texture": "#0"}
			}
		},
		{
			"from": [5.6, 3, 14],
			"to": [10.4, 4, 17.6],
			"faces": {
				"north": {"uv": [0, 0, 6, 1], "texture": "#0"},
				"east": {"uv": [0, 0, 1, 1], "texture": "#0"},
				"south": {"uv": [0, 0, 6, 1], "texture": "#0"},
				"west": {"uv": [0, 0, 1, 1], "texture": "#0"},
				"up": {"uv": [1, 6, 0, 0], "rotation": 90, "texture": "#0"},
				"down": {"uv": [1, 6, 0, 0], "rotation": 270, "texture": "#0"}
			}
		},
		{
			"from": [15.32, 3, 10.55],
			"to": [18.8, 4, 14.15],
			"rotation": {"angle": 45, "axis": "y", "origin": [17, 3.5, 17]},
			"faces": {
				"north": {"uv": [0, 0, 7.05, 1], "texture": "#0"},
				"east": {"uv": [0, 0, 1, 1], "texture": "#0"},
				"south": {"uv": [0, 0, 7.05, 1], "texture": "#0"},
				"west": {"uv": [0, 0, 1, 1], "texture": "#0"},
				"up": {"uv": [1, 7.05, 0, 0], "rotation": 90, "texture": "#0"},
				"down": {"uv": [1, 7.05, 0, 0], "rotation": 270, "texture": "#0"}
			}
		},
		{
			"from": [10.7, 3, 11.42],
			"to": [14.36, 4, 15.02],
			"rotation": {"angle": 22.5, "axis": "y", "origin": [17, 3.5, 17]},
			"faces": {
				"north": {"uv": [0, 0, 7.05, 1], "texture": "#0"},
				"east": {"uv": [0, 0, 1, 1], "texture": "#0"},
				"south": {"uv": [0, 0, 7.05, 1], "texture": "#0"},
				"west": {"uv": [0, 0, 1, 1], "texture": "#0"},
				"up": {"uv": [1, 7.05, 0, 0], "rotation": 90, "texture": "#0"},
				"down": {"uv": [1, 7.05, 0, 0], "rotation": 270, "texture": "#0"}
			}
		},
		{
			"from": [11.42, 3, 10.61],
			"to": [15.05, 4, 14.24],
			"rotation": {"angle": -22.5, "axis": "y", "origin": [17, 3.5, 17]},
			"faces": {
				"north": {"uv": [0, 0, 1, 1], "texture": "#0"},
				"east": {"uv": [0, 0, 7.05, 1], "texture": "#0"},
				"south": {"uv": [0, 0, 1, 1], "texture": "#0"},
				"west": {"uv": [0, 0, 7.05, 1], "texture": "#0"},
				"up": {"uv": [1, 7.05, 0, 0], "texture": "#0"},
				"down": {"uv": [1, 7.05, 0, 0], "texture": "#0"}
			}
		},
		{
			"from": [0.95, 3, 10.61],
			"to": [4.58, 4, 14.24],
			"rotation": {"angle": 22.5, "axis": "y", "origin": [-1, 3.5, 17]},
			"faces": {
				"north": {"uv": [1, 0, 0, 1], "texture": "#0"},
				"east": {"uv": [7.05, 0, 0, 1], "texture": "#0"},
				"south": {"uv": [1, 0, 0, 1], "texture": "#0"},
				"west": {"uv": [7.05, 0, 0, 1], "texture": "#0"},
				"up": {"uv": [0, 7.05, 1, 0], "texture": "#0"},
				"down": {"uv": [0, 7.05, 1, 0], "texture": "#0"}
			}
		},
		{
			"from": [1.64, 3, 11.42],
			"to": [5.3, 4, 15.02],
			"rotation": {"angle": -22.5, "axis": "y", "origin": [-1, 3.5, 17]},
			"faces": {
				"north": {"uv": [7.05, 0, 0, 1], "texture": "#0"},
				"east": {"uv": [1, 0, 0, 1], "texture": "#0"},
				"south": {"uv": [7.05, 0, 0, 1], "texture": "#0"},
				"west": {"uv": [1, 0, 0, 1], "texture": "#0"},
				"up": {"uv": [1, 0, 0, 7.05], "rotation": 90, "texture": "#0"},
				"down": {"uv": [1, 0, 0, 7.05], "rotation": 270, "texture": "#0"}
			}
		},
		{
			"from": [-2.8, 3, 10.55],
			"to": [0.68, 4, 14.15],
			"rotation": {"angle": -45, "axis": "y", "origin": [-1, 3.5, 17]},
			"faces": {
				"north": {"uv": [7.05, 0, 0, 1], "texture": "#0"},
				"east": {"uv": [1, 0, 0, 1], "texture": "#0"},
				"south": {"uv": [7.05, 0, 0, 1], "texture": "#0"},
				"west": {"uv": [1, 0, 0, 1], "texture": "#0"},
				"up": {"uv": [1, 0, 0, 7.05], "rotation": 90, "texture": "#0"},
				"down": {"uv": [1, 0, 0, 7.05], "rotation": 270, "texture": "#0"}
			}
		},
		{
			"from": [14, 3, 5.6],
			"to": [17.6, 4, 10.4],
			"faces": {
				"north": {"uv": [0, 0, 1, 1], "texture": "#0"},
				"east": {"uv": [0, 0, 6, 1], "texture": "#0"},
				"south": {"uv": [0, 0, 1, 1], "texture": "#0"},
				"west": {"uv": [0, 0, 6, 1], "texture": "#0"},
				"up": {"uv": [0, 0, 1, 6], "rotation": 180, "texture": "#0"},
				"down": {"uv": [0, 0, 1, 6], "rotation": 180, "texture": "#0"}
			}
		},
		{
			"from": [-1.6, 3, 5.6],
			"to": [2, 4, 10.4],
			"faces": {
				"north": {"uv": [1, 0, 0, 1], "texture": "#0"},
				"east": {"uv": [6, 0, 0, 1], "texture": "#0"},
				"south": {"uv": [1, 0, 0, 1], "texture": "#0"},
				"west": {"uv": [6, 0, 0, 1], "texture": "#0"},
				"up": {"uv": [1, 0, 0, 6], "rotation": 180, "texture": "#0"},
				"down": {"uv": [1, 0, 0, 6], "rotation": 180, "texture": "#0"}
			}
		},
		{
			"from": [-7.552, 0, -0.856],
			"to": [-2.5408, 2, 4.328],
			"rotation": {"angle": 45, "axis": "y", "origin": [-4.96, 1.5, -4.96]},
			"faces": {
				"north": {"uv": [0, 0, 7.05, 1], "texture": "#1"},
				"east": {"uv": [0, 0, 1, 1], "texture": "#0"},
				"south": {"uv": [0, 0, 7.05, 1], "texture": "#0"},
				"west": {"uv": [0, 0, 1, 1], "texture": "#1"},
				"up": {"uv": [0, 0, 1, 7.05], "rotation": 90, "texture": "#0"},
				"down": {"uv": [0, 0, 1, 7.05], "rotation": 270, "texture": "#0"}
			}
		},
		{
			"from": [-1.1584, 0, -2.1088],
			"to": [4.112, 2, 3.0752],
			"rotation": {"angle": 22.5, "axis": "y", "origin": [-4.96, 1.5, -4.96]},
			"faces": {
				"north": {"uv": [0, 0, 7.05, 1], "texture": "#1"},
				"east": {"uv": [0, 0, 1, 1], "texture": "#0"},
				"south": {"uv": [0, 0, 7.05, 1], "texture": "#0"},
				"west": {"uv": [0, 0, 1, 1], "texture": "#0"},
				"up": {"uv": [0, 0, 1, 7.05], "rotation": 90, "texture": "#0"},
				"down": {"uv": [0, 0, 1, 7.05], "rotation": 270, "texture": "#0"}
			}
		},
		{
			"from": [-2.152, 0, -0.9856],
			"to": [3.0752, 2, 4.2416],
			"rotation": {"angle": -22.5, "axis": "y", "origin": [-4.96, 1.5, -4.96]},
			"faces": {
				"north": {"uv": [0, 0, 1, 1], "texture": "#0"},
				"east": {"uv": [0, 0, 7.05, 1], "texture": "#0"},
				"south": {"uv": [0, 0, 1, 1], "texture": "#0"},
				"west": {"uv": [0, 0, 7.05, 1], "texture": "#1"},
				"up": {"uv": [0, 0, 1, 7.05], "texture": "#0"},
				"down": {"uv": [0, 0, 1, 7.05], "texture": "#0"}
			}
		},
		{
			"from": [12.9248, 0, -0.9856],
			"to": [18.152, 2, 4.2416],
			"rotation": {"angle": 22.5, "axis": "y", "origin": [20.96, 1.5, -4.96]},
			"faces": {
				"north": {"uv": [1, 0, 0, 1], "texture": "#0"},
				"east": {"uv": [7.05, 0, 0, 1], "texture": "#1"},
				"south": {"uv": [1, 0, 0, 1], "texture": "#0"},
				"west": {"uv": [7.05, 0, 0, 1], "texture": "#0"},
				"up": {"uv": [1, 0, 0, 7.05], "texture": "#0"},
				"down": {"uv": [1, 0, 0, 7.05], "texture": "#0"}
			}
		},
		{
			"from": [11.888, 0, -2.1088],
			"to": [17.1584, 2, 3.0752],
			"rotation": {"angle": -22.5, "axis": "y", "origin": [20.96, 1.5, -4.96]},
			"faces": {
				"north": {"uv": [7.05, 0, 0, 1], "texture": "#1"},
				"east": {"uv": [1, 0, 0, 1], "texture": "#0"},
				"south": {"uv": [7.05, 0, 0, 1], "texture": "#0"},
				"west": {"uv": [1, 0, 0, 1], "texture": "#0"},
				"up": {"uv": [0, 7.05, 1, 0], "rotation": 90, "texture": "#0"},
				"down": {"uv": [0, 7.05, 1, 0], "rotation": 270, "texture": "#0"}
			}
		},
		{
			"from": [18.5408, 0, -0.856],
			"to": [23.552, 2, 4.328],
			"rotation": {"angle": -45, "axis": "y", "origin": [20.96, 1.5, -4.96]},
			"faces": {
				"north": {"uv": [7.05, 0, 0, 1], "texture": "#1"},
				"east": {"uv": [1, 0, 0, 1], "texture": "#0"},
				"south": {"uv": [7.05, 0, 0, 1], "texture": "#0"},
				"west": {"uv": [1, 0, 0, 1], "texture": "#0"},
				"up": {"uv": [0, 7.05, 1, 0], "rotation": 90, "texture": "#0"},
				"down": {"uv": [0, 7.05, 1, 0], "rotation": 270, "texture": "#0"}
			}
		},
		{
			"from": [4.544, 0, -5.824],
			"to": [11.456, 2, -0.64],
			"faces": {
				"north": {"uv": [6, 0, 0, 1], "texture": "#1"},
				"east": {"uv": [1, 0, 0, 1], "texture": "#0"},
				"south": {"uv": [6, 0, 0, 1], "texture": "#0"},
				"west": {"uv": [1, 0, 0, 1], "texture": "#0"},
				"up": {"uv": [0, 6, 1, 0], "rotation": 90, "texture": "#0"},
				"down": {"uv": [0, 6, 1, 0], "rotation": 270, "texture": "#0"}
			}
		},
		{
			"from": [4.544, 0, 16.64],
			"to": [11.456, 2, 21.824],
			"faces": {
				"north": {"uv": [0, 0, 6, 1], "texture": "#0"},
				"east": {"uv": [0, 0, 1, 1], "texture": "#0"},
				"south": {"uv": [0, 0, 6, 1], "texture": "#1"},
				"west": {"uv": [0, 0, 1, 1], "texture": "#0"},
				"up": {"uv": [1, 6, 0, 0], "rotation": 90, "texture": "#0"},
				"down": {"uv": [1, 6, 0, 0], "rotation": 270, "texture": "#0"}
			}
		},
		{
			"from": [18.5408, 0, 11.672],
			"to": [23.552, 2, 16.856],
			"rotation": {"angle": 45, "axis": "y", "origin": [20.96, 1.5, 20.96]},
			"faces": {
				"north": {"uv": [0, 0, 7.05, 1], "texture": "#0"},
				"east": {"uv": [0, 0, 1, 1], "texture": "#0"},
				"south": {"uv": [0, 0, 7.05, 1], "texture": "#1"},
				"west": {"uv": [0, 0, 1, 1], "texture": "#0"},
				"up": {"uv": [1, 7.05, 0, 0], "rotation": 90, "texture": "#0"},
				"down": {"uv": [1, 7.05, 0, 0], "rotation": 270, "texture": "#0"}
			}
		},
		{
			"from": [11.888, 0, 12.9248],
			"to": [17.1584, 2, 18.1088],
			"rotation": {"angle": 22.5, "axis": "y", "origin": [20.96, 1.5, 20.96]},
			"faces": {
				"north": {"uv": [0, 0, 7.05, 1], "texture": "#0"},
				"east": {"uv": [0, 0, 1, 1], "texture": "#0"},
				"south": {"uv": [0, 0, 7.05, 1], "texture": "#1"},
				"west": {"uv": [0, 0, 1, 1], "texture": "#0"},
				"up": {"uv": [1, 7.05, 0, 0], "rotation": 90, "texture": "#0"},
				"down": {"uv": [1, 7.05, 0, 0], "rotation": 270, "texture": "#0"}
			}
		},
		{
			"from": [12.9248, 0, 11.7584],
			"to": [18.152, 2, 16.9856],
			"rotation": {"angle": -22.5, "axis": "y", "origin": [20.96, 1.5, 20.96]},
			"faces": {
				"north": {"uv": [0, 0, 1, 1], "texture": "#0"},
				"east": {"uv": [0, 0, 7.05, 1], "texture": "#1"},
				"south": {"uv": [0, 0, 1, 1], "texture": "#0"},
				"west": {"uv": [0, 0, 7.05, 1], "texture": "#0"},
				"up": {"uv": [1, 7.05, 0, 0], "texture": "#0"},
				"down": {"uv": [1, 7.05, 0, 0], "texture": "#0"}
			}
		},
		{
			"from": [-2.152, 0, 11.7584],
			"to": [3.0752, 2, 16.9856],
			"rotation": {"angle": 22.5, "axis": "y", "origin": [-4.96, 1.5, 20.96]},
			"faces": {
				"north": {"uv": [1, 0, 0, 1], "texture": "#0"},
				"east": {"uv": [7.05, 0, 0, 1], "texture": "#0"},
				"south": {"uv": [1, 0, 0, 1], "texture": "#0"},
				"west": {"uv": [7.05, 0, 0, 1], "texture": "#1"},
				"up": {"uv": [0, 7.05, 1, 0], "texture": "#0"},
				"down": {"uv": [0, 7.05, 1, 0], "texture": "#0"}
			}
		},
		{
			"from": [-1.1584, 0, 12.9248],
			"to": [4.112, 2, 18.1088],
			"rotation": {"angle": -22.5, "axis": "y", "origin": [-4.96, 1.5, 20.96]},
			"faces": {
				"north": {"uv": [7.05, 0, 0, 1], "texture": "#0"},
				"east": {"uv": [1, 0, 0, 1], "texture": "#0"},
				"south": {"uv": [7.05, 0, 0, 1], "texture": "#1"},
				"west": {"uv": [1, 0, 0, 1], "texture": "#0"},
				"up": {"uv": [1, 0, 0, 7.05], "rotation": 90, "texture": "#0"},
				"down": {"uv": [1, 0, 0, 7.05], "rotation": 270, "texture": "#0"}
			}
		},
		{
			"from": [-7.552, 0, 11.672],
			"to": [-2.5408, 2, 16.856],
			"rotation": {"angle": -45, "axis": "y", "origin": [-4.96, 1.5, 20.96]},
			"faces": {
				"north": {"uv": [7.05, 0, 0, 1], "texture": "#0"},
				"east": {"uv": [1, 0, 0, 1], "texture": "#0"},
				"south": {"uv": [7.05, 0, 0, 1], "texture": "#1"},
				"west": {"uv": [1, 0, 0, 1], "texture": "#0"},
				"up": {"uv": [1, 0, 0, 7.05], "rotation": 90, "texture": "#0"},
				"down": {"uv": [1, 0, 0, 7.05], "rotation": 270, "texture": "#0"}
			}
		},
		{
			"from": [16.64, 0, 4.544],
			"to": [21.824, 2, 11.456],
			"faces": {
				"north": {"uv": [0, 0, 1, 1], "texture": "#0"},
				"east": {"uv": [0, 0, 6, 1], "texture": "#1"},
				"south": {"uv": [0, 0, 1, 1], "texture": "#0"},
				"west": {"uv": [0, 0, 6, 1], "texture": "#0"},
				"up": {"uv": [0, 0, 1, 6], "rotation": 180, "texture": "#0"},
				"down": {"uv": [0, 0, 1, 6], "rotation": 180, "texture": "#0"}
			}
		},
		{
			"from": [-5.824, 0, 4.544],
			"to": [-0.64, 2, 11.456],
			"faces": {
				"north": {"uv": [1, 0, 0, 1], "texture": "#0"},
				"east": {"uv": [6, 0, 0, 1], "texture": "#0"},
				"south": {"uv": [1, 0, 0, 1], "texture": "#0"},
				"west": {"uv": [6, 0, 0, 1], "texture": "#1"},
				"up": {"uv": [1, 0, 0, 6], "rotation": 180, "texture": "#0"},
				"down": {"uv": [1, 0, 0, 6], "rotation": 180, "texture": "#0"}
			}
		}
	],
	"display": {
		"head": {
			"translation": [0, 10, 0],
			"scale": [4, 4, 4]
		}
	},
	"groups": [
		{
			"name": "layer1",
			"children": [0, 1, 2, 3, 4, 5, 6, 7, 8, 9, 10, 11, 12, 13, 14, 15, 16]
		},
		{
			"name": "layer2",
			"children": [17, 18, 19, 20, 21, 22, 23, 24, 25, 26, 27, 28, 29, 30, 31, 32]
		},
		{
			"name": "layer3",
			"children": [33, 34, 35, 36, 37, 38, 39, 40, 41, 42, 43, 44, 45, 46, 47, 48]
		},
		{
			"name": "layer4",
			"children": [49, 50, 51, 52, 53, 54, 55, 56, 57, 58, 59, 60, 61, 62, 63, 64]
		},
		{
			"name": "layer5",
			"children": [65, 66, 67, 68, 69, 70, 71, 72, 73, 74, 75, 76, 77, 78, 79, 80]
		},
		{
			"name": "layer6",
			"children": [81, 82, 83, 84, 85, 86, 87, 88, 89, 90, 91, 92, 93, 94, 95, 96]
		},
		{
			"name": "layer7",
			"children": [97, 98, 99, 100, 101, 102, 103, 104, 105, 106, 107, 108, 109, 110, 111, 112]
		},
		{
			"name": "layer8",
			"children": [113, 114, 115, 116, 117, 118, 119, 120, 121, 122, 123, 124, 125, 126, 127, 128]
		},
		{
			"name": "layer9",
			"children": [129, 130, 131, 132, 133, 134, 135, 136, 137, 138, 139, 140, 141, 142, 143, 144]
		},
		{
			"name": "layer10",
			"children": [145, 146, 147, 148, 149, 150, 151, 152, 153, 154, 155, 156, 157, 158, 159, 160]
		}
	]
}