{
	"credit": "Made with Blockbench",
	"ambientocclusion": false,
	"textures": {
		"0": "zelda/mobs/guardian/gray_concrete",
		"2": "zelda/mobs/guardian/eye",
		"3": "zelda/mobs/guardian/light_gray_concrete",
		"4": "zelda/mobs/guardian/head",
		"5": "zelda/mobs/guardian/head2",
		"6": "zelda/mobs/guardian/head4",
		"7": "zelda/mobs/guardian/head3",
		"8": "zelda/mobs/guardian/head5",
		"9": "zelda/mobs/guardian/head6",
		"2_0": "zelda/mobs/guardian/gray_concrete",
		"particle": "zelda/mobs/guardian/gray_concrete"
	},
	"elements": [
		{
			"name": "top",
			"from": [3, 14, 3],
			"to": [13, 14.975, 13],
			"faces": {
				"north": {"uv": [0, 0, 10.5, 0.975], "texture": "#0"},
				"east": {"uv": [0, 0, 10.5, 0.975], "texture": "#0"},
				"south": {"uv": [0, 0, 10.5, 0.975], "texture": "#0"},
				"west": {"uv": [0, 0, 10.5, 0.975], "texture": "#0"},
				"up": {"uv": [0, 0, 10.5, 10.5], "texture": "#0"},
				"down": {"uv": [0, 0, 10.5, 10.5], "texture": "#0"}
			}
		},
		{
			"from": [-1, 13, 7.6],
			"to": [2.2, 21, 8.4],
			"rotation": {"angle": 45, "axis": "z", "origin": [1, 15, 8]},
			"faces": {
				"north": {"uv": [0, 0, 10, 4], "rotation": 270, "texture": "#0"},
				"east": {"uv": [0, 0, 10, 1], "rotation": 90, "texture": "#0"},
				"south": {"uv": [0, 0, 10, 4], "rotation": 90, "texture": "#0"},
				"west": {"uv": [0, 0, 10, 1], "rotation": 90, "texture": "#0"},
				"up": {"uv": [0, 0, 1, 4], "rotation": 270, "texture": "#0"},
				"down": {"uv": [0, 0, 1, 4], "rotation": 90, "texture": "#0"}
			}
		},
		{
			"from": [1.94, 17.16, 7.6],
			"to": [3.54, 22.16, 8.4],
			"faces": {
				"north": {"uv": [0, 0, 2, 6.25], "texture": "#0"},
				"east": {"uv": [0, 0, 1, 6.25], "texture": "#0"},
				"south": {"uv": [0, 0, 2, 6.25], "texture": "#0"},
				"west": {"uv": [0, 0, 1, 6.25], "texture": "#0"},
				"up": {"uv": [0, 0, 2, 1], "texture": "#0"},
				"down": {"uv": [0, 0, 2, 1], "texture": "#0"}
			}
		},
		{
			"from": [-0.2, 15.4, 7.6],
			"to": [1.32, 20.44, 8.4],
			"rotation": {"angle": -22.5, "axis": "z", "origin": [1, 15, 8]},
			"faces": {
				"north": {"uv": [0, 0, 1.9, 6.3], "texture": "#0"},
				"east": {"uv": [0, 0, 1, 6.3], "texture": "#0"},
				"south": {"uv": [0, 0, 1.9, 6.3], "texture": "#0"},
				"west": {"uv": [0, 0, 1, 6.3], "texture": "#0"},
				"up": {"uv": [0, 0, 1.9, 1], "texture": "#0"},
				"down": {"uv": [0, 0, 1.9, 1], "texture": "#0"}
			}
		},
		{
			"from": [4.58, 20.56, 7.6],
			"to": [6.04, 22.5, 8.4],
			"rotation": {"angle": 22.5, "axis": "z", "origin": [1, 15, 8]},
			"faces": {
				"north": {"uv": [0, 0, 1.825, 2.425], "texture": "#0"},
				"east": {"uv": [0, 0, 1, 2.425], "texture": "#0"},
				"south": {"uv": [0, 0, 1.825, 2.425], "texture": "#0"},
				"west": {"uv": [0, 0, 1, 2.425], "texture": "#0"},
				"up": {"uv": [0, 0, 1.825, 1], "texture": "#0"},
				"down": {"uv": [0, 0, 1.825, 1], "texture": "#0"}
			}
		},
		{
			"from": [1.2, 15.4, 7.6],
			"to": [2.52, 17.98, 8.4],
			"rotation": {"angle": -22.5, "axis": "z", "origin": [1, 15, 8]},
			"faces": {
				"north": {"uv": [0, 0, 1.65, 3.225], "texture": "#0"},
				"east": {"uv": [0, 0, 1, 3.225], "texture": "#0"},
				"south": {"uv": [0, 0, 1.65, 3.225], "texture": "#0"},
				"west": {"uv": [0, 0, 1, 3.225], "texture": "#0"},
				"up": {"uv": [0, 0, 1.65, 1], "texture": "#0"},
				"down": {"uv": [0, 0, 1.65, 1], "texture": "#0"}
			}
		},
		{
			"from": [13.8, 13, 7.6],
			"to": [17, 21, 8.4],
			"rotation": {"angle": -45, "axis": "z", "origin": [15, 15, 8]},
			"faces": {
				"north": {"uv": [0, 4, 10, 8], "rotation": 270, "texture": "#0"},
				"east": {"uv": [0, 1, 10, 2], "rotation": 90, "texture": "#0"},
				"south": {"uv": [0, 4, 10, 8], "rotation": 90, "texture": "#0"},
				"west": {"uv": [0, 1, 10, 2], "rotation": 90, "texture": "#0"},
				"up": {"uv": [0, 4, 1, 8], "rotation": 270, "texture": "#0"},
				"down": {"uv": [0, 4, 1, 8], "rotation": 90, "texture": "#0"}
			}
		},
		{
			"from": [12.46, 17.16, 7.6],
			"to": [14.06, 22.16, 8.4],
			"faces": {
				"north": {"uv": [2, 0, 4, 6.25], "texture": "#0"},
				"east": {"uv": [1, 0, 2, 6.25], "texture": "#0"},
				"south": {"uv": [2, 0, 4, 6.25], "texture": "#0"},
				"west": {"uv": [1, 0, 2, 6.25], "texture": "#0"},
				"up": {"uv": [2, 0, 4, 1], "texture": "#0"},
				"down": {"uv": [2, 0, 4, 1], "texture": "#0"}
			}
		},
		{
			"from": [14.68, 15.4, 7.6],
			"to": [16.2, 20.44, 8.4],
			"rotation": {"angle": 22.5, "axis": "z", "origin": [15, 15, 8]},
			"faces": {
				"north": {"uv": [1.9, 0, 3.8, 6.3], "texture": "#0"},
				"east": {"uv": [1, 0, 2, 6.3], "texture": "#0"},
				"south": {"uv": [1.9, 0, 3.8, 6.3], "texture": "#0"},
				"west": {"uv": [1, 0, 2, 6.3], "texture": "#0"},
				"up": {"uv": [1.9, 0, 3.8, 1], "texture": "#0"},
				"down": {"uv": [1.9, 0, 3.8, 1], "texture": "#0"}
			}
		},
		{
			"from": [9.96, 20.56, 7.6],
			"to": [11.42, 22.5, 8.4],
			"rotation": {"angle": -22.5, "axis": "z", "origin": [15, 15, 8]},
			"faces": {
				"north": {"uv": [1.825, 0, 3.65, 2.425], "texture": "#0"},
				"east": {"uv": [1, 0, 2, 2.425], "texture": "#0"},
				"south": {"uv": [1.825, 0, 3.65, 2.425], "texture": "#0"},
				"west": {"uv": [1, 0, 2, 2.425], "texture": "#0"},
				"up": {"uv": [1.825, 0, 3.65, 1], "texture": "#0"},
				"down": {"uv": [1.825, 0, 3.65, 1], "texture": "#0"}
			}
		},
		{
			"from": [13.48, 15.4, 7.6],
			"to": [14.8, 17.98, 8.4],
			"rotation": {"angle": 22.5, "axis": "z", "origin": [15, 15, 8]},
			"faces": {
				"north": {"uv": [1.65, 0, 3.3, 3.225], "texture": "#0"},
				"east": {"uv": [1, 0, 2, 3.225], "texture": "#0"},
				"south": {"uv": [1.65, 0, 3.3, 3.225], "texture": "#0"},
				"west": {"uv": [1, 0, 2, 3.225], "texture": "#0"},
				"up": {"uv": [1.65, 0, 3.3, 1], "texture": "#0"},
				"down": {"uv": [1.65, 0, 3.3, 1], "texture": "#0"}
			}
		},
		{
			"from": [7.6, 13, 13.8],
			"to": [8.4, 21, 17],
			"rotation": {"angle": 45, "axis": "x", "origin": [8, 15, 15]},
			"faces": {
				"north": {"uv": [0, 1, 10, 2], "rotation": 90, "texture": "#0"},
				"east": {"uv": [0, 4, 10, 8], "rotation": 270, "texture": "#0"},
				"south": {"uv": [0, 1, 10, 2], "rotation": 90, "texture": "#0"},
				"west": {"uv": [0, 4, 10, 8], "rotation": 90, "texture": "#0"},
				"up": {"uv": [0, 4, 1, 8], "texture": "#0"},
				"down": {"uv": [0, 4, 1, 8], "texture": "#0"}
			}
		},
		{
			"from": [7.6, 17.16, 12.46],
			"to": [8.4, 22.16, 14.06],
			"faces": {
				"north": {"uv": [1, 0, 2, 6.25], "texture": "#0"},
				"east": {"uv": [2, 0, 4, 6.25], "texture": "#0"},
				"south": {"uv": [1, 0, 2, 6.25], "texture": "#0"},
				"west": {"uv": [2, 0, 4, 6.25], "texture": "#0"},
				"up": {"uv": [2, 0, 4, 1], "rotation": 90, "texture": "#0"},
				"down": {"uv": [2, 0, 4, 1], "rotation": 270, "texture": "#0"}
			}
		},
		{
			"from": [7.6, 15.4, 14.68],
			"to": [8.4, 20.44, 16.2],
			"rotation": {"angle": -22.5, "axis": "x", "origin": [8, 15, 15]},
			"faces": {
				"north": {"uv": [1, 0, 2, 6.3], "texture": "#0"},
				"east": {"uv": [1.9, 0, 3.8, 6.3], "texture": "#0"},
				"south": {"uv": [1, 0, 2, 6.3], "texture": "#0"},
				"west": {"uv": [1.9, 0, 3.8, 6.3], "texture": "#0"},
				"up": {"uv": [1.9, 0, 3.8, 1], "rotation": 90, "texture": "#0"},
				"down": {"uv": [1.9, 0, 3.8, 1], "rotation": 270, "texture": "#0"}
			}
		},
		{
			"from": [7.6, 20.56, 9.96],
			"to": [8.4, 22.5, 11.42],
			"rotation": {"angle": 22.5, "axis": "x", "origin": [8, 15, 15]},
			"faces": {
				"north": {"uv": [1, 0, 2, 2.425], "texture": "#0"},
				"east": {"uv": [1.825, 0, 3.65, 2.425], "texture": "#0"},
				"south": {"uv": [1, 0, 2, 2.425], "texture": "#0"},
				"west": {"uv": [1.825, 0, 3.65, 2.425], "texture": "#0"},
				"up": {"uv": [1.825, 0, 3.65, 1], "rotation": 90, "texture": "#0"},
				"down": {"uv": [1.825, 0, 3.65, 1], "rotation": 270, "texture": "#0"}
			}
		},
		{
			"from": [7.6, 15.4, 13.48],
			"to": [8.4, 17.98, 14.8],
			"rotation": {"angle": -22.5, "axis": "x", "origin": [8, 15, 15]},
			"faces": {
				"north": {"uv": [1, 0, 2, 3.225], "texture": "#0"},
				"east": {"uv": [1.65, 0, 3.3, 3.225], "texture": "#0"},
				"south": {"uv": [1, 0, 2, 3.225], "texture": "#0"},
				"west": {"uv": [1.65, 0, 3.3, 3.225], "texture": "#0"},
				"up": {"uv": [1.65, 0, 3.3, 1], "rotation": 90, "texture": "#0"},
				"down": {"uv": [1.65, 0, 3.3, 1], "rotation": 270, "texture": "#0"}
			}
		},
		{
			"from": [9.96, 4.16, -0.77],
			"to": [10.24, 5.84, 0.51],
			"faces": {
				"north": {"uv": [1, 0, 0, 6], "rotation": 180, "texture": "#3"},
				"east": {"uv": [0, 1, 6, 0], "rotation": 270, "texture": "#3"},
				"south": {"uv": [1, 0, 0, 6], "texture": "#3"},
				"west": {"uv": [0, 1, 6, 0], "rotation": 90, "texture": "#3"},
				"up": {"uv": [0, 1, 1, 0], "rotation": 180, "texture": "#3"},
				"down": {"uv": [0, 1, 1, 0], "texture": "#3"}
			}
		},
		{
			"from": [7.16, 2.76, -0.77],
			"to": [8.84, 3.04, 0.51],
			"faces": {
				"north": {"uv": [0, 6, 1, 0], "rotation": 90, "texture": "#3"},
				"east": {"uv": [0, 1, 1, 0], "rotation": 270, "texture": "#3"},
				"south": {"uv": [0, 6, 1, 0], "rotation": 270, "texture": "#3"},
				"west": {"uv": [0, 1, 1, 0], "rotation": 90, "texture": "#3"},
				"up": {"uv": [0, 1, 6, 0], "rotation": 180, "texture": "#3"},
				"down": {"uv": [0, 1, 6, 0], "texture": "#3"}
			}
		},
		{
			"from": [7.16, 6.96, -0.77],
			"to": [8.84, 7.24, 0.51],
			"faces": {
				"north": {"uv": [0, 6, 1, 0], "rotation": 270, "texture": "#3"},
				"east": {"uv": [0, 1, 1, 0], "rotation": 270, "texture": "#3"},
				"south": {"uv": [0, 6, 1, 0], "rotation": 90, "texture": "#3"},
				"west": {"uv": [0, 1, 1, 0], "rotation": 90, "texture": "#3"},
				"up": {"uv": [0, 1, 6, 0], "rotation": 180, "texture": "#3"},
				"down": {"uv": [0, 1, 6, 0], "texture": "#3"}
			}
		},
		{
			"from": [5.76, 4.16, -0.77],
			"to": [6.04, 5.84, 0.51],
			"faces": {
				"north": {"uv": [1, 0, 0, 6], "texture": "#3"},
				"east": {"uv": [0, 1, 6, 0], "rotation": 270, "texture": "#3"},
				"south": {"uv": [1, 0, 0, 6], "rotation": 180, "texture": "#3"},
				"west": {"uv": [0, 1, 6, 0], "rotation": 90, "texture": "#3"},
				"up": {"uv": [0, 1, 1, 0], "rotation": 180, "texture": "#3"},
				"down": {"uv": [0, 1, 1, 0], "texture": "#3"}
			}
		},
		{
			"from": [9.113, 3.691, -0.77],
			"to": [11.087, 3.971, 0.51],
			"rotation": {"angle": 45, "axis": "z", "origin": [10.1, 2.9, 0.37]},
			"faces": {
				"north": {"uv": [0, 7.05, 1, 0], "rotation": 90, "texture": "#3"},
				"east": {"uv": [0, 1, 1, 0], "rotation": 270, "texture": "#3"},
				"south": {"uv": [0, 7.05, 1, 0], "rotation": 270, "texture": "#3"},
				"west": {"uv": [0, 1, 1, 0], "rotation": 90, "texture": "#3"},
				"up": {"uv": [0, 1, 7.05, 0], "rotation": 180, "texture": "#3"},
				"down": {"uv": [0, 1, 7.05, 0], "texture": "#3"}
			}
		},
		{
			"from": [9.113, 7.765, -0.77],
			"to": [11.087, 8.045, 0.51],
			"rotation": {"angle": 45, "axis": "z", "origin": [10.1, 2.9, 0.37]},
			"faces": {
				"north": {"uv": [0, 7.05, 1, 0], "rotation": 90, "texture": "#3"},
				"east": {"uv": [0, 1, 1, 0], "rotation": 270, "texture": "#3"},
				"south": {"uv": [0, 7.05, 1, 0], "rotation": 270, "texture": "#3"},
				"west": {"uv": [0, 1, 1, 0], "rotation": 90, "texture": "#3"},
				"up": {"uv": [0, 1, 7.05, 0], "rotation": 180, "texture": "#3"},
				"down": {"uv": [0, 1, 7.05, 0], "texture": "#3"}
			}
		},
		{
			"from": [6.145, 4.797, -0.77],
			"to": [8.119, 5.077, 0.51],
			"rotation": {"angle": -45, "axis": "z", "origin": [10.1, 2.9, 0.37]},
			"faces": {
				"north": {"uv": [0, 7.05, 1, 0], "rotation": 90, "texture": "#3"},
				"east": {"uv": [0, 1, 1, 0], "rotation": 270, "texture": "#3"},
				"south": {"uv": [0, 7.05, 1, 0], "rotation": 270, "texture": "#3"},
				"west": {"uv": [0, 1, 1, 0], "rotation": 90, "texture": "#3"},
				"up": {"uv": [0, 1, 7.05, 0], "rotation": 180, "texture": "#3"},
				"down": {"uv": [0, 1, 7.05, 0], "texture": "#3"}
			}
		},
		{
			"from": [6.145, 0.723, -0.77],
			"to": [8.119, 1.003, 0.51],
			"rotation": {"angle": -45, "axis": "z", "origin": [10.1, 2.9, 0.37]},
			"faces": {
				"north": {"uv": [0, 7.05, 1, 0], "rotation": 90, "texture": "#3"},
				"east": {"uv": [0, 1, 1, 0], "rotation": 270, "texture": "#3"},
				"south": {"uv": [0, 7.05, 1, 0], "rotation": 270, "texture": "#3"},
				"west": {"uv": [0, 1, 1, 0], "rotation": 90, "texture": "#3"},
				"up": {"uv": [0, 1, 7.05, 0], "rotation": 180, "texture": "#3"},
				"down": {"uv": [0, 1, 7.05, 0], "texture": "#3"}
			}
		},
		{
			"name": "front",
			"from": [6, 3, -0.25],
			"to": [10, 7, -0.25],
			"faces": {
				"north": {"uv": [0, 0, 16, 16], "texture": "#2"}
			}
		},
		{
			"from": [0.11364, 11.2, 3.48069],
			"to": [2.67092, 15.15, 6.12614],
			"rotation": {"angle": 45, "axis": "y", "origin": [1.43637, 9.8, 1.38637]},
			"faces": {
				"north": {"uv": [0, 0, 7.05, 1], "texture": "#2_0"},
				"east": {"uv": [0, 0, 1, 1], "texture": "#2_0"},
				"south": {"uv": [0, 0, 7.05, 1], "texture": "#2_0"},
				"west": {"uv": [0, 0, 1, 1], "texture": "#2_0"},
				"up": {"uv": [0, 0, 1, 7.05], "rotation": 90, "texture": "#2_0"},
				"down": {"uv": [0, 0, 1, 7.05], "rotation": 270, "texture": "#2_0"}
			}
		},
		{
			"from": [3.37637, 11.2, 2.84137],
			"to": [6.06591, 15.15, 5.48682],
			"rotation": {"angle": 22.5, "axis": "y", "origin": [1.43637, 9.8, 1.38637]},
			"faces": {
				"north": {"uv": [0, 0, 7.05, 1], "texture": "#2_0"},
				"east": {"uv": [0, 0, 1, 1], "texture": "#2_0"},
				"south": {"uv": [0, 0, 7.05, 1], "texture": "#2_0"},
				"west": {"uv": [0, 0, 1, 1], "texture": "#2_0"},
				"up": {"uv": [0, 0, 1, 7.05], "rotation": 90, "texture": "#2_0"},
				"down": {"uv": [0, 0, 1, 7.05], "rotation": 270, "texture": "#2_0"}
			}
		},
		{
			"from": [2.86932, 11.2, 3.41455],
			"to": [5.53682, 15.15, 6.08205],
			"rotation": {"angle": -22.5, "axis": "y", "origin": [1.43637, 9.8, 1.38637]},
			"faces": {
				"north": {"uv": [0, 0, 1, 1], "texture": "#2_0"},
				"east": {"uv": [0, 0, 7.05, 1], "texture": "#2_0"},
				"south": {"uv": [0, 0, 1, 1], "texture": "#2_0"},
				"west": {"uv": [0, 0, 7.05, 1], "texture": "#2_0"},
				"up": {"uv": [0, 0, 1, 7.05], "texture": "#2_0"},
				"down": {"uv": [0, 0, 1, 7.05], "texture": "#2_0"}
			}
		},
		{
			"from": [10.56318, 11.2, 3.41455],
			"to": [13.23068, 15.15, 6.08205],
			"rotation": {"angle": 22.5, "axis": "y", "origin": [14.66363, 9.8, 1.38637]},
			"faces": {
				"north": {"uv": [1, 0, 0, 1], "texture": "#2_0"},
				"east": {"uv": [7.05, 0, 0, 1], "texture": "#2_0"},
				"south": {"uv": [1, 0, 0, 1], "texture": "#2_0"},
				"west": {"uv": [7.05, 0, 0, 1], "texture": "#2_0"},
				"up": {"uv": [1, 0, 0, 7.05], "texture": "#2_0"},
				"down": {"uv": [1, 0, 0, 7.05], "texture": "#2_0"}
			}
		},
		{
			"from": [10.03409, 11.2, 2.84137],
			"to": [12.72363, 15.15, 5.48682],
			"rotation": {"angle": -22.5, "axis": "y", "origin": [14.66363, 9.8, 1.38637]},
			"faces": {
				"north": {"uv": [7.05, 0, 0, 1], "texture": "#2_0"},
				"east": {"uv": [1, 0, 0, 1], "texture": "#2_0"},
				"south": {"uv": [7.05, 0, 0, 1], "texture": "#2_0"},
				"west": {"uv": [1, 0, 0, 1], "texture": "#2_0"},
				"up": {"uv": [0, 7.05, 1, 0], "rotation": 90, "texture": "#2_0"},
				"down": {"uv": [0, 7.05, 1, 0], "rotation": 270, "texture": "#2_0"}
			}
		},
		{
			"from": [13.42908, 11.2, 3.48069],
			"to": [15.98636, 15.15, 6.12614],
			"rotation": {"angle": -45, "axis": "y", "origin": [14.66363, 9.8, 1.38637]},
			"faces": {
				"north": {"uv": [7.05, 0, 0, 1], "texture": "#2_0"},
				"east": {"uv": [1, 0, 0, 1], "texture": "#2_0"},
				"south": {"uv": [7.05, 0, 0, 1], "texture": "#2_0"},
				"west": {"uv": [1, 0, 0, 1], "texture": "#2_0"},
				"up": {"uv": [0, 7.05, 1, 0], "rotation": 90, "texture": "#2_0"},
				"down": {"uv": [0, 7.05, 1, 0], "rotation": 270, "texture": "#2_0"}
			}
		},
		{
			"from": [6.28636, 11.2, 0.94546],
			"to": [9.81364, 15.15, 3.59091],
			"faces": {
				"north": {"uv": [6, 0, 0, 1], "texture": "#2_0"},
				"east": {"uv": [1, 0, 0, 1], "texture": "#2_0"},
				"south": {"uv": [6, 0, 0, 1], "texture": "#2_0"},
				"west": {"uv": [1, 0, 0, 1], "texture": "#2_0"},
				"up": {"uv": [0, 6, 1, 0], "rotation": 90, "texture": "#2_0"},
				"down": {"uv": [0, 6, 1, 0], "rotation": 270, "texture": "#2_0"}
			}
		},
		{
			"from": [6.28636, 11.2, 12.40909],
			"to": [9.81364, 15.15, 15.05454],
			"faces": {
				"north": {"uv": [0, 0, 6, 1], "texture": "#2_0"},
				"east": {"uv": [0, 0, 1, 1], "texture": "#2_0"},
				"south": {"uv": [0, 0, 6, 1], "texture": "#2_0"},
				"west": {"uv": [0, 0, 1, 1], "texture": "#2_0"},
				"up": {"uv": [1, 6, 0, 0], "rotation": 90, "texture": "#2_0"},
				"down": {"uv": [1, 6, 0, 0], "rotation": 270, "texture": "#2_0"}
			}
		},
		{
			"from": [13.42908, 11.2, 9.87386],
			"to": [15.98636, 15.15, 12.51931],
			"rotation": {"angle": 45, "axis": "y", "origin": [14.66363, 9.8, 14.61363]},
			"faces": {
				"north": {"uv": [0, 0, 7.05, 1], "texture": "#2_0"},
				"east": {"uv": [0, 0, 1, 1], "texture": "#2_0"},
				"south": {"uv": [0, 0, 7.05, 1], "texture": "#2_0"},
				"west": {"uv": [0, 0, 1, 1], "texture": "#2_0"},
				"up": {"uv": [1, 7.05, 0, 0], "rotation": 90, "texture": "#2_0"},
				"down": {"uv": [1, 7.05, 0, 0], "rotation": 270, "texture": "#2_0"}
			}
		},
		{
			"from": [10.03409, 11.2, 10.51318],
			"to": [12.72363, 15.15, 13.15863],
			"rotation": {"angle": 22.5, "axis": "y", "origin": [14.66363, 9.8, 14.61363]},
			"faces": {
				"north": {"uv": [0, 0, 7.05, 1], "texture": "#2_0"},
				"east": {"uv": [0, 0, 1, 1], "texture": "#2_0"},
				"south": {"uv": [0, 0, 7.05, 1], "texture": "#2_0"},
				"west": {"uv": [0, 0, 1, 1], "texture": "#2_0"},
				"up": {"uv": [1, 7.05, 0, 0], "rotation": 90, "texture": "#2_0"},
				"down": {"uv": [1, 7.05, 0, 0], "rotation": 270, "texture": "#2_0"}
			}
		},
		{
			"from": [10.56318, 11.2, 9.91795],
			"to": [13.23068, 15.15, 12.58545],
			"rotation": {"angle": -22.5, "axis": "y", "origin": [14.66363, 9.8, 14.61363]},
			"faces": {
				"north": {"uv": [0, 0, 1, 1], "texture": "#2_0"},
				"east": {"uv": [0, 0, 7.05, 1], "texture": "#2_0"},
				"south": {"uv": [0, 0, 1, 1], "texture": "#2_0"},
				"west": {"uv": [0, 0, 7.05, 1], "texture": "#2_0"},
				"up": {"uv": [1, 7.05, 0, 0], "texture": "#2_0"},
				"down": {"uv": [1, 7.05, 0, 0], "texture": "#2_0"}
			}
		},
		{
			"from": [2.86932, 11.2, 9.91795],
			"to": [5.53682, 15.15, 12.58545],
			"rotation": {"angle": 22.5, "axis": "y", "origin": [1.43637, 9.8, 14.61363]},
			"faces": {
				"north": {"uv": [1, 0, 0, 1], "texture": "#2_0"},
				"east": {"uv": [7.05, 0, 0, 1], "texture": "#2_0"},
				"south": {"uv": [1, 0, 0, 1], "texture": "#2_0"},
				"west": {"uv": [7.05, 0, 0, 1], "texture": "#2_0"},
				"up": {"uv": [0, 7.05, 1, 0], "texture": "#2_0"},
				"down": {"uv": [0, 7.05, 1, 0], "texture": "#2_0"}
			}
		},
		{
			"from": [3.37637, 11.2, 10.51318],
			"to": [6.06591, 15.15, 13.15863],
			"rotation": {"angle": -22.5, "axis": "y", "origin": [1.43637, 9.8, 14.61363]},
			"faces": {
				"north": {"uv": [7.05, 0, 0, 1], "texture": "#2_0"},
				"east": {"uv": [1, 0, 0, 1], "texture": "#2_0"},
				"south": {"uv": [7.05, 0, 0, 1], "texture": "#2_0"},
				"west": {"uv": [1, 0, 0, 1], "texture": "#2_0"},
				"up": {"uv": [1, 0, 0, 7.05], "rotation": 90, "texture": "#2_0"},
				"down": {"uv": [1, 0, 0, 7.05], "rotation": 270, "texture": "#2_0"}
			}
		},
		{
			"from": [0.11364, 11.2, 9.87386],
			"to": [2.67092, 15.15, 12.51931],
			"rotation": {"angle": -45, "axis": "y", "origin": [1.43637, 9.8, 14.61363]},
			"faces": {
				"north": {"uv": [7.05, 0, 0, 1], "texture": "#2_0"},
				"east": {"uv": [1, 0, 0, 1], "texture": "#2_0"},
				"south": {"uv": [7.05, 0, 0, 1], "texture": "#2_0"},
				"west": {"uv": [1, 0, 0, 1], "texture": "#2_0"},
				"up": {"uv": [1, 0, 0, 7.05], "rotation": 90, "texture": "#2_0"},
				"down": {"uv": [1, 0, 0, 7.05], "rotation": 270, "texture": "#2_0"}
			}
		},
		{
			"from": [12.45909, 11.2, 6.23636],
			"to": [15.10454, 15.15, 9.76364],
			"faces": {
				"north": {"uv": [0, 0, 1, 1], "texture": "#2_0"},
				"east": {"uv": [0, 0, 6, 1], "texture": "#2_0"},
				"south": {"uv": [0, 0, 1, 1], "texture": "#2_0"},
				"west": {"uv": [0, 0, 6, 1], "texture": "#2_0"},
				"up": {"uv": [0, 0, 1, 6], "rotation": 180, "texture": "#2_0"},
				"down": {"uv": [0, 0, 1, 6], "rotation": 180, "texture": "#2_0"}
			}
		},
		{
			"from": [0.99546, 11.2, 6.23636],
			"to": [3.64091, 15.15, 9.76364],
			"faces": {
				"north": {"uv": [1, 0, 0, 1], "texture": "#2_0"},
				"east": {"uv": [6, 0, 0, 1], "texture": "#2_0"},
				"south": {"uv": [1, 0, 0, 1], "texture": "#2_0"},
				"west": {"uv": [6, 0, 0, 1], "texture": "#2_0"},
				"up": {"uv": [1, 0, 0, 6], "rotation": 180, "texture": "#2_0"},
				"down": {"uv": [1, 0, 0, 6], "rotation": 180, "texture": "#2_0"}
			}
		},
		{
			"from": [-0.56269, 7.31035, 3.09312],
			"to": [2.21389, 11.77062, 5.96544],
			"rotation": {"angle": 45, "axis": "y", "origin": [0.87347, 6.66381, 0.81918]},
			"faces": {
				"north": {"uv": [0, 0, 7.05, 1], "texture": "#2_0"},
				"east": {"uv": [0, 0, 1, 1], "texture": "#2_0"},
				"south": {"uv": [0, 0, 7.05, 1], "texture": "#2_0"},
				"west": {"uv": [0, 0, 1, 1], "texture": "#2_0"},
				"up": {"uv": [0, 0, 1, 7.05], "rotation": 90, "texture": "#2_0"},
				"down": {"uv": [0, 0, 1, 7.05], "rotation": 270, "texture": "#2_0"}
			}
		},
		{
			"from": [2.97985, 7.31035, 2.39896],
			"to": [5.90004, 11.77062, 5.27129],
			"rotation": {"angle": 22.5, "axis": "y", "origin": [0.87347, 6.66381, 0.81918]},
			"faces": {
				"north": {"uv": [0, 0, 7.05, 1], "texture": "#2_0"},
				"east": {"uv": [0, 0, 1, 1], "texture": "#2_0"},
				"south": {"uv": [0, 0, 7.05, 1], "texture": "#2_0"},
				"west": {"uv": [0, 0, 1, 1], "texture": "#2_0"},
				"up": {"uv": [0, 0, 1, 7.05], "rotation": 90, "texture": "#2_0"},
				"down": {"uv": [0, 0, 1, 7.05], "rotation": 270, "texture": "#2_0"}
			}
		},
		{
			"from": [2.42932, 7.31035, 3.0213],
			"to": [5.32557, 11.77062, 5.91757],
			"rotation": {"angle": -22.5, "axis": "y", "origin": [0.87347, 6.66381, 0.81918]},
			"faces": {
				"north": {"uv": [0, 0, 1, 1], "texture": "#2_0"},
				"east": {"uv": [0, 0, 7.05, 1], "texture": "#2_0"},
				"south": {"uv": [0, 0, 1, 1], "texture": "#2_0"},
				"west": {"uv": [0, 0, 7.05, 1], "texture": "#2_0"},
				"up": {"uv": [0, 0, 1, 7.05], "texture": "#2_0"},
				"down": {"uv": [0, 0, 1, 7.05], "texture": "#2_0"}
			}
		},
		{
			"from": [10.783, 7.31035, 3.0213],
			"to": [13.67926, 11.77062, 5.91757],
			"rotation": {"angle": 22.5, "axis": "y", "origin": [15.23511, 6.66381, 0.81918]},
			"faces": {
				"north": {"uv": [1, 0, 0, 1], "texture": "#2_0"},
				"east": {"uv": [7.05, 0, 0, 1], "texture": "#2_0"},
				"south": {"uv": [1, 0, 0, 1], "texture": "#2_0"},
				"west": {"uv": [7.05, 0, 0, 1], "texture": "#2_0"},
				"up": {"uv": [1, 0, 0, 7.05], "texture": "#2_0"},
				"down": {"uv": [1, 0, 0, 7.05], "texture": "#2_0"}
			}
		},
		{
			"from": [10.20854, 7.31035, 2.39896],
			"to": [13.12873, 11.77062, 5.27129],
			"rotation": {"angle": -22.5, "axis": "y", "origin": [15.23511, 6.66381, 0.81918]},
			"faces": {
				"north": {"uv": [7.05, 0, 0, 1], "texture": "#2_0"},
				"east": {"uv": [1, 0, 0, 1], "texture": "#2_0"},
				"south": {"uv": [7.05, 0, 0, 1], "texture": "#2_0"},
				"west": {"uv": [1, 0, 0, 1], "texture": "#2_0"},
				"up": {"uv": [0, 7.05, 1, 0], "rotation": 90, "texture": "#2_0"},
				"down": {"uv": [0, 7.05, 1, 0], "rotation": 270, "texture": "#2_0"}
			}
		},
		{
			"from": [13.89468, 7.31035, 3.09312],
			"to": [16.67127, 11.77062, 5.96544],
			"rotation": {"angle": -45, "axis": "y", "origin": [15.23511, 6.66381, 0.81918]},
			"faces": {
				"north": {"uv": [7.05, 0, 0, 1], "texture": "#2_0"},
				"east": {"uv": [1, 0, 0, 1], "texture": "#2_0"},
				"south": {"uv": [7.05, 0, 0, 1], "texture": "#2_0"},
				"west": {"uv": [1, 0, 0, 1], "texture": "#2_0"},
				"up": {"uv": [0, 7.05, 1, 0], "rotation": 90, "texture": "#2_0"},
				"down": {"uv": [0, 7.05, 1, 0], "rotation": 270, "texture": "#2_0"}
			}
		},
		{
			"from": [6.1394, 7.31035, 0.34047],
			"to": [9.96918, 11.77062, 3.21279],
			"faces": {
				"north": {"uv": [6, 0, 0, 1], "texture": "#2_0"},
				"east": {"uv": [1, 0, 0, 1], "texture": "#2_0"},
				"south": {"uv": [6, 0, 0, 1], "texture": "#2_0"},
				"west": {"uv": [1, 0, 0, 1], "texture": "#2_0"},
				"up": {"uv": [0, 6, 1, 0], "rotation": 90, "texture": "#2_0"},
				"down": {"uv": [0, 6, 1, 0], "rotation": 270, "texture": "#2_0"}
			}
		},
		{
			"from": [6.1394, 7.31035, 12.78721],
			"to": [9.96918, 11.77062, 15.65953],
			"faces": {
				"north": {"uv": [0, 0, 6, 1], "texture": "#2_0"},
				"east": {"uv": [0, 0, 1, 1], "texture": "#2_0"},
				"south": {"uv": [0, 0, 6, 1], "texture": "#2_0"},
				"west": {"uv": [0, 0, 1, 1], "texture": "#2_0"},
				"up": {"uv": [1, 6, 0, 0], "rotation": 90, "texture": "#2_0"},
				"down": {"uv": [1, 6, 0, 0], "rotation": 270, "texture": "#2_0"}
			}
		},
		{
			"from": [13.89468, 7.31035, 10.03456],
			"to": [16.67127, 11.77062, 12.90688],
			"rotation": {"angle": 45, "axis": "y", "origin": [15.23511, 6.66381, 15.18082]},
			"faces": {
				"north": {"uv": [0, 0, 7.05, 1], "texture": "#2_0"},
				"east": {"uv": [0, 0, 1, 1], "texture": "#2_0"},
				"south": {"uv": [0, 0, 7.05, 1], "texture": "#2_0"},
				"west": {"uv": [0, 0, 1, 1], "texture": "#2_0"},
				"up": {"uv": [1, 7.05, 0, 0], "rotation": 90, "texture": "#2_0"},
				"down": {"uv": [1, 7.05, 0, 0], "rotation": 270, "texture": "#2_0"}
			}
		},
		{
			"from": [10.20854, 7.31035, 10.72871],
			"to": [13.12873, 11.77062, 13.60104],
			"rotation": {"angle": 22.5, "axis": "y", "origin": [15.23511, 6.66381, 15.18082]},
			"faces": {
				"north": {"uv": [0, 0, 7.05, 1], "texture": "#2_0"},
				"east": {"uv": [0, 0, 1, 1], "texture": "#2_0"},
				"south": {"uv": [0, 0, 7.05, 1], "texture": "#2_0"},
				"west": {"uv": [0, 0, 1, 1], "texture": "#2_0"},
				"up": {"uv": [1, 7.05, 0, 0], "rotation": 90, "texture": "#2_0"},
				"down": {"uv": [1, 7.05, 0, 0], "rotation": 270, "texture": "#2_0"}
			}
		},
		{
			"from": [10.783, 7.31035, 10.08243],
			"to": [13.67926, 11.77062, 12.9787],
			"rotation": {"angle": -22.5, "axis": "y", "origin": [15.23511, 6.66381, 15.18082]},
			"faces": {
				"north": {"uv": [0, 0, 1, 1], "texture": "#2_0"},
				"east": {"uv": [0, 0, 7.05, 1], "texture": "#2_0"},
				"south": {"uv": [0, 0, 1, 1], "texture": "#2_0"},
				"west": {"uv": [0, 0, 7.05, 1], "texture": "#2_0"},
				"up": {"uv": [1, 7.05, 0, 0], "texture": "#2_0"},
				"down": {"uv": [1, 7.05, 0, 0], "texture": "#2_0"}
			}
		},
		{
			"from": [2.42932, 7.31035, 10.08243],
			"to": [5.32557, 11.77062, 12.9787],
			"rotation": {"angle": 22.5, "axis": "y", "origin": [0.87347, 6.66381, 15.18082]},
			"faces": {
				"north": {"uv": [1, 0, 0, 1], "texture": "#2_0"},
				"east": {"uv": [7.05, 0, 0, 1], "texture": "#2_0"},
				"south": {"uv": [1, 0, 0, 1], "texture": "#2_0"},
				"west": {"uv": [7.05, 0, 0, 1], "texture": "#2_0"},
				"up": {"uv": [0, 7.05, 1, 0], "texture": "#2_0"},
				"down": {"uv": [0, 7.05, 1, 0], "texture": "#2_0"}
			}
		},
		{
			"from": [2.97985, 7.31035, 10.72871],
			"to": [5.90004, 11.77062, 13.60104],
			"rotation": {"angle": -22.5, "axis": "y", "origin": [0.87347, 6.66381, 15.18082]},
			"faces": {
				"north": {"uv": [7.05, 0, 0, 1], "texture": "#2_0"},
				"east": {"uv": [1, 0, 0, 1], "texture": "#2_0"},
				"south": {"uv": [7.05, 0, 0, 1], "texture": "#2_0"},
				"west": {"uv": [1, 0, 0, 1], "texture": "#2_0"},
				"up": {"uv": [1, 0, 0, 7.05], "rotation": 90, "texture": "#2_0"},
				"down": {"uv": [1, 0, 0, 7.05], "rotation": 270, "texture": "#2_0"}
			}
		},
		{
			"from": [-0.56269, 7.31035, 10.03456],
			"to": [2.21389, 11.77062, 12.90688],
			"rotation": {"angle": -45, "axis": "y", "origin": [0.87347, 6.66381, 15.18082]},
			"faces": {
				"north": {"uv": [7.05, 0, 0, 1], "texture": "#2_0"},
				"east": {"uv": [1, 0, 0, 1], "texture": "#2_0"},
				"south": {"uv": [7.05, 0, 0, 1], "texture": "#2_0"},
				"west": {"uv": [1, 0, 0, 1], "texture": "#2_0"},
				"up": {"uv": [1, 0, 0, 7.05], "rotation": 90, "texture": "#2_0"},
				"down": {"uv": [1, 0, 0, 7.05], "rotation": 270, "texture": "#2_0"}
			}
		},
		{
			"from": [12.8415, 7.31035, 6.08511],
			"to": [15.71382, 11.77062, 9.91489],
			"faces": {
				"north": {"uv": [0, 0, 1, 1], "texture": "#2_0"},
				"east": {"uv": [0, 0, 6, 1], "texture": "#2_0"},
				"south": {"uv": [0, 0, 1, 1], "texture": "#2_0"},
				"west": {"uv": [0, 0, 6, 1], "texture": "#2_0"},
				"up": {"uv": [0, 0, 1, 6], "rotation": 180, "texture": "#2_0"},
				"down": {"uv": [0, 0, 1, 6], "rotation": 180, "texture": "#2_0"}
			}
		},
		{
			"from": [0.39475, 7.31035, 6.08511],
			"to": [3.26708, 11.77062, 9.91489],
			"faces": {
				"north": {"uv": [1, 0, 0, 1], "texture": "#2_0"},
				"east": {"uv": [6, 0, 0, 1], "texture": "#2_0"},
				"south": {"uv": [1, 0, 0, 1], "texture": "#2_0"},
				"west": {"uv": [6, 0, 0, 1], "texture": "#2_0"},
				"up": {"uv": [1, 0, 0, 6], "rotation": 180, "texture": "#2_0"},
				"down": {"uv": [1, 0, 0, 6], "rotation": 180, "texture": "#2_0"}
			}
		},
		{
			"from": [-1.14817, 0.682, 2.7576],
			"to": [1.81826, 7.584, 5.82632],
			"rotation": {"angle": 45, "axis": "y", "origin": [0.38619, 2.128, 0.32819]},
			"faces": {
				"north": {"uv": [10, 0, 15, 12], "texture": "#9"},
				"east": {"uv": [0, 0, 1, 1], "texture": "#2_0"},
				"south": {"uv": [0, 0, 7.05, 1], "texture": "#2_0"},
				"west": {"uv": [0, 0, 1, 1], "texture": "#2_0"},
				"up": {"uv": [0, 0, 1, 7.05], "rotation": 90, "texture": "#2_0"},
				"down": {"uv": [0, 0, 1, 7.05], "rotation": 270, "texture": "#3"}
			}
		},
		{
			"from": [2.63659, 0.682, 2.01599],
			"to": [5.75645, 7.584, 5.08471],
			"rotation": {"angle": 22.5, "axis": "y", "origin": [0.38619, 2.128, 0.32819]},
			"faces": {
				"north": {"uv": [9.999, 0, 14.997, 12], "texture": "#4"},
				"east": {"uv": [0, 0, 1, 1], "texture": "#2_0"},
				"south": {"uv": [0, 0, 7.05, 1], "texture": "#2_0"},
				"west": {"uv": [0, 0, 1, 1], "texture": "#2_0"},
				"up": {"uv": [0, 0, 1, 7.05], "rotation": 90, "texture": "#2_0"},
				"down": {"uv": [0, 0, 1, 7.05], "rotation": 270, "texture": "#3"}
			}
		},
		{
			"from": [2.04842, 0.682, 2.68088],
			"to": [5.14271, 7.584, 5.77518],
			"rotation": {"angle": -22.5, "axis": "y", "origin": [0.38619, 2.128, 0.32819]},
			"faces": {
				"north": {"uv": [0, 0, 1, 1], "texture": "#2_0"},
				"east": {"uv": [0, 0, 7.05, 1], "texture": "#2_0"},
				"south": {"uv": [0, 0, 1, 1], "texture": "#2_0"},
				"west": {"uv": [0, 0, 5, 12], "texture": "#8"},
				"up": {"uv": [0, 0, 1, 7.05], "texture": "#2_0"},
				"down": {"uv": [0, 0, 1, 7.05], "texture": "#3"}
			}
		},
		{
			"from": [10.97329, 0.682, 2.68088],
			"to": [14.06758, 7.584, 5.77518],
			"rotation": {"angle": 22.5, "axis": "y", "origin": [15.72981, 2.128, 0.32819]},
			"faces": {
				"north": {"uv": [1, 0, 0, 1], "texture": "#2_0"},
				"east": {"uv": [5, 0, 10, 12], "texture": "#5"},
				"south": {"uv": [1, 0, 0, 1], "texture": "#2_0"},
				"west": {"uv": [7.05, 0, 0, 1], "texture": "#2_0"},
				"up": {"uv": [1, 0, 0, 7.05], "texture": "#2_0"},
				"down": {"uv": [1, 0, 0, 7.05], "texture": "#3"}
			}
		},
		{
			"from": [10.35955, 0.682, 2.01599],
			"to": [13.47941, 7.584, 5.08471],
			"rotation": {"angle": -22.5, "axis": "y", "origin": [15.72981, 2.128, 0.32819]},
			"faces": {
				"north": {"uv": [0, 0, 5, 12], "texture": "#4"},
				"east": {"uv": [1, 0, 0, 1], "texture": "#2_0"},
				"south": {"uv": [7.05, 0, 0, 1], "texture": "#2_0"},
				"west": {"uv": [1, 0, 0, 1], "texture": "#2_0"},
				"up": {"uv": [0, 7.05, 1, 0], "rotation": 90, "texture": "#2_0"},
				"down": {"uv": [0, 7.05, 1, 0], "rotation": 270, "texture": "#3"}
			}
		},
		{
			"from": [14.29774, 0.682, 2.7576],
			"to": [17.26417, 7.584, 5.82632],
			"rotation": {"angle": -45, "axis": "y", "origin": [15.72981, 2.128, 0.32819]},
			"faces": {
				"north": {"uv": [10, 0, 15, 12], "texture": "#5"},
				"east": {"uv": [1, 0, 0, 1], "texture": "#2_0"},
				"south": {"uv": [7.05, 0, 0, 1], "texture": "#2_0"},
				"west": {"uv": [1, 0, 0, 1], "texture": "#2_0"},
				"up": {"uv": [0, 7.05, 1, 0], "rotation": 90, "texture": "#2_0"},
				"down": {"uv": [0, 7.05, 1, 0], "rotation": 270, "texture": "#3"}
			}
		},
		{
			"from": [6.01218, 0.682, -0.18326],
			"to": [10.10382, 7.584, 2.88546],
			"faces": {
				"north": {"uv": [4.999, 0, 9.998, 12], "texture": "#4"},
				"east": {"uv": [1, 0, 0, 1], "texture": "#2_0"},
				"south": {"uv": [6, 0, 0, 1], "texture": "#2_0"},
				"west": {"uv": [1, 0, 0, 1], "texture": "#2_0"},
				"up": {"uv": [0, 6, 1, 0], "rotation": 90, "texture": "#2_0"},
				"down": {"uv": [0, 6, 1, 0], "rotation": 270, "texture": "#3"}
			}
		},
		{
			"from": [6.01218, 0.682, 13.11454],
			"to": [10.10382, 7.584, 16.18326],
			"faces": {
				"north": {"uv": [0, 0, 6, 1], "texture": "#2_0"},
				"east": {"uv": [0, 0, 1, 1], "texture": "#2_0"},
				"south": {"uv": [10, 0, 15, 12], "texture": "#6"},
				"west": {"uv": [0, 0, 1, 1], "texture": "#2_0"},
				"up": {"uv": [1, 6, 0, 0], "rotation": 90, "texture": "#2_0"},
				"down": {"uv": [1, 6, 0, 0], "rotation": 270, "texture": "#3"}
			}
		},
		{
			"from": [14.29774, 0.682, 10.17368],
			"to": [17.26417, 7.584, 13.2424],
			"rotation": {"angle": 45, "axis": "y", "origin": [15.72981, 2.128, 15.67181]},
			"faces": {
				"north": {"uv": [0, 0, 7.05, 1], "texture": "#2_0"},
				"east": {"uv": [0, 0, 1, 1], "texture": "#2_0"},
				"south": {"uv": [5, 0, 10, 12], "texture": "#7"},
				"west": {"uv": [0, 0, 1, 1], "texture": "#2_0"},
				"up": {"uv": [1, 7.05, 0, 0], "rotation": 90, "texture": "#2_0"},
				"down": {"uv": [1, 7.05, 0, 0], "rotation": 270, "texture": "#3"}
			}
		},
		{
			"from": [10.35955, 0.682, 10.91529],
			"to": [13.47941, 7.584, 13.98401],
			"rotation": {"angle": 22.5, "axis": "y", "origin": [15.72981, 2.128, 15.67181]},
			"faces": {
				"north": {"uv": [0, 0, 7.05, 1], "texture": "#2_0"},
				"east": {"uv": [0, 0, 1, 1], "texture": "#2_0"},
				"south": {"uv": [0, 0, 5, 12], "texture": "#7"},
				"west": {"uv": [0, 0, 1, 1], "texture": "#2_0"},
				"up": {"uv": [1, 7.05, 0, 0], "rotation": 90, "texture": "#2_0"},
				"down": {"uv": [1, 7.05, 0, 0], "rotation": 270, "texture": "#3"}
			}
		},
		{
			"from": [10.97329, 0.682, 10.22482],
			"to": [14.06758, 7.584, 13.31912],
			"rotation": {"angle": -22.5, "axis": "y", "origin": [15.72981, 2.128, 15.67181]},
			"faces": {
				"north": {"uv": [0, 0, 1, 1], "texture": "#2_0"},
				"east": {"uv": [10, 0, 15, 12], "texture": "#7"},
				"south": {"uv": [0, 0, 1, 1], "texture": "#2_0"},
				"west": {"uv": [0, 0, 7.05, 1], "texture": "#2_0"},
				"up": {"uv": [1, 7.05, 0, 0], "texture": "#2_0"},
				"down": {"uv": [1, 7.05, 0, 0], "texture": "#3"}
			}
		},
		{
			"from": [2.04842, 0.682, 10.22482],
			"to": [5.14271, 7.584, 13.31912],
			"rotation": {"angle": 22.5, "axis": "y", "origin": [0.38619, 2.128, 15.67181]},
			"faces": {
				"north": {"uv": [1, 0, 0, 1], "texture": "#2_0"},
				"east": {"uv": [7.05, 0, 0, 1], "texture": "#2_0"},
				"south": {"uv": [1, 0, 0, 1], "texture": "#2_0"},
				"west": {"uv": [10, 0, 15, 12], "texture": "#8"},
				"up": {"uv": [0, 7.05, 1, 0], "texture": "#2_0"},
				"down": {"uv": [0, 7.05, 1, 0], "texture": "#3"}
			}
		},
		{
			"from": [2.63659, 0.682, 10.91529],
			"to": [5.75645, 7.584, 13.98401],
			"rotation": {"angle": -22.5, "axis": "y", "origin": [0.38619, 2.128, 15.67181]},
			"faces": {
				"north": {"uv": [7.05, 0, 0, 1], "texture": "#2_0"},
				"east": {"uv": [1, 0, 0, 1], "texture": "#2_0"},
				"south": {"uv": [5, 0, 10, 12], "texture": "#6"},
				"west": {"uv": [1, 0, 0, 1], "texture": "#2_0"},
				"up": {"uv": [1, 0, 0, 7.05], "rotation": 90, "texture": "#2_0"},
				"down": {"uv": [1, 0, 0, 7.05], "rotation": 270, "texture": "#3"}
			}
		},
		{
			"from": [-1.14817, 0.682, 10.17368],
			"to": [1.81826, 7.584, 13.2424],
			"rotation": {"angle": -45, "axis": "y", "origin": [0.38619, 2.128, 15.67181]},
			"faces": {
				"north": {"uv": [7.05, 0, 0, 1], "texture": "#2_0"},
				"east": {"uv": [1, 0, 0, 1], "texture": "#2_0"},
				"south": {"uv": [0, 0, 5, 12], "texture": "#6"},
				"west": {"uv": [1, 0, 0, 1], "texture": "#2_0"},
				"up": {"uv": [1, 0, 0, 7.05], "rotation": 90, "texture": "#2_0"},
				"down": {"uv": [1, 0, 0, 7.05], "rotation": 270, "texture": "#3"}
			}
		},
		{
			"from": [13.17254, 0.682, 5.95418],
			"to": [16.24126, 7.584, 10.04582],
			"faces": {
				"north": {"uv": [0, 0, 1, 1], "texture": "#2_0"},
				"east": {"uv": [0, 0, 5, 12], "texture": "#5"},
				"south": {"uv": [0, 0, 1, 1], "texture": "#2_0"},
				"west": {"uv": [0, 0, 6, 1], "texture": "#2_0"},
				"up": {"uv": [0, 0, 1, 6], "rotation": 180, "texture": "#2_0"},
				"down": {"uv": [0, 0, 1, 6], "rotation": 180, "texture": "#3"}
			}
		},
		{
			"from": [-0.12526, 0.682, 5.95418],
			"to": [2.94346, 7.584, 10.04582],
			"faces": {
				"north": {"uv": [1, 0, 0, 1], "texture": "#2_0"},
				"east": {"uv": [6, 0, 0, 1], "texture": "#2_0"},
				"south": {"uv": [1, 0, 0, 1], "texture": "#2_0"},
				"west": {"uv": [4.999, 0, 9.997, 11.999], "texture": "#8"},
				"up": {"uv": [1, 0, 0, 6], "rotation": 180, "texture": "#2_0"},
				"down": {"uv": [1, 0, 0, 6], "rotation": 180, "texture": "#3"}
			}
		},
		{
			"from": [0.11364, -2.3, 3.48069],
			"to": [2.67092, 1.15, 6.12614],
			"rotation": {"angle": 45, "axis": "y", "origin": [1.43637, -2.2, 1.38637]},
			"faces": {
				"north": {"uv": [0, 0, 7.05, 1], "texture": "#2_0"},
				"east": {"uv": [0, 0, 1, 1], "texture": "#2_0"},
				"south": {"uv": [0, 0, 7.05, 1], "texture": "#2_0"},
				"west": {"uv": [0, 0, 1, 1], "texture": "#2_0"},
				"up": {"uv": [0, 0, 1, 7.05], "rotation": 90, "texture": "#2_0"},
				"down": {"uv": [0, 0, 1, 7.05], "rotation": 270, "texture": "#2_0"}
			}
		},
		{
			"from": [3.37637, -2.3, 2.84137],
			"to": [6.06591, 1.15, 5.48682],
			"rotation": {"angle": 22.5, "axis": "y", "origin": [1.43637, -2.2, 1.38637]},
			"faces": {
				"north": {"uv": [0, 0, 7.05, 1], "texture": "#2_0"},
				"east": {"uv": [0, 0, 1, 1], "texture": "#2_0"},
				"south": {"uv": [0, 0, 7.05, 1], "texture": "#2_0"},
				"west": {"uv": [0, 0, 1, 1], "texture": "#2_0"},
				"up": {"uv": [0, 0, 1, 7.05], "rotation": 90, "texture": "#2_0"},
				"down": {"uv": [0, 0, 1, 7.05], "rotation": 270, "texture": "#2_0"}
			}
		},
		{
			"from": [2.86932, -2.3, 3.41455],
			"to": [5.53682, 1.15, 6.08205],
			"rotation": {"angle": -22.5, "axis": "y", "origin": [1.43637, -2.2, 1.38637]},
			"faces": {
				"north": {"uv": [0, 0, 1, 1], "texture": "#2_0"},
				"east": {"uv": [0, 0, 7.05, 1], "texture": "#2_0"},
				"south": {"uv": [0, 0, 1, 1], "texture": "#2_0"},
				"west": {"uv": [0, 0, 7.05, 1], "texture": "#2_0"},
				"up": {"uv": [0, 0, 1, 7.05], "texture": "#2_0"},
				"down": {"uv": [0, 0, 1, 7.05], "texture": "#2_0"}
			}
		},
		{
			"from": [10.56318, -2.3, 3.41455],
			"to": [13.23068, 1.15, 6.08205],
			"rotation": {"angle": 22.5, "axis": "y", "origin": [14.66363, -2.2, 1.38637]},
			"faces": {
				"north": {"uv": [1, 0, 0, 1], "texture": "#2_0"},
				"east": {"uv": [7.05, 0, 0, 1], "texture": "#2_0"},
				"south": {"uv": [1, 0, 0, 1], "texture": "#2_0"},
				"west": {"uv": [7.05, 0, 0, 1], "texture": "#2_0"},
				"up": {"uv": [1, 0, 0, 7.05], "texture": "#2_0"},
				"down": {"uv": [1, 0, 0, 7.05], "texture": "#2_0"}
			}
		},
		{
			"from": [10.03409, -2.3, 2.84137],
			"to": [12.72363, 1.15, 5.48682],
			"rotation": {"angle": -22.5, "axis": "y", "origin": [14.66363, -2.2, 1.38637]},
			"faces": {
				"north": {"uv": [7.05, 0, 0, 1], "texture": "#2_0"},
				"east": {"uv": [1, 0, 0, 1], "texture": "#2_0"},
				"south": {"uv": [7.05, 0, 0, 1], "texture": "#2_0"},
				"west": {"uv": [1, 0, 0, 1], "texture": "#2_0"},
				"up": {"uv": [0, 7.05, 1, 0], "rotation": 90, "texture": "#2_0"},
				"down": {"uv": [0, 7.05, 1, 0], "rotation": 270, "texture": "#2_0"}
			}
		},
		{
			"from": [13.42908, -2.3, 3.48069],
			"to": [15.98636, 1.15, 6.12614],
			"rotation": {"angle": -45, "axis": "y", "origin": [14.66363, -2.2, 1.38637]},
			"faces": {
				"north": {"uv": [7.05, 0, 0, 1], "texture": "#2_0"},
				"east": {"uv": [1, 0, 0, 1], "texture": "#2_0"},
				"south": {"uv": [7.05, 0, 0, 1], "texture": "#2_0"},
				"west": {"uv": [1, 0, 0, 1], "texture": "#2_0"},
				"up": {"uv": [0, 7.05, 1, 0], "rotation": 90, "texture": "#2_0"},
				"down": {"uv": [0, 7.05, 1, 0], "rotation": 270, "texture": "#2_0"}
			}
		},
		{
			"from": [6.28636, -2.3, 0.94546],
			"to": [9.81364, 1.15, 3.59091],
			"faces": {
				"north": {"uv": [6, 0, 0, 1], "texture": "#2_0"},
				"east": {"uv": [1, 0, 0, 1], "texture": "#2_0"},
				"south": {"uv": [6, 0, 0, 1], "texture": "#2_0"},
				"west": {"uv": [1, 0, 0, 1], "texture": "#2_0"},
				"up": {"uv": [0, 6, 1, 0], "rotation": 90, "texture": "#2_0"},
				"down": {"uv": [0, 6, 1, 0], "rotation": 270, "texture": "#2_0"}
			}
		},
		{
			"from": [6.28636, -2.3, 12.40909],
			"to": [9.81364, 1.15, 15.05454],
			"faces": {
				"north": {"uv": [0, 0, 6, 1], "texture": "#2_0"},
				"east": {"uv": [0, 0, 1, 1], "texture": "#2_0"},
				"south": {"uv": [0, 0, 6, 1], "texture": "#2_0"},
				"west": {"uv": [0, 0, 1, 1], "texture": "#2_0"},
				"up": {"uv": [1, 6, 0, 0], "rotation": 90, "texture": "#2_0"},
				"down": {"uv": [1, 6, 0, 0], "rotation": 270, "texture": "#2_0"}
			}
		},
		{
			"from": [13.42908, -2.3, 9.87386],
			"to": [15.98636, 1.15, 12.51931],
			"rotation": {"angle": 45, "axis": "y", "origin": [14.66363, -2.2, 14.61363]},
			"faces": {
				"north": {"uv": [0, 0, 7.05, 1], "texture": "#2_0"},
				"east": {"uv": [0, 0, 1, 1], "texture": "#2_0"},
				"south": {"uv": [0, 0, 7.05, 1], "texture": "#2_0"},
				"west": {"uv": [0, 0, 1, 1], "texture": "#2_0"},
				"up": {"uv": [1, 7.05, 0, 0], "rotation": 90, "texture": "#2_0"},
				"down": {"uv": [1, 7.05, 0, 0], "rotation": 270, "texture": "#2_0"}
			}
		},
		{
			"from": [10.03409, -2.3, 10.51318],
			"to": [12.72363, 1.15, 13.15863],
			"rotation": {"angle": 22.5, "axis": "y", "origin": [14.66363, -2.2, 14.61363]},
			"faces": {
				"north": {"uv": [0, 0, 7.05, 1], "texture": "#2_0"},
				"east": {"uv": [0, 0, 1, 1], "texture": "#2_0"},
				"south": {"uv": [0, 0, 7.05, 1], "texture": "#2_0"},
				"west": {"uv": [0, 0, 1, 1], "texture": "#2_0"},
				"up": {"uv": [1, 7.05, 0, 0], "rotation": 90, "texture": "#2_0"},
				"down": {"uv": [1, 7.05, 0, 0], "rotation": 270, "texture": "#2_0"}
			}
		},
		{
			"from": [10.56318, -2.3, 9.91795],
			"to": [13.23068, 1.15, 12.58545],
			"rotation": {"angle": -22.5, "axis": "y", "origin": [14.66363, -2.2, 14.61363]},
			"faces": {
				"north": {"uv": [0, 0, 1, 1], "texture": "#2_0"},
				"east": {"uv": [0, 0, 7.05, 1], "texture": "#2_0"},
				"south": {"uv": [0, 0, 1, 1], "texture": "#2_0"},
				"west": {"uv": [0, 0, 7.05, 1], "texture": "#2_0"},
				"up": {"uv": [1, 7.05, 0, 0], "texture": "#2_0"},
				"down": {"uv": [1, 7.05, 0, 0], "texture": "#2_0"}
			}
		},
		{
			"from": [2.86932, -2.3, 9.91795],
			"to": [5.53682, 1.15, 12.58545],
			"rotation": {"angle": 22.5, "axis": "y", "origin": [1.43637, -2.2, 14.61363]},
			"faces": {
				"north": {"uv": [1, 0, 0, 1], "texture": "#2_0"},
				"east": {"uv": [7.05, 0, 0, 1], "texture": "#2_0"},
				"south": {"uv": [1, 0, 0, 1], "texture": "#2_0"},
				"west": {"uv": [7.05, 0, 0, 1], "texture": "#2_0"},
				"up": {"uv": [0, 7.05, 1, 0], "texture": "#2_0"},
				"down": {"uv": [0, 7.05, 1, 0], "texture": "#2_0"}
			}
		},
		{
			"from": [3.37637, -2.3, 10.51318],
			"to": [6.06591, 1.15, 13.15863],
			"rotation": {"angle": -22.5, "axis": "y", "origin": [1.43637, -2.2, 14.61363]},
			"faces": {
				"north": {"uv": [7.05, 0, 0, 1], "texture": "#2_0"},
				"east": {"uv": [1, 0, 0, 1], "texture": "#2_0"},
				"south": {"uv": [7.05, 0, 0, 1], "texture": "#2_0"},
				"west": {"uv": [1, 0, 0, 1], "texture": "#2_0"},
				"up": {"uv": [1, 0, 0, 7.05], "rotation": 90, "texture": "#2_0"},
				"down": {"uv": [1, 0, 0, 7.05], "rotation": 270, "texture": "#2_0"}
			}
		},
		{
			"from": [0.11364, -2.3, 9.87386],
			"to": [2.67092, 1.15, 12.51931],
			"rotation": {"angle": -45, "axis": "y", "origin": [1.43637, -2.2, 14.61363]},
			"faces": {
				"north": {"uv": [7.05, 0, 0, 1], "texture": "#2_0"},
				"east": {"uv": [1, 0, 0, 1], "texture": "#2_0"},
				"south": {"uv": [7.05, 0, 0, 1], "texture": "#2_0"},
				"west": {"uv": [1, 0, 0, 1], "texture": "#2_0"},
				"up": {"uv": [1, 0, 0, 7.05], "rotation": 90, "texture": "#2_0"},
				"down": {"uv": [1, 0, 0, 7.05], "rotation": 270, "texture": "#2_0"}
			}
		},
		{
			"from": [12.45909, -2.3, 6.23636],
			"to": [15.10454, 1.15, 9.76364],
			"faces": {
				"north": {"uv": [0, 0, 1, 1], "texture": "#2_0"},
				"east": {"uv": [0, 0, 6, 1], "texture": "#2_0"},
				"south": {"uv": [0, 0, 1, 1], "texture": "#2_0"},
				"west": {"uv": [0, 0, 6, 1], "texture": "#2_0"},
				"up": {"uv": [0, 0, 1, 6], "rotation": 180, "texture": "#2_0"},
				"down": {"uv": [0, 0, 1, 6], "rotation": 180, "texture": "#2_0"}
			}
		},
		{
			"from": [0.99546, -2.3, 6.23636],
			"to": [3.64091, 1.15, 9.76364],
			"faces": {
				"north": {"uv": [1, 0, 0, 1], "texture": "#2_0"},
				"east": {"uv": [6, 0, 0, 1], "texture": "#2_0"},
				"south": {"uv": [1, 0, 0, 1], "texture": "#2_0"},
				"west": {"uv": [6, 0, 0, 1], "texture": "#2_0"},
				"up": {"uv": [1, 0, 0, 6], "rotation": 180, "texture": "#2_0"},
				"down": {"uv": [1, 0, 0, 6], "rotation": 180, "texture": "#2_0"}
			}
		}
	],
	"display": {
		"head": {
			"translation": [0, 40, 0],
			"scale": [2.2, 2.2, 2.2]
		}
	},
	"groups": [0,
		{
			"name": "spikes",
			"children": [1, 2, 3, 4, 5]
		},
		{
			"name": "spikes2",
			"children": [6, 7, 8, 9, 10]
		},
		{
			"name": "spikes3",
			"children": [11, 12, 13, 14, 15]
		},
		{
			"name": "octagon",
			"children": [
				{
					"name": "base",
					"children": [16, 17, 18, 19, 20, 21, 22, 23]
				}, 24]
		},
		{
			"name": "upper",
			"children": [25, 26, 27, 28, 29, 30, 31, 32, 33, 34, 35, 36, 37, 38, 39, 40]
		},
		{
			"name": "middle",
			"children": [41, 42, 43, 44, 45, 46, 47, 48, 49, 50, 51, 52, 53, 54, 55, 56]
		},
		{
			"name": "lower",
			"children": [57, 58, 59, 60, 61, 62, 63, 64, 65, 66, 67, 68, 69, 70, 71, 72]
		},
		{
			"name": "neck",
			"children": [73, 74, 75, 76, 77, 78, 79, 80, 81, 82, 83, 84, 85, 86, 87, 88]
		}
	]
}