{
	"credit": "Made with Blockbench",
	"textures": {
		"0": "zelda/mobs/guardian/light_blue_stained_glass",
		"particle": "zelda/mobs/guardian/light_blue_stained_glass"
	},
	"elements": [
		{
			"from": [0, 0, 0],
			"to": [16, 16, 16],
			"faces": {
				"north": {"uv": [0, 0, 16, 16], "texture": "#0"},
				"east": {"uv": [0, 0, 16, 16], "texture": "#0"},
				"south": {"uv": [0, 0, 16, 16], "texture": "#0"},
				"west": {"uv": [0, 0, 16, 16], "texture": "#0"},
				"up": {"uv": [0, 0, 16, 16], "texture": "#0"},
				"down": {"uv": [0, 0, 16, 16], "texture": "#0"}
			}
		}
	],
	"display": {
		"head": {
			"translation": [0, -44.5, 0],
			"scale": [0.59, 0.59, 0.59]
		}
	}
}