{
	"credit": "Made with Blockbench",
	"textures": {
		"0": "zelda/mobs/guardian/light_gray_concrete",
		"particle": "zelda/mobs/guardian/light_gray_concrete"
	},
	"elements": [
		{
			"from": [6.8, 1.45, 2],
			"to": [9.2, 2.25, 2.4],
			"faces": {
				"north": {"uv": [0, 0, 6, 2], "rotation": 180, "texture": "#0"},
				"east": {"uv": [0, 0, 2, 1], "rotation": 90, "texture": "#0"},
				"south": {"uv": [0, 0, 6, 2], "texture": "#0"},
				"west": {"uv": [0, 0, 2, 1], "rotation": 270, "texture": "#0"},
				"up": {"uv": [0, 0, 6, 1], "texture": "#0"},
				"down": {"uv": [0, 0, 6, 1], "rotation": 180, "texture": "#0"}
			}
		},
		{
			"from": [7.4, 1.45, 2.4],
			"to": [8.6, 3.45, 2.8],
			"faces": {
				"north": {"uv": [0, 0, 3, 5], "rotation": 180, "texture": "#0"},
				"east": {"uv": [0, 0, 5, 1], "rotation": 90, "texture": "#0"},
				"south": {"uv": [0, 0, 3, 5], "texture": "#0"},
				"west": {"uv": [0, 0, 5, 1], "rotation": 270, "texture": "#0"},
				"up": {"uv": [0, 0, 3, 1], "texture": "#0"},
				"down": {"uv": [0, 0, 3, 1], "rotation": 180, "texture": "#0"}
			}
		},
		{
			"from": [7.8, 1.45, 2.8],
			"to": [8.2, 3.45, 3.2],
			"faces": {
				"north": {"uv": [0, 0, 1, 5], "rotation": 180, "texture": "#0"},
				"east": {"uv": [0, 0, 5, 1], "rotation": 90, "texture": "#0"},
				"south": {"uv": [0, 0, 1, 5], "texture": "#0"},
				"west": {"uv": [0, 0, 5, 1], "rotation": 270, "texture": "#0"},
				"up": {"uv": [0, 0, 1, 1], "texture": "#0"},
				"down": {"uv": [0, 0, 1, 1], "rotation": 180, "texture": "#0"}
			}
		},
		{
			"from": [7.1, 2.25, 2],
			"to": [8.9, 3.45, 2.4],
			"faces": {
				"north": {"uv": [0, 0, 4.5, 3], "rotation": 180, "texture": "#0"},
				"east": {"uv": [0, 0, 3, 1], "rotation": 90, "texture": "#0"},
				"south": {"uv": [0, 0, 4.5, 3], "texture": "#0"},
				"west": {"uv": [0, 0, 3, 1], "rotation": 270, "texture": "#0"},
				"up": {"uv": [0, 0, 4.5, 1], "texture": "#0"},
				"down": {"uv": [0, 0, 4.5, 1], "rotation": 180, "texture": "#0"}
			}
		},
		{
			"from": [7.4, 0.25, 2.2],
			"to": [8.6, 1.45, 2.6],
			"faces": {
				"north": {"uv": [0, 0, 3, 5], "rotation": 180, "texture": "#0"},
				"east": {"uv": [0, 0, 5, 1], "rotation": 90, "texture": "#0"},
				"south": {"uv": [0, 0, 3, 5], "texture": "#0"},
				"west": {"uv": [0, 0, 5, 1], "rotation": 270, "texture": "#0"},
				"up": {"uv": [0, 0, 3, 1], "texture": "#0"},
				"down": {"uv": [0, 0, 3, 1], "rotation": 180, "texture": "#0"}
			}
		},
		{
			"from": [7.8, 0.25, 2.6],
			"to": [8.2, 1.45, 3],
			"faces": {
				"north": {"uv": [0, 0, 1, 5], "rotation": 180, "texture": "#0"},
				"east": {"uv": [0, 0, 5, 1], "rotation": 90, "texture": "#0"},
				"south": {"uv": [0, 0, 1, 5], "texture": "#0"},
				"west": {"uv": [0, 0, 5, 1], "rotation": 270, "texture": "#0"},
				"up": {"uv": [0, 0, 1, 1], "texture": "#0"},
				"down": {"uv": [0, 0, 1, 1], "rotation": 180, "texture": "#0"}
			}
		},
		{
			"from": [7.1, 0.25, 1.8],
			"to": [8.9, 1.45, 2.2],
			"faces": {
				"north": {"uv": [0, 0, 4.5, 3], "rotation": 180, "texture": "#0"},
				"east": {"uv": [0, 0, 3, 1], "rotation": 90, "texture": "#0"},
				"south": {"uv": [0, 0, 4.5, 3], "texture": "#0"},
				"west": {"uv": [0, 0, 3, 1], "rotation": 270, "texture": "#0"},
				"up": {"uv": [0, 0, 4.5, 1], "texture": "#0"},
				"down": {"uv": [0, 0, 4.5, 1], "rotation": 180, "texture": "#0"}
			}
		},
		{
			"from": [7.8, 0.47, -0.02],
			"to": [8.2, 0.87, 2.07],
			"faces": {
				"north": {"uv": [0, 0, 1, 1], "rotation": 180, "texture": "#0"},
				"east": {"uv": [0, 0, 5.225, 1], "rotation": 180, "texture": "#0"},
				"south": {"uv": [0, 0, 1, 1], "rotation": 180, "texture": "#0"},
				"west": {"uv": [0, 0, 5.225, 1], "rotation": 180, "texture": "#0"},
				"up": {"uv": [0, 0, 1, 5.225], "texture": "#0"},
				"down": {"uv": [0, 0, 1, 5.225], "texture": "#0"}
			}
		},
		{
			"from": [7.8, 0.45, 2.7],
			"to": [8.2, 0.85, 4.3],
			"faces": {
				"north": {"uv": [0, 0, 1, 1], "texture": "#0"},
				"east": {"uv": [0, 0, 4, 1], "texture": "#0"},
				"south": {"uv": [0, 0, 1, 1], "texture": "#0"},
				"west": {"uv": [0, 0, 4, 1], "texture": "#0"},
				"up": {"uv": [0, 0, 1, 4], "texture": "#0"},
				"down": {"uv": [0, 0, 1, 4], "texture": "#0"}
			}
		},
		{
			"from": [5.5, 0.45, 1.3],
			"to": [8.3, 0.85, 1.7],
			"rotation": {"angle": -45, "axis": "y", "origin": [6.6, 0.45, 2]},
			"faces": {
				"north": {"uv": [0, 0, 7, 1], "texture": "#0"},
				"east": {"uv": [0, 0, 1, 1], "texture": "#0"},
				"south": {"uv": [0, 0, 7, 1], "texture": "#0"},
				"west": {"uv": [0, 0, 1, 1], "texture": "#0"},
				"up": {"uv": [0, 0, 7, 1], "texture": "#0"},
				"down": {"uv": [0, 0, 7, 1], "texture": "#0"}
			}
		},
		{
			"from": [8.1, 0.45, 1.3],
			"to": [10.5, 0.85, 1.7],
			"rotation": {"angle": 45, "axis": "y", "origin": [9.4, 0.45, 2]},
			"faces": {
				"north": {"uv": [5, 0, 11, 1], "texture": "#0"},
				"east": {"uv": [1, 0, 2, 1], "texture": "#0"},
				"south": {"uv": [5, 0, 11, 1], "texture": "#0"},
				"west": {"uv": [1, 0, 2, 1], "texture": "#0"},
				"up": {"uv": [5, 0, 11, 1], "texture": "#0"},
				"down": {"uv": [5, 0, 11, 1], "texture": "#0"}
			}
		},
		{
			"from": [7.84, 0.15, 4.1],
			"to": [8.16, 0.75, 4.4],
			"faces": {
				"north": {"uv": [0, 0, 0.8, 1.5], "texture": "#0"},
				"east": {"uv": [0, 0, 0.75, 1.5], "texture": "#0"},
				"south": {"uv": [0, 0, 0.8, 1.5], "texture": "#0"},
				"west": {"uv": [0, 0, 0.75, 1.5], "texture": "#0"},
				"up": {"uv": [0, 0, 0.8, 0.75], "texture": "#0"},
				"down": {"uv": [0, 0, 0.8, 0.75], "texture": "#0"}
			}
		},
		{
			"from": [5.3, 0.05, 1.34],
			"to": [5.7, 0.65, 1.66],
			"rotation": {"angle": -45, "axis": "y", "origin": [6.6, 0.45, 2]},
			"faces": {
				"north": {"uv": [0, 0, 1, 1.5], "texture": "#0"},
				"east": {"uv": [0, 0, 0.8, 1.5], "texture": "#0"},
				"south": {"uv": [0, 0, 1, 1.5], "texture": "#0"},
				"west": {"uv": [0, 0, 0.8, 1.5], "texture": "#0"},
				"up": {"uv": [0, 0, 1, 0.8], "texture": "#0"},
				"down": {"uv": [0, 0, 1, 0.8], "texture": "#0"}
			}
		},
		{
			"from": [10.3, 0.05, 1.34],
			"to": [10.7, 0.65, 1.66],
			"rotation": {"angle": 45, "axis": "y", "origin": [9.4, 0.45, 2]},
			"faces": {
				"north": {"uv": [1.5, 0, 2.5, 1.5], "texture": "#0"},
				"east": {"uv": [0.8, 0, 1.6, 1.5], "texture": "#0"},
				"south": {"uv": [1.5, 0, 2.5, 1.5], "texture": "#0"},
				"west": {"uv": [0.8, 0, 1.6, 1.5], "texture": "#0"},
				"up": {"uv": [1.5, 0, 2.5, 0.8], "texture": "#0"},
				"down": {"uv": [1.5, 0, 2.5, 0.8], "texture": "#0"}
			}
		},
		{
			"from": [7.84, 0.15, -0.1],
			"to": [8.16, 0.75, 0.2],
			"faces": {
				"north": {"uv": [0, 0, 0.8, 1.5], "texture": "#0"},
				"east": {"uv": [0, 0, 0.75, 1.5], "texture": "#0"},
				"south": {"uv": [0, 0, 0.8, 1.5], "texture": "#0"},
				"west": {"uv": [0, 0, 0.75, 1.5], "texture": "#0"},
				"up": {"uv": [0, 0, 0.8, 0.75], "texture": "#0"},
				"down": {"uv": [0, 0, 0.8, 0.75], "texture": "#0"}
			}
		},
		{
			"from": [6.8, 3.45, 2.2],
			"to": [9.2, 4.25, 2.6],
			"faces": {
				"north": {"uv": [0, 0, 6, 2], "rotation": 180, "texture": "#0"},
				"east": {"uv": [0, 0, 2, 1], "rotation": 90, "texture": "#0"},
				"south": {"uv": [0, 0, 6, 2], "texture": "#0"},
				"west": {"uv": [0, 0, 2, 1], "rotation": 270, "texture": "#0"},
				"up": {"uv": [0, 0, 6, 1], "texture": "#0"},
				"down": {"uv": [0, 0, 6, 1], "rotation": 180, "texture": "#0"}
			}
		},
		{
			"from": [7.4, 3.45, 2.6],
			"to": [8.6, 5.45, 3],
			"faces": {
				"north": {"uv": [0, 0, 3, 5], "rotation": 180, "texture": "#0"},
				"east": {"uv": [0, 0, 5, 1], "rotation": 90, "texture": "#0"},
				"south": {"uv": [0, 0, 3, 5], "texture": "#0"},
				"west": {"uv": [0, 0, 5, 1], "rotation": 270, "texture": "#0"},
				"up": {"uv": [0, 0, 3, 1], "texture": "#0"},
				"down": {"uv": [0, 0, 3, 1], "rotation": 180, "texture": "#0"}
			}
		},
		{
			"from": [7.8, 3.45, 3],
			"to": [8.2, 5.45, 3.4],
			"faces": {
				"north": {"uv": [0, 0, 1, 5], "rotation": 180, "texture": "#0"},
				"east": {"uv": [0, 0, 5, 1], "rotation": 90, "texture": "#0"},
				"south": {"uv": [0, 0, 1, 5], "texture": "#0"},
				"west": {"uv": [0, 0, 5, 1], "rotation": 270, "texture": "#0"},
				"up": {"uv": [0, 0, 1, 1], "texture": "#0"},
				"down": {"uv": [0, 0, 1, 1], "rotation": 180, "texture": "#0"}
			}
		},
		{
			"from": [7.1, 4.25, 2.2],
			"to": [8.9, 5.45, 2.6],
			"faces": {
				"north": {"uv": [0, 0, 4.5, 3], "rotation": 180, "texture": "#0"},
				"east": {"uv": [0, 0, 3, 1], "rotation": 90, "texture": "#0"},
				"south": {"uv": [0, 0, 4.5, 3], "texture": "#0"},
				"west": {"uv": [0, 0, 3, 1], "rotation": 270, "texture": "#0"},
				"up": {"uv": [0, 0, 4.5, 1], "texture": "#0"},
				"down": {"uv": [0, 0, 4.5, 1], "rotation": 180, "texture": "#0"}
			}
		},
		{
			"from": [6.8, 5.45, 2.4],
			"to": [9.2, 6.25, 2.8],
			"faces": {
				"north": {"uv": [0, 0, 6, 2], "rotation": 180, "texture": "#0"},
				"east": {"uv": [0, 0, 2, 1], "rotation": 90, "texture": "#0"},
				"south": {"uv": [0, 0, 6, 2], "texture": "#0"},
				"west": {"uv": [0, 0, 2, 1], "rotation": 270, "texture": "#0"},
				"up": {"uv": [0, 0, 6, 1], "texture": "#0"},
				"down": {"uv": [0, 0, 6, 1], "rotation": 180, "texture": "#0"}
			}
		},
		{
			"from": [7.4, 5.45, 2.8],
			"to": [8.6, 7.45, 3.2],
			"faces": {
				"north": {"uv": [0, 0, 3, 5], "rotation": 180, "texture": "#0"},
				"east": {"uv": [0, 0, 5, 1], "rotation": 90, "texture": "#0"},
				"south": {"uv": [0, 0, 3, 5], "texture": "#0"},
				"west": {"uv": [0, 0, 5, 1], "rotation": 270, "texture": "#0"},
				"up": {"uv": [0, 0, 3, 1], "texture": "#0"},
				"down": {"uv": [0, 0, 3, 1], "rotation": 180, "texture": "#0"}
			}
		},
		{
			"from": [7.8, 5.45, 3.2],
			"to": [8.2, 7.45, 3.6],
			"faces": {
				"north": {"uv": [0, 0, 1, 5], "rotation": 180, "texture": "#0"},
				"east": {"uv": [0, 0, 5, 1], "rotation": 90, "texture": "#0"},
				"south": {"uv": [0, 0, 1, 5], "texture": "#0"},
				"west": {"uv": [0, 0, 5, 1], "rotation": 270, "texture": "#0"},
				"up": {"uv": [0, 0, 1, 1], "texture": "#0"},
				"down": {"uv": [0, 0, 1, 1], "rotation": 180, "texture": "#0"}
			}
		},
		{
			"from": [7.1, 6.25, 2.4],
			"to": [8.9, 7.45, 2.8],
			"faces": {
				"north": {"uv": [0, 0, 4.5, 3], "rotation": 180, "texture": "#0"},
				"east": {"uv": [0, 0, 3, 1], "rotation": 90, "texture": "#0"},
				"south": {"uv": [0, 0, 4.5, 3], "texture": "#0"},
				"west": {"uv": [0, 0, 3, 1], "rotation": 270, "texture": "#0"},
				"up": {"uv": [0, 0, 4.5, 1], "texture": "#0"},
				"down": {"uv": [0, 0, 4.5, 1], "rotation": 180, "texture": "#0"}
			}
		},
		{
			"from": [6.8, 8.55, 3.7],
			"to": [9.2, 9.35, 4.1],
			"rotation": {"angle": 22.5, "axis": "x", "origin": [9.2, 11.05, 0.3]},
			"faces": {
				"north": {"uv": [0, 0, 6, 2], "rotation": 180, "texture": "#0"},
				"east": {"uv": [0, 0, 2, 1], "rotation": 90, "texture": "#0"},
				"south": {"uv": [0, 0, 6, 2], "texture": "#0"},
				"west": {"uv": [0, 0, 2, 1], "rotation": 270, "texture": "#0"},
				"up": {"uv": [0, 0, 6, 1], "texture": "#0"},
				"down": {"uv": [0, 0, 6, 1], "rotation": 180, "texture": "#0"}
			}
		},
		{
			"from": [7.4, 8.55, 4.1],
			"to": [8.6, 10.55, 4.5],
			"rotation": {"angle": 22.5, "axis": "x", "origin": [9.2, 11.05, 0.3]},
			"faces": {
				"north": {"uv": [0, 0, 3, 5], "rotation": 180, "texture": "#0"},
				"east": {"uv": [0, 0, 5, 1], "rotation": 90, "texture": "#0"},
				"south": {"uv": [0, 0, 3, 5], "texture": "#0"},
				"west": {"uv": [0, 0, 5, 1], "rotation": 270, "texture": "#0"},
				"up": {"uv": [0, 0, 3, 1], "texture": "#0"},
				"down": {"uv": [0, 0, 3, 1], "rotation": 180, "texture": "#0"}
			}
		},
		{
			"from": [7.8, 8.55, 4.5],
			"to": [8.2, 10.55, 4.9],
			"rotation": {"angle": 22.5, "axis": "x", "origin": [9.2, 11.05, 0.3]},
			"faces": {
				"north": {"uv": [0, 0, 1, 5], "rotation": 180, "texture": "#0"},
				"east": {"uv": [0, 0, 5, 1], "rotation": 90, "texture": "#0"},
				"south": {"uv": [0, 0, 1, 5], "texture": "#0"},
				"west": {"uv": [0, 0, 5, 1], "rotation": 270, "texture": "#0"},
				"up": {"uv": [0, 0, 1, 1], "texture": "#0"},
				"down": {"uv": [0, 0, 1, 1], "rotation": 180, "texture": "#0"}
			}
		},
		{
			"from": [7.1, 9.35, 3.7],
			"to": [8.9, 10.55, 4.1],
			"rotation": {"angle": 22.5, "axis": "x", "origin": [9.2, 11.05, 0.3]},
			"faces": {
				"north": {"uv": [0, 0, 4.5, 3], "rotation": 180, "texture": "#0"},
				"east": {"uv": [0, 0, 3, 1], "rotation": 90, "texture": "#0"},
				"south": {"uv": [0, 0, 4.5, 3], "texture": "#0"},
				"west": {"uv": [0, 0, 3, 1], "rotation": 270, "texture": "#0"},
				"up": {"uv": [0, 0, 4.5, 1], "texture": "#0"},
				"down": {"uv": [0, 0, 4.5, 1], "rotation": 180, "texture": "#0"}
			}
		},
		{
			"from": [6.8, 12.65, 0.525],
			"to": [9.2, 13.45, 0.925],
			"rotation": {"angle": 45, "axis": "x", "origin": [9.2, 7.85, -2.275]},
			"faces": {
				"north": {"uv": [0, 0, 6, 2], "rotation": 180, "texture": "#0"},
				"east": {"uv": [0, 0, 2, 1], "rotation": 90, "texture": "#0"},
				"south": {"uv": [0, 0, 6, 2], "texture": "#0"},
				"west": {"uv": [0, 0, 2, 1], "rotation": 270, "texture": "#0"},
				"up": {"uv": [0, 0, 6, 1], "texture": "#0"},
				"down": {"uv": [0, 0, 6, 1], "rotation": 180, "texture": "#0"}
			}
		},
		{
			"from": [7.4, 12.65, 0.925],
			"to": [8.6, 14.65, 1.325],
			"rotation": {"angle": 45, "axis": "x", "origin": [9.2, 7.85, -2.275]},
			"faces": {
				"north": {"uv": [0, 0, 3, 5], "rotation": 180, "texture": "#0"},
				"east": {"uv": [0, 0, 5, 1], "rotation": 90, "texture": "#0"},
				"south": {"uv": [0, 0, 3, 5], "texture": "#0"},
				"west": {"uv": [0, 0, 5, 1], "rotation": 270, "texture": "#0"},
				"up": {"uv": [0, 0, 3, 1], "texture": "#0"},
				"down": {"uv": [0, 0, 3, 1], "rotation": 180, "texture": "#0"}
			}
		},
		{
			"from": [7.8, 12.65, 1.325],
			"to": [8.2, 14.65, 1.725],
			"rotation": {"angle": 45, "axis": "x", "origin": [9.2, 7.85, -2.275]},
			"faces": {
				"north": {"uv": [0, 0, 1, 5], "rotation": 180, "texture": "#0"},
				"east": {"uv": [0, 0, 5, 1], "rotation": 90, "texture": "#0"},
				"south": {"uv": [0, 0, 1, 5], "texture": "#0"},
				"west": {"uv": [0, 0, 5, 1], "rotation": 270, "texture": "#0"},
				"up": {"uv": [0, 0, 1, 1], "texture": "#0"},
				"down": {"uv": [0, 0, 1, 1], "rotation": 180, "texture": "#0"}
			}
		},
		{
			"from": [7.1, 13.45, 0.525],
			"to": [8.9, 14.65, 0.925],
			"rotation": {"angle": 45, "axis": "x", "origin": [9.2, 7.85, -2.275]},
			"faces": {
				"north": {"uv": [0, 0, 4.5, 3], "rotation": 180, "texture": "#0"},
				"east": {"uv": [0, 0, 3, 1], "rotation": 90, "texture": "#0"},
				"south": {"uv": [0, 0, 4.5, 3], "texture": "#0"},
				"west": {"uv": [0, 0, 3, 1], "rotation": 270, "texture": "#0"},
				"up": {"uv": [0, 0, 4.5, 1], "texture": "#0"},
				"down": {"uv": [0, 0, 4.5, 1], "rotation": 180, "texture": "#0"}
			}
		},
		{
			"from": [6.8, 14.65, 0.625],
			"to": [9.2, 15.45, 1.025],
			"rotation": {"angle": 45, "axis": "x", "origin": [9.2, 7.85, -2.575]},
			"faces": {
				"north": {"uv": [0, 0, 6, 2], "rotation": 180, "texture": "#0"},
				"east": {"uv": [0, 0, 2, 1], "rotation": 90, "texture": "#0"},
				"south": {"uv": [0, 0, 6, 2], "texture": "#0"},
				"west": {"uv": [0, 0, 2, 1], "rotation": 270, "texture": "#0"},
				"up": {"uv": [0, 0, 6, 1], "texture": "#0"},
				"down": {"uv": [0, 0, 6, 1], "rotation": 180, "texture": "#0"}
			}
		},
		{
			"from": [7.4, 14.65, 1.025],
			"to": [8.6, 16.65, 1.425],
			"rotation": {"angle": 45, "axis": "x", "origin": [9.2, 7.85, -2.575]},
			"faces": {
				"north": {"uv": [0, 0, 3, 5], "rotation": 180, "texture": "#0"},
				"east": {"uv": [0, 0, 5, 1], "rotation": 90, "texture": "#0"},
				"south": {"uv": [0, 0, 3, 5], "texture": "#0"},
				"west": {"uv": [0, 0, 5, 1], "rotation": 270, "texture": "#0"},
				"up": {"uv": [0, 0, 3, 1], "texture": "#0"},
				"down": {"uv": [0, 0, 3, 1], "rotation": 180, "texture": "#0"}
			}
		},
		{
			"from": [7.8, 14.65, 1.425],
			"to": [8.2, 16.65, 1.825],
			"rotation": {"angle": 45, "axis": "x", "origin": [9.2, 7.85, -2.575]},
			"faces": {
				"north": {"uv": [0, 0, 1, 5], "rotation": 180, "texture": "#0"},
				"east": {"uv": [0, 0, 5, 1], "rotation": 90, "texture": "#0"},
				"south": {"uv": [0, 0, 1, 5], "texture": "#0"},
				"west": {"uv": [0, 0, 5, 1], "rotation": 270, "texture": "#0"},
				"up": {"uv": [0, 0, 1, 1], "texture": "#0"},
				"down": {"uv": [0, 0, 1, 1], "rotation": 180, "texture": "#0"}
			}
		},
		{
			"from": [7.1, 15.45, 0.625],
			"to": [8.9, 16.65, 1.025],
			"rotation": {"angle": 45, "axis": "x", "origin": [9.2, 7.85, -2.575]},
			"faces": {
				"north": {"uv": [0, 0, 4.5, 3], "rotation": 180, "texture": "#0"},
				"east": {"uv": [0, 0, 3, 1], "rotation": 90, "texture": "#0"},
				"south": {"uv": [0, 0, 4.5, 3], "texture": "#0"},
				"west": {"uv": [0, 0, 3, 1], "rotation": 270, "texture": "#0"},
				"up": {"uv": [0, 0, 4.5, 1], "texture": "#0"},
				"down": {"uv": [0, 0, 4.5, 1], "rotation": 180, "texture": "#0"}
			}
		},
		{
			"from": [6.8, 7.65, 6.725],
			"to": [9.2, 8.05, 7.525],
			"rotation": {"angle": -22.5, "axis": "x", "origin": [9.2, 7.95, -2.675]},
			"faces": {
				"north": {"uv": [0, 0, 6, 1], "texture": "#0"},
				"east": {"uv": [0, 0, 2, 1], "texture": "#0"},
				"south": {"uv": [0, 0, 6, 1], "texture": "#0"},
				"west": {"uv": [0, 0, 2, 1], "texture": "#0"},
				"up": {"uv": [0, 0, 6, 2], "texture": "#0"},
				"down": {"uv": [0, 0, 6, 2], "texture": "#0"}
			}
		},
		{
			"from": [7.4, 7.25, 6.725],
			"to": [8.6, 7.65, 8.725],
			"rotation": {"angle": -22.5, "axis": "x", "origin": [9.2, 7.95, -2.675]},
			"faces": {
				"north": {"uv": [0, 0, 3, 1], "texture": "#0"},
				"east": {"uv": [0, 0, 5, 1], "texture": "#0"},
				"south": {"uv": [0, 0, 3, 1], "texture": "#0"},
				"west": {"uv": [0, 0, 5, 1], "texture": "#0"},
				"up": {"uv": [0, 0, 3, 5], "texture": "#0"},
				"down": {"uv": [0, 0, 3, 5], "texture": "#0"}
			}
		},
		{
			"from": [7.8, 6.85, 6.725],
			"to": [8.2, 7.25, 8.725],
			"rotation": {"angle": -22.5, "axis": "x", "origin": [9.2, 7.95, -2.675]},
			"faces": {
				"north": {"uv": [0, 0, 1, 1], "texture": "#0"},
				"east": {"uv": [0, 0, 5, 1], "texture": "#0"},
				"south": {"uv": [0, 0, 1, 1], "texture": "#0"},
				"west": {"uv": [0, 0, 5, 1], "texture": "#0"},
				"up": {"uv": [0, 0, 1, 5], "texture": "#0"},
				"down": {"uv": [0, 0, 1, 5], "texture": "#0"}
			}
		},
		{
			"from": [7.1, 7.65, 7.525],
			"to": [8.9, 8.05, 8.725],
			"rotation": {"angle": -22.5, "axis": "x", "origin": [9.2, 7.95, -2.675]},
			"faces": {
				"north": {"uv": [0, 0, 4.5, 1], "texture": "#0"},
				"east": {"uv": [0, 0, 3, 1], "texture": "#0"},
				"south": {"uv": [0, 0, 4.5, 1], "texture": "#0"},
				"west": {"uv": [0, 0, 3, 1], "texture": "#0"},
				"up": {"uv": [0, 0, 4.5, 3], "texture": "#0"},
				"down": {"uv": [0, 0, 4.5, 3], "texture": "#0"}
			}
		},
		{
			"from": [6.8, 12.15, 7.825],
			"to": [9.2, 12.55, 8.625],
			"faces": {
				"north": {"uv": [0, 0, 6, 1], "texture": "#0"},
				"east": {"uv": [0, 0, 2, 1], "texture": "#0"},
				"south": {"uv": [0, 0, 6, 1], "texture": "#0"},
				"west": {"uv": [0, 0, 2, 1], "texture": "#0"},
				"up": {"uv": [0, 0, 6, 2], "texture": "#0"},
				"down": {"uv": [0, 0, 6, 2], "texture": "#0"}
			}
		},
		{
			"from": [7.4, 11.75, 7.825],
			"to": [8.6, 12.15, 9.825],
			"faces": {
				"north": {"uv": [0, 0, 3, 1], "texture": "#0"},
				"east": {"uv": [0, 0, 5, 1], "texture": "#0"},
				"south": {"uv": [0, 0, 3, 1], "texture": "#0"},
				"west": {"uv": [0, 0, 5, 1], "texture": "#0"},
				"up": {"uv": [0, 0, 3, 5], "texture": "#0"},
				"down": {"uv": [0, 0, 3, 5], "texture": "#0"}
			}
		},
		{
			"from": [7.8, 11.35, 7.825],
			"to": [8.2, 11.75, 9.825],
			"faces": {
				"north": {"uv": [0, 0, 1, 1], "texture": "#0"},
				"east": {"uv": [0, 0, 5, 1], "texture": "#0"},
				"south": {"uv": [0, 0, 1, 1], "texture": "#0"},
				"west": {"uv": [0, 0, 5, 1], "texture": "#0"},
				"up": {"uv": [0, 0, 1, 5], "texture": "#0"},
				"down": {"uv": [0, 0, 1, 5], "texture": "#0"}
			}
		},
		{
			"from": [7.1, 12.15, 8.625],
			"to": [8.9, 12.55, 9.825],
			"faces": {
				"north": {"uv": [0, 0, 4.5, 1], "texture": "#0"},
				"east": {"uv": [0, 0, 3, 1], "texture": "#0"},
				"south": {"uv": [0, 0, 4.5, 1], "texture": "#0"},
				"west": {"uv": [0, 0, 3, 1], "texture": "#0"},
				"up": {"uv": [0, 0, 4.5, 3], "texture": "#0"},
				"down": {"uv": [0, 0, 4.5, 3], "texture": "#0"}
			}
		},
		{
			"from": [6.8, 15.95, 10.925],
			"to": [9.2, 16.35, 11.725],
			"rotation": {"angle": 22.5, "axis": "x", "origin": [9.2, 12.45, -1.575]},
			"faces": {
				"north": {"uv": [0, 0, 6, 1], "texture": "#0"},
				"east": {"uv": [0, 0, 2, 1], "texture": "#0"},
				"south": {"uv": [0, 0, 6, 1], "texture": "#0"},
				"west": {"uv": [0, 0, 2, 1], "texture": "#0"},
				"up": {"uv": [0, 0, 6, 2], "texture": "#0"},
				"down": {"uv": [0, 0, 6, 2], "texture": "#0"}
			}
		},
		{
			"from": [7.4, 15.55, 10.925],
			"to": [8.6, 15.95, 12.925],
			"rotation": {"angle": 22.5, "axis": "x", "origin": [9.2, 12.45, -1.575]},
			"faces": {
				"north": {"uv": [0, 0, 3, 1], "texture": "#0"},
				"east": {"uv": [0, 0, 5, 1], "texture": "#0"},
				"south": {"uv": [0, 0, 3, 1], "texture": "#0"},
				"west": {"uv": [0, 0, 5, 1], "texture": "#0"},
				"up": {"uv": [0, 0, 3, 5], "texture": "#0"},
				"down": {"uv": [0, 0, 3, 5], "texture": "#0"}
			}
		},
		{
			"from": [7.8, 15.15, 10.925],
			"to": [8.2, 15.55, 12.925],
			"rotation": {"angle": 22.5, "axis": "x", "origin": [9.2, 12.45, -1.575]},
			"faces": {
				"north": {"uv": [0, 0, 1, 1], "texture": "#0"},
				"east": {"uv": [0, 0, 5, 1], "texture": "#0"},
				"south": {"uv": [0, 0, 1, 1], "texture": "#0"},
				"west": {"uv": [0, 0, 5, 1], "texture": "#0"},
				"up": {"uv": [0, 0, 1, 5], "texture": "#0"},
				"down": {"uv": [0, 0, 1, 5], "texture": "#0"}
			}
		},
		{
			"from": [7.1, 15.95, 11.725],
			"to": [8.9, 16.35, 12.925],
			"rotation": {"angle": 22.5, "axis": "x", "origin": [9.2, 12.45, -1.575]},
			"faces": {
				"north": {"uv": [0, 0, 4.5, 1], "texture": "#0"},
				"east": {"uv": [0, 0, 3, 1], "texture": "#0"},
				"south": {"uv": [0, 0, 4.5, 1], "texture": "#0"},
				"west": {"uv": [0, 0, 3, 1], "texture": "#0"},
				"up": {"uv": [0, 0, 4.5, 3], "texture": "#0"},
				"down": {"uv": [0, 0, 4.5, 3], "texture": "#0"}
			}
		},
		{
			"from": [6.8, 16.35, 8.925],
			"to": [9.2, 16.75, 9.725],
			"rotation": {"angle": 22.5, "axis": "x", "origin": [9.2, 12.45, -1.575]},
			"faces": {
				"north": {"uv": [0, 0, 6, 1], "texture": "#0"},
				"east": {"uv": [0, 0, 2, 1], "texture": "#0"},
				"south": {"uv": [0, 0, 6, 1], "texture": "#0"},
				"west": {"uv": [0, 0, 2, 1], "texture": "#0"},
				"up": {"uv": [0, 0, 6, 2], "texture": "#0"},
				"down": {"uv": [0, 0, 6, 2], "texture": "#0"}
			}
		},
		{
			"from": [7.4, 15.95, 8.925],
			"to": [8.6, 16.35, 10.925],
			"rotation": {"angle": 22.5, "axis": "x", "origin": [9.2, 12.45, -1.575]},
			"faces": {
				"north": {"uv": [0, 0, 3, 1], "texture": "#0"},
				"east": {"uv": [0, 0, 5, 1], "texture": "#0"},
				"south": {"uv": [0, 0, 3, 1], "texture": "#0"},
				"west": {"uv": [0, 0, 5, 1], "texture": "#0"},
				"up": {"uv": [0, 0, 3, 5], "texture": "#0"},
				"down": {"uv": [0, 0, 3, 5], "texture": "#0"}
			}
		},
		{
			"from": [7.8, 15.55, 8.925],
			"to": [8.2, 15.95, 10.925],
			"rotation": {"angle": 22.5, "axis": "x", "origin": [9.2, 12.45, -1.575]},
			"faces": {
				"north": {"uv": [0, 0, 1, 1], "texture": "#0"},
				"east": {"uv": [0, 0, 5, 1], "texture": "#0"},
				"south": {"uv": [0, 0, 1, 1], "texture": "#0"},
				"west": {"uv": [0, 0, 5, 1], "texture": "#0"},
				"up": {"uv": [0, 0, 1, 5], "texture": "#0"},
				"down": {"uv": [0, 0, 1, 5], "texture": "#0"}
			}
		},
		{
			"from": [7.1, 16.35, 9.725],
			"to": [8.9, 16.75, 10.925],
			"rotation": {"angle": 22.5, "axis": "x", "origin": [9.2, 12.45, -1.575]},
			"faces": {
				"north": {"uv": [0, 0, 4.5, 1], "texture": "#0"},
				"east": {"uv": [0, 0, 3, 1], "texture": "#0"},
				"south": {"uv": [0, 0, 4.5, 1], "texture": "#0"},
				"west": {"uv": [0, 0, 3, 1], "texture": "#0"},
				"up": {"uv": [0, 0, 4.5, 3], "texture": "#0"},
				"down": {"uv": [0, 0, 4.5, 3], "texture": "#0"}
			}
		},
		{
			"from": [6.8, 20.85, 10.325],
			"to": [9.2, 21.25, 11.125],
			"rotation": {"angle": 45, "axis": "x", "origin": [9.2, 12.45, -1.575]},
			"faces": {
				"north": {"uv": [0, 0, 6, 1], "texture": "#0"},
				"east": {"uv": [0, 0, 2, 1], "texture": "#0"},
				"south": {"uv": [0, 0, 6, 1], "texture": "#0"},
				"west": {"uv": [0, 0, 2, 1], "texture": "#0"},
				"up": {"uv": [0, 0, 6, 2], "texture": "#0"},
				"down": {"uv": [0, 0, 6, 2], "texture": "#0"}
			}
		},
		{
			"from": [7.4, 20.45, 10.325],
			"to": [8.6, 20.85, 12.325],
			"rotation": {"angle": 45, "axis": "x", "origin": [9.2, 12.45, -1.575]},
			"faces": {
				"north": {"uv": [0, 0, 3, 1], "texture": "#0"},
				"east": {"uv": [0, 0, 5, 1], "texture": "#0"},
				"south": {"uv": [0, 0, 3, 1], "texture": "#0"},
				"west": {"uv": [0, 0, 5, 1], "texture": "#0"},
				"up": {"uv": [0, 0, 3, 5], "texture": "#0"},
				"down": {"uv": [0, 0, 3, 5], "texture": "#0"}
			}
		},
		{
			"from": [7.8, 20.05, 10.325],
			"to": [8.2, 20.45, 12.325],
			"rotation": {"angle": 45, "axis": "x", "origin": [9.2, 12.45, -1.575]},
			"faces": {
				"north": {"uv": [0, 0, 1, 1], "texture": "#0"},
				"east": {"uv": [0, 0, 5, 1], "texture": "#0"},
				"south": {"uv": [0, 0, 1, 1], "texture": "#0"},
				"west": {"uv": [0, 0, 5, 1], "texture": "#0"},
				"up": {"uv": [0, 0, 1, 5], "texture": "#0"},
				"down": {"uv": [0, 0, 1, 5], "texture": "#0"}
			}
		},
		{
			"from": [7.1, 20.85, 11.125],
			"to": [8.9, 21.25, 12.325],
			"rotation": {"angle": 45, "axis": "x", "origin": [9.2, 12.45, -1.575]},
			"faces": {
				"north": {"uv": [0, 0, 4.5, 1], "texture": "#0"},
				"east": {"uv": [0, 0, 3, 1], "texture": "#0"},
				"south": {"uv": [0, 0, 4.5, 1], "texture": "#0"},
				"west": {"uv": [0, 0, 3, 1], "texture": "#0"},
				"up": {"uv": [0, 0, 4.5, 3], "texture": "#0"},
				"down": {"uv": [0, 0, 4.5, 3], "texture": "#0"}
			}
		},
		{
			"from": [6.8, 14.95, 14.125],
			"to": [9.2, 15.35, 14.925],
			"rotation": {"angle": 22.5, "axis": "x", "origin": [9.2, 12.45, -1.575]},
			"faces": {
				"north": {"uv": [0, 0, 6, 1], "texture": "#0"},
				"east": {"uv": [0, 0, 2, 1], "texture": "#0"},
				"south": {"uv": [0, 0, 6, 1], "texture": "#0"},
				"west": {"uv": [0, 0, 2, 1], "texture": "#0"},
				"up": {"uv": [0, 0, 6, 2], "texture": "#0"},
				"down": {"uv": [0, 0, 6, 2], "texture": "#0"}
			}
		},
		{
			"from": [7.4, 14.55, 14.125],
			"to": [8.6, 14.95, 16.125],
			"rotation": {"angle": 22.5, "axis": "x", "origin": [9.2, 12.45, -1.575]},
			"faces": {
				"north": {"uv": [0, 0, 3, 1], "texture": "#0"},
				"east": {"uv": [0, 0, 5, 1], "texture": "#0"},
				"south": {"uv": [0, 0, 3, 1], "texture": "#0"},
				"west": {"uv": [0, 0, 5, 1], "texture": "#0"},
				"up": {"uv": [0, 0, 3, 5], "texture": "#0"},
				"down": {"uv": [0, 0, 3, 5], "texture": "#0"}
			}
		},
		{
			"from": [7.8, 14.15, 14.125],
			"to": [8.2, 14.55, 16.125],
			"rotation": {"angle": 22.5, "axis": "x", "origin": [9.2, 12.45, -1.575]},
			"faces": {
				"north": {"uv": [0, 0, 1, 1], "texture": "#0"},
				"east": {"uv": [0, 0, 5, 1], "texture": "#0"},
				"south": {"uv": [0, 0, 1, 1], "texture": "#0"},
				"west": {"uv": [0, 0, 5, 1], "texture": "#0"},
				"up": {"uv": [0, 0, 1, 5], "texture": "#0"},
				"down": {"uv": [0, 0, 1, 5], "texture": "#0"}
			}
		},
		{
			"from": [7.1, 14.95, 14.925],
			"to": [8.9, 15.35, 16.125],
			"rotation": {"angle": 22.5, "axis": "x", "origin": [9.2, 12.45, -1.575]},
			"faces": {
				"north": {"uv": [0, 0, 4.5, 1], "texture": "#0"},
				"east": {"uv": [0, 0, 3, 1], "texture": "#0"},
				"south": {"uv": [0, 0, 4.5, 1], "texture": "#0"},
				"west": {"uv": [0, 0, 3, 1], "texture": "#0"},
				"up": {"uv": [0, 0, 4.5, 3], "texture": "#0"},
				"down": {"uv": [0, 0, 4.5, 3], "texture": "#0"}
			}
		},
		{
			"from": [6.8, 14.75, 16.125],
			"to": [9.2, 15.15, 16.925],
			"rotation": {"angle": 22.5, "axis": "x", "origin": [9.2, 12.65, -1.575]},
			"faces": {
				"north": {"uv": [0, 0, 6, 1], "texture": "#0"},
				"east": {"uv": [0, 0, 2, 1], "texture": "#0"},
				"south": {"uv": [0, 0, 6, 1], "texture": "#0"},
				"west": {"uv": [0, 0, 2, 1], "texture": "#0"},
				"up": {"uv": [0, 0, 6, 2], "texture": "#0"},
				"down": {"uv": [0, 0, 6, 2], "texture": "#0"}
			}
		},
		{
			"from": [7.4, 14.35, 16.125],
			"to": [8.6, 14.75, 18.125],
			"rotation": {"angle": 22.5, "axis": "x", "origin": [9.2, 12.65, -1.575]},
			"faces": {
				"north": {"uv": [0, 0, 3, 1], "texture": "#0"},
				"east": {"uv": [0, 0, 5, 1], "texture": "#0"},
				"south": {"uv": [0, 0, 3, 1], "texture": "#0"},
				"west": {"uv": [0, 0, 5, 1], "texture": "#0"},
				"up": {"uv": [0, 0, 3, 5], "texture": "#0"},
				"down": {"uv": [0, 0, 3, 5], "texture": "#0"}
			}
		},
		{
			"from": [7.8, 13.95, 16.125],
			"to": [8.2, 14.35, 18.125],
			"rotation": {"angle": 22.5, "axis": "x", "origin": [9.2, 12.65, -1.575]},
			"faces": {
				"north": {"uv": [0, 0, 1, 1], "texture": "#0"},
				"east": {"uv": [0, 0, 5, 1], "texture": "#0"},
				"south": {"uv": [0, 0, 1, 1], "texture": "#0"},
				"west": {"uv": [0, 0, 5, 1], "texture": "#0"},
				"up": {"uv": [0, 0, 1, 5], "texture": "#0"},
				"down": {"uv": [0, 0, 1, 5], "texture": "#0"}
			}
		},
		{
			"from": [7.1, 14.75, 16.925],
			"to": [8.9, 15.15, 18.125],
			"rotation": {"angle": 22.5, "axis": "x", "origin": [9.2, 12.65, -1.575]},
			"faces": {
				"north": {"uv": [0, 0, 4.5, 1], "texture": "#0"},
				"east": {"uv": [0, 0, 3, 1], "texture": "#0"},
				"south": {"uv": [0, 0, 4.5, 1], "texture": "#0"},
				"west": {"uv": [0, 0, 3, 1], "texture": "#0"},
				"up": {"uv": [0, 0, 4.5, 3], "texture": "#0"},
				"down": {"uv": [0, 0, 4.5, 3], "texture": "#0"}
			}
		},
		{
			"from": [6.8, 6.95, 17.125],
			"to": [9.2, 7.35, 17.925],
			"faces": {
				"north": {"uv": [0, 0, 6, 1], "texture": "#0"},
				"east": {"uv": [0, 0, 2, 1], "texture": "#0"},
				"south": {"uv": [0, 0, 6, 1], "texture": "#0"},
				"west": {"uv": [0, 0, 2, 1], "texture": "#0"},
				"up": {"uv": [0, 0, 6, 2], "texture": "#0"},
				"down": {"uv": [0, 0, 6, 2], "texture": "#0"}
			}
		},
		{
			"from": [7.4, 6.55, 17.125],
			"to": [8.6, 6.95, 19.125],
			"faces": {
				"north": {"uv": [0, 0, 3, 1], "texture": "#0"},
				"east": {"uv": [0, 0, 5, 1], "texture": "#0"},
				"south": {"uv": [0, 0, 3, 1], "texture": "#0"},
				"west": {"uv": [0, 0, 5, 1], "texture": "#0"},
				"up": {"uv": [0, 0, 3, 5], "texture": "#0"},
				"down": {"uv": [0, 0, 3, 5], "texture": "#0"}
			}
		},
		{
			"from": [7.8, 6.15, 17.125],
			"to": [8.2, 6.55, 19.125],
			"faces": {
				"north": {"uv": [0, 0, 1, 1], "texture": "#0"},
				"east": {"uv": [0, 0, 5, 1], "texture": "#0"},
				"south": {"uv": [0, 0, 1, 1], "texture": "#0"},
				"west": {"uv": [0, 0, 5, 1], "texture": "#0"},
				"up": {"uv": [0, 0, 1, 5], "texture": "#0"},
				"down": {"uv": [0, 0, 1, 5], "texture": "#0"}
			}
		},
		{
			"from": [7.1, 6.95, 17.925],
			"to": [8.9, 7.35, 19.125],
			"faces": {
				"north": {"uv": [0, 0, 4.5, 1], "texture": "#0"},
				"east": {"uv": [0, 0, 3, 1], "texture": "#0"},
				"south": {"uv": [0, 0, 4.5, 1], "texture": "#0"},
				"west": {"uv": [0, 0, 3, 1], "texture": "#0"},
				"up": {"uv": [0, 0, 4.5, 3], "texture": "#0"},
				"down": {"uv": [0, 0, 4.5, 3], "texture": "#0"}
			}
		}
	],
	"display": {
		"head": {
			"translation": [0, -10, -35],
			"scale": [4, 3.4, 4]
		}
	},
	"groups": [
		{
			"name": "leg_piece",
			"children": [0, 1, 2, 3]
		},
		{
			"name": "foot",
			"children": [4, 5, 6, 7, 8, 9, 10, 11, 12, 13, 14]
		},
		{
			"name": "leg_piece2",
			"children": [15, 16, 17, 18]
		},
		{
			"name": "leg_piece3",
			"children": [19, 20, 21, 22]
		},
		{
			"name": "leg_piece5",
			"children": []
		},
		{
			"name": "leg_piece6",
			"children": [23, 24, 25, 26]
		},
		{
			"name": "leg_piece7",
			"children": []
		},
		{
			"name": "leg_piece9",
			"children": [27, 28, 29, 30]
		},
		{
			"name": "leg_piece10",
			"children": [31, 32, 33, 34]
		},
		{
			"name": "leg_piece11",
			"children": [35, 36, 37, 38]
		},
		{
			"name": "leg_piece12",
			"children": [39, 40, 41, 42]
		},
		{
			"name": "leg_piece13",
			"children": [43, 44, 45, 46]
		},
		{
			"name": "leg_piece4",
			"children": [47, 48, 49, 50]
		},
		{
			"name": "leg_piece14",
			"children": [51, 52, 53, 54]
		},
		{
			"name": "leg_piece15",
			"children": [55, 56, 57, 58]
		},
		{
			"name": "leg_piece16",
			"children": [59, 60, 61, 62]
		},
		{
			"name": "leg_piece17",
			"children": [63, 64, 65, 66]
		}
	]
}