{
	"credit": "Made with Blockbench",
	"elements": [
		{
			"from": [0, 0, 5],
			"to": [1, 1, 11],
			"faces": {
				"north": {"uv": [0, 0, 1, 1], "texture": "#missing"},
				"east": {"uv": [0, 0, 6, 1], "texture": "#missing"},
				"south": {"uv": [0, 0, 1, 1], "texture": "#missing"},
				"west": {"uv": [0, 0, 6, 1], "texture": "#missing"},
				"up": {"uv": [0, 0, 1, 6], "texture": "#missing"},
				"down": {"uv": [0, 0, 1, 6], "texture": "#missing"}
			}
		},
		{
			"from": [5, 0, 0],
			"to": [11, 1, 1],
			"faces": {
				"north": {"uv": [0, 0, 6, 1], "texture": "#missing"},
				"east": {"uv": [0, 0, 1, 1], "texture": "#missing"},
				"south": {"uv": [0, 0, 6, 1], "texture": "#missing"},
				"west": {"uv": [0, 0, 1, 1], "texture": "#missing"},
				"up": {"uv": [0, 0, 1, 6], "rotation": 90, "texture": "#missing"},
				"down": {"uv": [0, 0, 1, 6], "rotation": 270, "texture": "#missing"}
			}
		},
		{
			"from": [5, 0, 15],
			"to": [11, 1, 16],
			"faces": {
				"north": {"uv": [0, 0, 6, 1], "texture": "#missing"},
				"east": {"uv": [0, 0, 1, 1], "texture": "#missing"},
				"south": {"uv": [0, 0, 6, 1], "texture": "#missing"},
				"west": {"uv": [0, 0, 1, 1], "texture": "#missing"},
				"up": {"uv": [0, 0, 1, 6], "rotation": 270, "texture": "#missing"},
				"down": {"uv": [0, 0, 1, 6], "rotation": 90, "texture": "#missing"}
			}
		},
		{
			"from": [15, 0, 5],
			"to": [16, 1, 11],
			"faces": {
				"north": {"uv": [0, 0, 1, 1], "texture": "#missing"},
				"east": {"uv": [0, 0, 6, 1], "texture": "#missing"},
				"south": {"uv": [0, 0, 1, 1], "texture": "#missing"},
				"west": {"uv": [0, 0, 6, 1], "texture": "#missing"},
				"up": {"uv": [0, 0, 1, 6], "rotation": 180, "texture": "#missing"},
				"down": {"uv": [0, 0, 1, 6], "rotation": 180, "texture": "#missing"}
			}
		},
		{
			"from": [-3.025, 0, 3.325],
			"to": [4.025, 1, 4.325],
			"rotation": {"angle": 45, "axis": "y", "origin": [0.5, 0.5, 0.5]},
			"faces": {
				"north": {"uv": [0, 0, 7.05, 1], "texture": "#missing"},
				"east": {"uv": [0, 0, 1, 1], "texture": "#missing"},
				"south": {"uv": [0, 0, 7.05, 1], "texture": "#missing"},
				"west": {"uv": [0, 0, 1, 1], "texture": "#missing"},
				"up": {"uv": [0, 0, 1, 7.05], "rotation": 90, "texture": "#missing"},
				"down": {"uv": [0, 0, 1, 7.05], "rotation": 270, "texture": "#missing"}
			}
		},
		{
			"from": [-3.025, 0, 17.875],
			"to": [4.025, 1, 18.875],
			"rotation": {"angle": 45, "axis": "y", "origin": [0.5, 0.5, 0.5]},
			"faces": {
				"north": {"uv": [0, 0, 7.05, 1], "texture": "#missing"},
				"east": {"uv": [0, 0, 1, 1], "texture": "#missing"},
				"south": {"uv": [0, 0, 7.05, 1], "texture": "#missing"},
				"west": {"uv": [0, 0, 1, 1], "texture": "#missing"},
				"up": {"uv": [0, 0, 1, 7.05], "rotation": 90, "texture": "#missing"},
				"down": {"uv": [0, 0, 1, 7.05], "rotation": 270, "texture": "#missing"}
			}
		},
		{
			"from": [7.575, 0, 7.275],
			"to": [14.625, 1, 8.275],
			"rotation": {"angle": -45, "axis": "y", "origin": [0.5, 0.5, 0.5]},
			"faces": {
				"north": {"uv": [0, 0, 7.05, 1], "texture": "#missing"},
				"east": {"uv": [0, 0, 1, 1], "texture": "#missing"},
				"south": {"uv": [0, 0, 7.05, 1], "texture": "#missing"},
				"west": {"uv": [0, 0, 1, 1], "texture": "#missing"},
				"up": {"uv": [0, 0, 1, 7.05], "rotation": 90, "texture": "#missing"},
				"down": {"uv": [0, 0, 1, 7.05], "rotation": 270, "texture": "#missing"}
			}
		},
		{
			"from": [7.575, 0, -7.275],
			"to": [14.625, 1, -6.275],
			"rotation": {"angle": -45, "axis": "y", "origin": [0.5, 0.5, 0.5]},
			"faces": {
				"north": {"uv": [0, 0, 7.05, 1], "texture": "#missing"},
				"east": {"uv": [0, 0, 1, 1], "texture": "#missing"},
				"south": {"uv": [0, 0, 7.05, 1], "texture": "#missing"},
				"west": {"uv": [0, 0, 1, 1], "texture": "#missing"},
				"up": {"uv": [0, 0, 1, 7.05], "rotation": 90, "texture": "#missing"},
				"down": {"uv": [0, 0, 1, 7.05], "rotation": 270, "texture": "#missing"}
			}
		}
	],
	"groups": [
		{
			"name": "base",
			"children": [0, 1, 2, 3]
		}, 4, 5, 6, 7]
}