{
	"credit": "Made with Blockbench",
	"elements": [
		{
			"from": [6, 0, 0],
			"to": [10, 5, 2],
			"color": 3,
			"faces": {
				"north": {"uv": [0, 0, 4, 5], "texture": "#missing"},
				"east": {"uv": [0, 0, 2, 5], "texture": "#missing"},
				"south": {"uv": [0, 0, 4, 5], "texture": "#missing"},
				"west": {"uv": [0, 0, 2, 5], "texture": "#missing"},
				"up": {"uv": [0, 0, 4, 2], "texture": "#missing"},
				"down": {"uv": [0, 0, 4, 2], "texture": "#missing"}
			}
		},
		{
			"from": [4, 0, 1],
			"to": [6, 5, 3],
			"color": 7,
			"faces": {
				"north": {"uv": [0, 0, 2, 5], "texture": "#missing"},
				"east": {"uv": [0, 0, 2, 5], "texture": "#missing"},
				"south": {"uv": [0, 0, 2, 5], "texture": "#missing"},
				"west": {"uv": [0, 0, 2, 5], "texture": "#missing"},
				"up": {"uv": [0, 0, 2, 2], "texture": "#missing"},
				"down": {"uv": [0, 0, 2, 2], "texture": "#missing"}
			}
		},
		{
			"from": [2, 0, 2],
			"to": [4, 5, 4],
			"color": 7,
			"faces": {
				"north": {"uv": [0, 0, 2, 5], "texture": "#missing"},
				"east": {"uv": [0, 0, 2, 5], "texture": "#missing"},
				"south": {"uv": [0, 0, 2, 5], "texture": "#missing"},
				"west": {"uv": [0, 0, 2, 5], "texture": "#missing"},
				"up": {"uv": [0, 0, 2, 2], "texture": "#missing"},
				"down": {"uv": [0, 0, 2, 2], "texture": "#missing"}
			}
		},
		{
			"from": [0, 0, 6],
			"to": [2, 5, 10],
			"color": 6,
			"faces": {
				"north": {"uv": [0, 0, 2, 5], "texture": "#missing"},
				"east": {"uv": [0, 0, 4, 5], "texture": "#missing"},
				"south": {"uv": [0, 0, 2, 5], "texture": "#missing"},
				"west": {"uv": [0, 0, 4, 5], "texture": "#missing"},
				"up": {"uv": [0, 0, 2, 4], "texture": "#missing"},
				"down": {"uv": [0, 0, 2, 4], "texture": "#missing"}
			}
		},
		{
			"from": [1, 0, 4],
			"to": [3, 5, 6],
			"color": 1,
			"faces": {
				"north": {"uv": [0, 0, 2, 5], "texture": "#missing"},
				"east": {"uv": [0, 0, 2, 5], "texture": "#missing"},
				"south": {"uv": [0, 0, 2, 5], "texture": "#missing"},
				"west": {"uv": [0, 0, 2, 5], "texture": "#missing"},
				"up": {"uv": [0, 0, 2, 2], "texture": "#missing"},
				"down": {"uv": [0, 0, 2, 2], "texture": "#missing"}
			}
		},
		{
			"from": [1, 0, 10],
			"to": [3, 5, 12],
			"color": 1,
			"faces": {
				"north": {"uv": [0, 0, 2, 5], "rotation": 180, "texture": "#missing"},
				"east": {"uv": [0, 0, 2, 5], "rotation": 180, "texture": "#missing"},
				"south": {"uv": [0, 0, 2, 5], "rotation": 180, "texture": "#missing"},
				"west": {"uv": [0, 0, 2, 5], "rotation": 180, "texture": "#missing"},
				"up": {"uv": [0, 0, 2, 2], "texture": "#missing"},
				"down": {"uv": [0, 0, 2, 2], "texture": "#missing"}
			}
		},
		{
			"from": [2, 0, 12],
			"to": [4, 5, 14],
			"color": 6,
			"faces": {
				"north": {"uv": [0, 0, 2, 5], "rotation": 180, "texture": "#missing"},
				"east": {"uv": [0, 0, 2, 5], "rotation": 180, "texture": "#missing"},
				"south": {"uv": [0, 0, 2, 5], "rotation": 180, "texture": "#missing"},
				"west": {"uv": [0, 0, 2, 5], "rotation": 180, "texture": "#missing"},
				"up": {"uv": [0, 0, 2, 2], "texture": "#missing"},
				"down": {"uv": [0, 0, 2, 2], "texture": "#missing"}
			}
		},
		{
			"from": [4, 0, 13],
			"to": [6, 5, 15],
			"color": 4,
			"faces": {
				"north": {"uv": [0, 0, 2, 5], "rotation": 180, "texture": "#missing"},
				"east": {"uv": [0, 0, 2, 5], "rotation": 180, "texture": "#missing"},
				"south": {"uv": [0, 0, 2, 5], "rotation": 180, "texture": "#missing"},
				"west": {"uv": [0, 0, 2, 5], "rotation": 180, "texture": "#missing"},
				"up": {"uv": [0, 0, 2, 2], "texture": "#missing"},
				"down": {"uv": [0, 0, 2, 2], "texture": "#missing"}
			}
		},
		{
			"from": [10, 0, 1],
			"to": [12, 5, 3],
			"color": 6,
			"faces": {
				"north": {"uv": [0, 0, 2, 5], "rotation": 180, "texture": "#missing"},
				"east": {"uv": [0, 0, 2, 5], "texture": "#missing"},
				"south": {"uv": [0, 0, 2, 5], "rotation": 180, "texture": "#missing"},
				"west": {"uv": [0, 0, 2, 5], "rotation": 180, "texture": "#missing"},
				"up": {"uv": [0, 0, 2, 2], "rotation": 180, "texture": "#missing"},
				"down": {"uv": [0, 0, 2, 2], "texture": "#missing"}
			}
		},
		{
			"from": [12, 0, 2],
			"to": [14, 5, 4],
			"color": 3,
			"faces": {
				"north": {"uv": [0, 0, 2, 5], "rotation": 180, "texture": "#missing"},
				"east": {"uv": [0, 0, 2, 5], "texture": "#missing"},
				"south": {"uv": [0, 0, 2, 5], "rotation": 180, "texture": "#missing"},
				"west": {"uv": [0, 0, 2, 5], "rotation": 180, "texture": "#missing"},
				"up": {"uv": [0, 0, 2, 2], "rotation": 180, "texture": "#missing"},
				"down": {"uv": [0, 0, 2, 2], "texture": "#missing"}
			}
		},
		{
			"from": [13, 0, 4],
			"to": [15, 5, 6],
			"color": 2,
			"faces": {
				"north": {"uv": [0, 0, 2, 5], "rotation": 180, "texture": "#missing"},
				"east": {"uv": [0, 0, 2, 5], "texture": "#missing"},
				"south": {"uv": [0, 0, 2, 5], "rotation": 180, "texture": "#missing"},
				"west": {"uv": [0, 0, 2, 5], "rotation": 180, "texture": "#missing"},
				"up": {"uv": [0, 0, 2, 2], "rotation": 180, "texture": "#missing"},
				"down": {"uv": [0, 0, 2, 2], "texture": "#missing"}
			}
		},
		{
			"from": [13, 0, 10],
			"to": [15, 5, 12],
			"color": 3,
			"faces": {
				"north": {"uv": [0, 0, 2, 5], "texture": "#missing"},
				"east": {"uv": [0, 0, 2, 5], "rotation": 180, "texture": "#missing"},
				"south": {"uv": [0, 0, 2, 5], "texture": "#missing"},
				"west": {"uv": [0, 0, 2, 5], "texture": "#missing"},
				"up": {"uv": [0, 0, 2, 2], "rotation": 180, "texture": "#missing"},
				"down": {"uv": [0, 0, 2, 2], "texture": "#missing"}
			}
		},
		{
			"from": [14, 0, 6],
			"to": [16, 5, 10],
			"color": 4,
			"faces": {
				"north": {"uv": [0, 0, 2, 5], "texture": "#missing"},
				"east": {"uv": [0, 0, 4, 5], "rotation": 180, "texture": "#missing"},
				"south": {"uv": [0, 0, 2, 5], "texture": "#missing"},
				"west": {"uv": [0, 0, 4, 5], "texture": "#missing"},
				"up": {"uv": [0, 0, 2, 4], "rotation": 180, "texture": "#missing"},
				"down": {"uv": [0, 0, 2, 4], "texture": "#missing"}
			}
		},
		{
			"from": [12, 0, 12],
			"to": [14, 5, 14],
			"color": 5,
			"faces": {
				"north": {"uv": [0, 0, 2, 5], "texture": "#missing"},
				"east": {"uv": [0, 0, 2, 5], "rotation": 180, "texture": "#missing"},
				"south": {"uv": [0, 0, 2, 5], "texture": "#missing"},
				"west": {"uv": [0, 0, 2, 5], "texture": "#missing"},
				"up": {"uv": [0, 0, 2, 2], "rotation": 180, "texture": "#missing"},
				"down": {"uv": [0, 0, 2, 2], "texture": "#missing"}
			}
		},
		{
			"from": [10, 0, 13],
			"to": [12, 5, 15],
			"color": 2,
			"faces": {
				"north": {"uv": [0, 0, 2, 5], "texture": "#missing"},
				"east": {"uv": [0, 0, 2, 5], "rotation": 180, "texture": "#missing"},
				"south": {"uv": [0, 0, 2, 5], "texture": "#missing"},
				"west": {"uv": [0, 0, 2, 5], "texture": "#missing"},
				"up": {"uv": [0, 0, 2, 2], "rotation": 180, "texture": "#missing"},
				"down": {"uv": [0, 0, 2, 2], "texture": "#missing"}
			}
		},
		{
			"from": [6, 0, 14],
			"to": [10, 5, 16],
			"color": 6,
			"faces": {
				"north": {"uv": [0, 0, 4, 5], "texture": "#missing"},
				"east": {"uv": [0, 0, 2, 5], "rotation": 180, "texture": "#missing"},
				"south": {"uv": [0, 0, 4, 5], "texture": "#missing"},
				"west": {"uv": [0, 0, 2, 5], "texture": "#missing"},
				"up": {"uv": [0, 0, 4, 2], "rotation": 180, "texture": "#missing"},
				"down": {"uv": [0, 0, 4, 2], "texture": "#missing"}
			}
		}
	]
}