{
	"credit": "Made with Blockbench",
	"textures": {
		"0": "zelda/mobs/ice_cube",
		"particle": "zelda/mobs/ice_cube"
	},
	"elements": [
		{
			"from": [-8, 0, -8],
			"to": [24, 32, 24],
			"faces": {
				"north": {"uv": [0, 0, 16, 16], "texture": "#0"},
				"east": {"uv": [0, 0, 16, 16], "texture": "#0", "tintindex": 0},
				"south": {"uv": [0, 0, 16, 16], "texture": "#0", "tintindex": 0},
				"west": {"uv": [0, 0, 16, 16], "texture": "#0", "tintindex": 0},
				"up": {"uv": [0, 0, 16, 16], "texture": "#0", "cullface": "up", "tintindex": 0},
				"down": {"uv": [0, 0, 16, 16], "texture": "#0", "tintindex": 0}
			}
		}
	],
	"display": {
		"head": {
			"scale": [2.65, 2.65, 2.65],
			"translation": [0, -32, 0]
		}
	}
}