{
	"ambientocclusion": true,
	"textures": {
		"hat": "zelda/blocks/link_hat_red"
	},
	"elements": [
		{	"from": [ 0, -0.4, 12 ],
			"to": [ 16, 16.6, 14 ],
			"rotation": {
                "origin": [ 0, -0.4, 12 ],
                "axis": "x",
                "angle": -22.5,
                "rescale": true
            },
			"faces": {
				"north": { "uv": [ 0, 0, 16, 16 ], "texture": "#hat", "cullface": true },
				"south": { "uv": [ 0, 0, 16, 16 ], "texture": "#hat", "cullface": true },
				"east": { "uv": [ 0, 0, 16, 16 ], "texture": "#hat", "cullface": true },
				"west": { "uv": [ 0, 0, 16, 16 ], "texture": "#hat", "cullface": true },
				"up": { "uv": [ 0, 0, 16, 16 ], "texture": "#hat", "cullface": true },
				"down": { "uv": [ 0, 0, 16, 16 ], "texture": "#hat", "cullface": true }
		
			}
		},{	"from": [ 0.5, 0.7, 7 ],
			"to": [ 15.5, 16.7, 17 ],
			"faces": {
				"south": { "uv": [ 0, 0, 16, 16 ], "texture": "#hat", "cullface": true },
				"east": { "uv": [ 0, 0, 16, 16 ], "texture": "#hat", "cullface": true },
				"west": { "uv": [ 0, 0, 16, 16 ], "texture": "#hat", "cullface": true },
				"up": { "uv": [ 0, 0, 16, 16 ], "texture": "#hat", "cullface": true },
				"down": { "uv": [ 0, 0, 16, 16 ], "texture": "#hat", "cullface": true }
			}
		},{	"from": [ 2, 8.25, 9 ],
			"to": [ 14, 16, 16.5 ],
			"rotation": {
                "origin": [ 2, 8, 9 ],
                "axis": "x",
                "angle": 45,
                "rescale": true
            },
			"faces": {
				"south": { "uv": [ 0, 0, 16, 16 ], "texture": "#hat", "cullface": true },
				"east": { "uv": [ 0, 0, 16, 16 ], "texture": "#hat", "cullface": true },
				"west": { "uv": [ 0, 0, 16, 16 ], "texture": "#hat", "cullface": true },
				"up": { "uv": [ 0, 0, 16, 16 ], "texture": "#hat", "cullface": true },
				"down": { "uv": [ 0, 0, 16, 16 ], "texture": "#hat", "cullface": true }
			}
		},{	"from": [ 3.5, -2, 18.5 ],
			"to": [ 12.5, 7, 26 ],
			"rotation": {
                "origin": [ 3.5, -2, 18 ],
                "axis": "x",
                "angle": -22.5,
                "rescale": true
            },
			"faces": {
				"south": { "uv": [ 0, 0, 16, 16 ], "texture": "#hat", "cullface": true },
				"east": { "uv": [ 0, 0, 16, 16 ], "texture": "#hat", "cullface": true },
				"west": { "uv": [ 0, 0, 16, 16 ], "texture": "#hat", "cullface": true },
				"up": { "uv": [ 0, 0, 16, 16 ], "texture": "#hat", "cullface": true },
				"down": { "uv": [ 0, 0, 16, 16 ], "texture": "#hat", "cullface": true }
			}
		},{	"from": [ 4.5, -9.5, 19.3 ],
			"to": [ 11.5, 0.5, 24.3 ],
			"faces": {
				"north": { "uv": [ 0, 0, 16, 16 ], "texture": "#hat", "cullface": true },
				"south": { "uv": [ 0, 0, 16, 16 ], "texture": "#hat", "cullface": true },
				"east": { "uv": [ 0, 0, 16, 16 ], "texture": "#hat", "cullface": true },
				"west": { "uv": [ 0, 0, 16, 16 ], "texture": "#hat", "cullface": true },
				"down": { "uv": [ 0, 0, 16, 16 ], "texture": "#hat", "cullface": true }
			}
		},{	"from": [ 5.5, -15.5, 20.5 ],
			"to": [ 10.5, -9, 23.5 ],
			"faces": {
				"north": { "uv": [ 0, 0, 16, 16 ], "texture": "#hat", "cullface": true },
				"south": { "uv": [ 0, 0, 16, 16 ], "texture": "#hat", "cullface": true },
				"east": { "uv": [ 0, 0, 16, 16 ], "texture": "#hat", "cullface": true },
				"west": { "uv": [ 0, 0, 16, 16 ], "texture": "#hat", "cullface": true },
				"down": { "uv": [ 0, 0, 16, 16 ], "texture": "#hat", "cullface": true }
			}
		}
	]
}
