{
	"credit": "Made with Blockbench",
	"textures": {
		"0": "zelda/mobs/owl/stripped_dark_oak_log_long",
		"1": "zelda/mobs/owl/log_spruce_top",
		"2": "zelda/mobs/owl/leg",
		"3": "zelda/mobs/owl/tail",
		"4": "zelda/mobs/owl/eye_brows",
		"5": "zelda/mobs/owl/face",
		"6": "zelda/mobs/owl/beak",
		"7": "zelda/mobs/owl/lower_head",
		"8": "zelda/mobs/owl/body_top",
		"10": "zelda/mobs/owl/body_middle",
		"11": "zelda/mobs/owl/body_lower",
		"12": "zelda/mobs/owl/body_top_bottom",
		"13": "zelda/mobs/owl/wing",
		"particle": "zelda/mobs/owl/stripped_dark_oak_log_long"
	},
	"elements": [
		{
			"from": [5.25, -1, 10.025],
			"to": [7.75, 6, 10.875],
			"rotation": {"angle": -22.5, "axis": "z", "origin": [8, 8, 6]},
			"faces": {
				"north": {"uv": [0, 0, 6, 13.99907], "texture": "#3"},
				"east": {"uv": [0, 0, 1.89824, 13.99907], "texture": "#3"},
				"south": {"uv": [0, 0, 6, 13.99907], "texture": "#3"},
				"west": {"uv": [0, 0, 1.89824, 13.99907], "texture": "#3"},
				"up": {"uv": [0, 0, 6, 1.89824], "texture": "#3"},
				"down": {"uv": [0, 0, 6, 1.89824], "texture": "#3"}
			}
		},
		{
			"from": [8.25, -1, 10.025],
			"to": [10.75, 6, 10.875],
			"rotation": {"angle": 22.5, "axis": "z", "origin": [8, 8, 6]},
			"faces": {
				"north": {"uv": [0, 0, 6, 13.99907], "texture": "#3"},
				"east": {"uv": [0, 0, 1.89824, 13.99907], "texture": "#3"},
				"south": {"uv": [0, 0, 6, 13.99907], "texture": "#3"},
				"west": {"uv": [0, 0, 1.89824, 13.99907], "texture": "#3"},
				"up": {"uv": [0, 0, 6, 1.89824], "texture": "#3"},
				"down": {"uv": [0, 0, 6, 1.89824], "texture": "#3"}
			}
		},
		{
			"from": [8.25, 0, 10],
			"to": [10.75, 7, 10.9],
			"faces": {
				"north": {"uv": [0, 0, 6, 13.99907], "texture": "#3"},
				"east": {"uv": [0, 0, 1.89824, 13.99907], "texture": "#3"},
				"south": {"uv": [0, 0, 6, 13.99907], "texture": "#3"},
				"west": {"uv": [0, 0, 1.89824, 13.99907], "texture": "#3"},
				"up": {"uv": [0, 0, 6, 1.89824], "texture": "#3"},
				"down": {"uv": [0, 0, 6, 1.89824], "texture": "#3"}
			}
		},
		{
			"from": [5.25, 0, 10],
			"to": [7.75, 7, 10.9],
			"faces": {
				"north": {"uv": [0, 0, 6, 13.99907], "texture": "#3"},
				"east": {"uv": [0, 0, 1.89824, 13.99907], "texture": "#3"},
				"south": {"uv": [0, 0, 6, 13.99907], "texture": "#3"},
				"west": {"uv": [0, 0, 1.89824, 13.99907], "texture": "#3"},
				"up": {"uv": [0, 0, 6, 1.89824], "texture": "#3"},
				"down": {"uv": [0, 0, 6, 1.89824], "texture": "#3"}
			}
		},
		{
			"from": [3, 10, 4],
			"to": [13, 14, 12],
			"faces": {
				"north": {"uv": [0, 0, 12, 12], "texture": "#missing"},
				"east": {"uv": [0, 0, 10, 12], "texture": "#missing"},
				"south": {"uv": [0, 0, 12, 12], "texture": "#missing"},
				"west": {"uv": [0, 0, 10, 12], "texture": "#missing"},
				"up": {"uv": [0, 0, 12, 10], "texture": "#missing"},
				"down": {"uv": [0, 0, 12, 10], "texture": "#missing"}
			}
		},
		{
			"from": [2, 14, 3],
			"to": [14, 18, 13],
			"faces": {
				"north": {"uv": [0, 0, 12, 4], "texture": "#8"},
				"east": {"uv": [0, 11.99969, 9.9992, 15.99959], "texture": "#8"},
				"south": {"uv": [0, 3.9999, 11.9986, 7.9998], "texture": "#8"},
				"west": {"uv": [5.99929, 7.9998, 15.99849, 11.9997], "texture": "#8"},
				"up": {"uv": [0, 0, 2.87337, 2.62308], "texture": "#12"},
				"down": {"uv": [2.99979, 0, 5.87445, 2.62469], "texture": "#12"}
			}
		},
		{
			"from": [3, 10, 4],
			"to": [13, 14, 12],
			"faces": {
				"north": {"uv": [0, 0, 10, 4], "texture": "#10"},
				"east": {"uv": [0, 11.99969, 7.9998, 15.99959], "texture": "#10"},
				"south": {"uv": [0, 3.9999, 9.9992, 7.9998], "texture": "#10"},
				"west": {"uv": [7.9998, 7.9998, 15.9996, 11.9997], "texture": "#10"},
				"up": {"uv": [5.99988, 0, 8.49919, 2.24975], "texture": "#12"},
				"down": {"uv": [8.62481, 0, 11.12412, 2.24975], "texture": "#12"}
			}
		},
		{
			"from": [4, 6, 5],
			"to": [12, 10, 11],
			"faces": {
				"north": {"uv": [0, 0, 8, 4], "texture": "#11"},
				"east": {"uv": [0, 11.99969, 5.99929, 15.99959], "texture": "#11"},
				"south": {"uv": [0, 3.9999, 7.9998, 7.9998], "texture": "#11"},
				"west": {"uv": [9.99918, 7.9998, 15.99847, 11.9997], "texture": "#11"},
				"up": {"uv": [11.24973, 0, 13.24924, 1.49972], "texture": "#12"},
				"down": {"uv": [13.37486, 0, 15.37437, 1.49972], "texture": "#12"}
			}
		},
		{
			"from": [14, 8, 4],
			"to": [15, 15, 12],
			"rotation": {"angle": 22.5, "axis": "z", "origin": [8, 13, 8]},
			"faces": {
				"north": {"uv": [1, 0, 0, 7], "texture": "#13"},
				"east": {"uv": [8, 0, 0, 7], "texture": "#13"},
				"south": {"uv": [7.99867, 0, 6.99954, 6.99953], "texture": "#13"},
				"west": {"uv": [8, 0, 0, 7], "texture": "#13"},
				"up": {"uv": [15.99847, 0, 14.99934, 6.9984], "texture": "#13"},
				"down": {"uv": [15.99847, 0, 14.99934, 6.9984], "texture": "#13"}
			}
		},
		{
			"from": [14, 5, 5],
			"to": [15, 8.025, 11],
			"rotation": {"angle": 22.5, "axis": "z", "origin": [8, 13, 8]},
			"faces": {
				"north": {"uv": [0.99913, 7.49967, 0, 10.52403], "texture": "#13"},
				"east": {"uv": [5.99929, 7.49967, 0, 10.52403], "texture": "#13"},
				"south": {"uv": [5.99816, 7.49967, 4.99903, 10.52403], "texture": "#13"},
				"west": {"uv": [5.99929, 7.49967, 0, 10.52403], "texture": "#13"},
				"up": {"uv": [15.99847, 0, 14.99934, 5.99929], "texture": "#13"},
				"down": {"uv": [15.99847, 0, 14.99934, 5.99929], "texture": "#13"}
			}
		},
		{
			"from": [14, 2, 6],
			"to": [15, 5.025, 10],
			"rotation": {"angle": 22.5, "axis": "z", "origin": [8, 13, 8]},
			"faces": {
				"north": {"uv": [0.99913, 10.99944, 0, 14.0238], "texture": "#13"},
				"east": {"uv": [3.9999, 10.99944, 0, 14.0238], "texture": "#13"},
				"south": {"uv": [3.99878, 10.99944, 2.99964, 14.0238], "texture": "#13"},
				"west": {"uv": [3.9999, 10.99944, 0, 14.0238], "texture": "#13"},
				"up": {"uv": [15.99847, 0, 14.99934, 3.9999], "texture": "#13"},
				"down": {"uv": [15.99847, 0, 14.99934, 3.9999], "texture": "#13"}
			}
		},
		{
			"from": [1, 8, 4],
			"to": [2, 15, 12],
			"rotation": {"angle": -22.5, "axis": "z", "origin": [8, 13, 8]},
			"faces": {
				"north": {"uv": [0, 0, 1, 7], "texture": "#13"},
				"east": {"uv": [0, 0, 8, 7], "texture": "#13"},
				"south": {"uv": [6.99954, 0, 7.99867, 6.99953], "texture": "#13"},
				"west": {"uv": [0, 0, 8, 7], "texture": "#13"},
				"up": {"uv": [14.99934, 0, 15.99847, 6.9984], "texture": "#13"},
				"down": {"uv": [14.99934, 0, 15.99847, 6.9984], "texture": "#13"}
			}
		},
		{
			"from": [1, 5, 5],
			"to": [2, 8.025, 11],
			"rotation": {"angle": -22.5, "axis": "z", "origin": [8, 13, 8]},
			"faces": {
				"north": {"uv": [0, 7.49967, 0.99913, 10.52403], "texture": "#13"},
				"east": {"uv": [0, 7.49967, 5.99929, 10.52403], "texture": "#13"},
				"south": {"uv": [4.99903, 7.49967, 5.99816, 10.52403], "texture": "#13"},
				"west": {"uv": [0, 7.49967, 5.99929, 10.52403], "texture": "#13"},
				"up": {"uv": [14.99934, 0, 15.99847, 5.99929], "texture": "#13"},
				"down": {"uv": [14.99934, 0, 15.99847, 5.99929], "texture": "#13"}
			}
		},
		{
			"from": [1, 2, 6],
			"to": [2, 5.025, 10],
			"rotation": {"angle": -22.5, "axis": "z", "origin": [8, 13, 8]},
			"faces": {
				"north": {"uv": [0, 10.99944, 0.99913, 14.0238], "texture": "#13"},
				"east": {"uv": [0, 10.99944, 3.9999, 14.0238], "texture": "#13"},
				"south": {"uv": [2.99964, 10.99944, 3.99878, 14.0238], "texture": "#13"},
				"west": {"uv": [0, 10.99944, 3.9999, 14.0238], "texture": "#13"},
				"up": {"uv": [14.99934, 0, 15.99847, 3.9999], "texture": "#13"},
				"down": {"uv": [14.99934, 0, 15.99847, 3.9999], "texture": "#13"}
			}
		},
		{
			"from": [-6, 21, 2],
			"to": [1, 22, 3],
			"rotation": {"angle": -22.5, "axis": "z", "origin": [8, 7, 7]},
			"faces": {
				"north": {"uv": [13.99907, 0, 0, 1.99826], "texture": "#4"},
				"east": {"uv": [0, 0, 1.99826, 1.99826], "texture": "#4"},
				"south": {"uv": [0, 0, 13.99907, 1.99826], "texture": "#4"},
				"west": {"uv": [0, 0, 1.99826, 1.99826], "texture": "#4"},
				"up": {"uv": [0, 0, 13.99907, 1.99826], "texture": "#4"},
				"down": {"uv": [0, 0, 13.99907, 1.99826], "texture": "#4"}
			}
		},
		{
			"from": [-3.175, 25.2, 2.025],
			"to": [0.825, 26.2, 2.975],
			"faces": {
				"north": {"uv": [7.9998, 2.49951, 0, 4.49665], "texture": "#4"},
				"east": {"uv": [0, 0, 1.99826, 1.99826], "texture": "#4"},
				"south": {"uv": [0, 0, 7.9998, 1.99826], "texture": "#4"},
				"west": {"uv": [0, 0, 1.99826, 1.99826], "texture": "#4"},
				"up": {"uv": [0, 0, 7.9998, 1.99826], "texture": "#4"},
				"down": {"uv": [0, 0, 7.9998, 1.99826], "texture": "#4"}
			}
		},
		{
			"from": [15, 21, 2],
			"to": [22, 22, 3],
			"rotation": {"angle": 22.5, "axis": "z", "origin": [8, 7, 7]},
			"faces": {
				"north": {"uv": [0, 0, 13.99907, 1.99826], "texture": "#4"},
				"east": {"uv": [0, 0, 1.99826, 1.99826], "texture": "#4"},
				"south": {"uv": [0, 0, 13.99907, 1.99826], "texture": "#4"},
				"west": {"uv": [0, 0, 1.99826, 1.99826], "texture": "#4"},
				"up": {"uv": [0, 0, 13.99907, 1.99826], "texture": "#4"},
				"down": {"uv": [0, 0, 13.99907, 1.99826], "texture": "#4"}
			}
		},
		{
			"from": [15.175, 25.2, 2.025],
			"to": [19.175, 26.2, 2.975],
			"faces": {
				"north": {"uv": [0, 2.49951, 7.9998, 4.49665], "texture": "#4"},
				"east": {"uv": [1.99826, 0, 0, 1.99826], "texture": "#4"},
				"south": {"uv": [7.9998, 0, 0, 1.99826], "texture": "#4"},
				"west": {"uv": [1.99826, 0, 0, 1.99826], "texture": "#4"},
				"up": {"uv": [7.9998, 0, 0, 1.99826], "texture": "#4"},
				"down": {"uv": [7.9998, 0, 0, 1.99826], "texture": "#4"}
			}
		},
		{
			"from": [5, 1, 7],
			"to": [6, 6, 8],
			"faces": {
				"north": {"uv": [0, 0, 1.99939, 9.99807], "texture": "#2"},
				"east": {"uv": [0, 0, 1.99939, 9.99807], "texture": "#2"},
				"south": {"uv": [0, 0, 1.99939, 9.99807], "texture": "#2"},
				"west": {"uv": [0, 0, 1.99826, 9.99807], "texture": "#2"},
				"up": {"uv": [0, 0, 1.99939, 1.99939], "texture": "#2"},
				"down": {"uv": [0, 0, 1.99939, 1.99939], "texture": "#2"}
			}
		},
		{
			"from": [10, 1, 7],
			"to": [11, 6, 8],
			"faces": {
				"north": {"uv": [0, 0, 1.99939, 9.99807], "texture": "#2"},
				"east": {"uv": [0, 0, 1.99939, 9.99807], "texture": "#2"},
				"south": {"uv": [0, 0, 1.99939, 9.99807], "texture": "#2"},
				"west": {"uv": [0, 0, 1.99826, 9.99807], "texture": "#2"},
				"up": {"uv": [0, 0, 1.99939, 1.99939], "texture": "#2"},
				"down": {"uv": [0, 0, 1.99939, 1.99939], "texture": "#2"}
			}
		},
		{
			"from": [5.25, 1, 8],
			"to": [5.75, 1.5, 9],
			"faces": {
				"east": {"uv": [10.99903, 1.99997, 8.99971, 2.99947], "texture": "#2"},
				"south": {"uv": [6.99973, 1.99997, 7.99956, 2.99979], "texture": "#2"},
				"west": {"uv": [8.99971, 1.99997, 10.99903, 2.99947], "texture": "#2"},
				"up": {"uv": [6.99973, 3.9993, 7.99858, 1.99997], "texture": "#2"},
				"down": {"uv": [6.99973, 1.99997, 7.99956, 3.99962], "texture": "#2"}
			}
		},
		{
			"from": [10.25, 1, 8],
			"to": [10.75, 1.5, 9],
			"faces": {
				"east": {"uv": [10.99903, 1.99997, 8.99971, 2.99947], "texture": "#2"},
				"south": {"uv": [6.99973, 1.99997, 7.99956, 2.99979], "texture": "#2"},
				"west": {"uv": [8.99971, 1.99997, 10.99903, 2.99947], "texture": "#2"},
				"up": {"uv": [6.99973, 3.9993, 7.99858, 1.99997], "texture": "#2"},
				"down": {"uv": [6.99973, 1.99997, 7.99956, 3.99962], "texture": "#2"}
			}
		},
		{
			"from": [12.85, 1, 3.45],
			"to": [13.35, 1.5, 5.45],
			"rotation": {"angle": 22.5, "axis": "y", "origin": [16, 9, 13.225]},
			"faces": {
				"north": {"uv": [4.99976, 0, 5.99894, 0.99917], "texture": "#2"},
				"east": {"uv": [6.99973, 0.99885, 10.99902, 0], "texture": "#2"},
				"west": {"uv": [10.99902, 0.99885, 6.99973, 0], "texture": "#2"},
				"up": {"uv": [4.99976, 0, 5.99829, 3.99896], "texture": "#2"},
				"down": {"uv": [4.99977, 0, 5.99894, 3.99929], "texture": "#2"}
			}
		},
		{
			"from": [7.05, 1, 6],
			"to": [7.55, 1.5, 8],
			"rotation": {"angle": -22.5, "axis": "y", "origin": [11, 9, 16]},
			"faces": {
				"north": {"uv": [4.99976, 0, 5.99894, 0.99917], "texture": "#2"},
				"east": {"uv": [6.99973, 0.99885, 10.99902, 0], "texture": "#2"},
				"west": {"uv": [10.99902, 0.99885, 6.99973, 0], "texture": "#2"},
				"up": {"uv": [4.99976, 0, 5.99829, 3.99896], "texture": "#2"},
				"down": {"uv": [4.99977, 0, 5.99894, 3.99929], "texture": "#2"}
			}
		},
		{
			"from": [2.05, 1, 6],
			"to": [2.55, 1.5, 8],
			"rotation": {"angle": -22.5, "axis": "y", "origin": [6, 9, 16]},
			"faces": {
				"north": {"uv": [4.99976, 0, 5.99894, 0.99917], "texture": "#2"},
				"east": {"uv": [6.99973, 0.99885, 10.99902, 0], "texture": "#2"},
				"west": {"uv": [10.99902, 0.99885, 6.99973, 0], "texture": "#2"},
				"up": {"uv": [4.99976, 0, 5.99829, 3.99896], "texture": "#2"},
				"down": {"uv": [4.99977, 0, 5.99894, 3.99929], "texture": "#2"}
			}
		},
		{
			"from": [7.85, 1, 3.45],
			"to": [8.35, 1.5, 5.45],
			"rotation": {"angle": 22.5, "axis": "y", "origin": [11, 9, 13.225]},
			"faces": {
				"north": {"uv": [4.99976, 0, 5.99894, 0.99917], "texture": "#2"},
				"east": {"uv": [6.99973, 0.99885, 10.99902, 0], "texture": "#2"},
				"west": {"uv": [10.99902, 0.99885, 6.99973, 0], "texture": "#2"},
				"up": {"uv": [4.99976, 0, 5.99829, 3.99896], "texture": "#2"},
				"down": {"uv": [4.99977, 0, 5.99894, 3.99929], "texture": "#2"}
			}
		},
		{
			"from": [4, 20, 8.875],
			"to": [12, 28, 16.875],
			"rotation": {"angle": -22.5, "axis": "x", "origin": [8, 10, 12.875]},
			"faces": {
				"north": {"uv": [0, 0, 3.99735, 3.99638], "texture": "#5"},
				"east": {"uv": [8.49986, 0, 12.49923, 3.99971], "texture": "#5"},
				"south": {"uv": [8.49971, 6.74962, 12.49723, 10.74607], "texture": "#5"},
				"west": {"uv": [4.24993, 0, 8.24964, 3.99971], "texture": "#5"},
				"up": {"uv": [0, 6.74991, 3.99971, 10.74961], "texture": "#5"},
				"down": {"uv": [4.24993, 6.74991, 8.24964, 10.74961], "rotation": 180, "texture": "#5"}
			}
		},
		{
			"from": [7, 20, 3],
			"to": [9, 23, 4],
			"faces": {
				"east": {"uv": [7.9998, 0, 11.99745, 5.99929], "texture": "#6"},
				"west": {"uv": [7.9998, 0, 11.99745, 5.99929], "texture": "#6"},
				"up": {"uv": [7.9998, 0, 11.99745, 3.99765], "texture": "#6"},
				"down": {"uv": [7.9998, 0, 11.99745, 3.99765], "texture": "#6"}
			}
		},
		{
			"from": [7.025, 12.95, -6.15],
			"to": [8.975, 15.075, -4.025],
			"rotation": {"angle": 45, "axis": "x", "origin": [8, 8, 8]},
			"faces": {
				"north": {"uv": [0, 0, 3.99653, 3.99765], "texture": "#6"},
				"east": {"uv": [7.9998, 0, 11.99745, 3.99765], "texture": "#6"},
				"west": {"uv": [7.9998, 0, 11.99745, 3.99765], "texture": "#6"},
				"up": {"uv": [7.9998, 0, 11.99745, 3.99765], "texture": "#6"},
				"down": {"uv": [7.9998, 0, 11.99745, 3.99765], "texture": "#6"}
			}
		},
		{
			"from": [3, 18, 3.975],
			"to": [13, 21, 12],
			"faces": {
				"north": {"uv": [0, 0, 9.9992, 2.99964], "texture": "#7"},
				"east": {"uv": [0, 6.99954, 7.9998, 9.99806], "texture": "#7"},
				"south": {"uv": [0, 3.49977, 9.9992, 6.49941], "texture": "#7"},
				"west": {"uv": [0, 10.49931, 7.9998, 13.49783], "texture": "#7"},
				"up": {"uv": [7.99867, 7.9998, 15.99847, 15.9996], "texture": "#7"}
			}
		},
		{
			"from": [5, 28, 10],
			"to": [11, 29, 16],
			"rotation": {"angle": -22.5, "axis": "x", "origin": [8, 10, 13]},
			"faces": {
				"north": {"uv": [8.49986, 10.24981, 12.49923, 10.74862], "texture": "#5"},
				"east": {"uv": [8.49986, 0, 11.99943, 0.4998], "texture": "#5"},
				"south": {"uv": [8.49986, 6.74991, 12.49956, 7.2497], "texture": "#5"},
				"west": {"uv": [4.74973, 0, 8.24929, 0.49881], "texture": "#5"},
				"up": {"uv": [8.99999, 7.2497, 11.99944, 10.24915], "texture": "#5"}
			}
		},
		{
			"name": "branch",
			"from": [0, -3, 5],
			"to": [32, 1, 9],
			"faces": {
				"north": {"uv": [0, 0.499, 15.9996, 4.4989], "texture": "#0"},
				"east": {"uv": [3.9999, 3.9999, 11.99743, 11.99743], "texture": "#1"},
				"south": {"uv": [0, 3.49977, 15.9996, 7.49967], "texture": "#0"},
				"west": {"uv": [3.99877, 3.99877, 11.99744, 11.99744], "texture": "#1"},
				"up": {"uv": [0, 0.499, 15.9996, 4.4989], "texture": "#0"},
				"down": {"uv": [0, 3.49977, 15.9996, 7.49967], "texture": "#0"}
			}
		}
	],
	"display": {
		"head": {
			"scale": [2.2, 2.2, 2.2],
			"translation": [0, -20, 0]
		}
	},
	"groups": [
		{
			"name": "Tailfeathers",
			"children": [0, 1, 2, 3]
		}, 4,
		{
			"name": "body",
			"children": [5, 6, 7]
		},
		{
			"name": "r-wing",
			"children": [8, 9, 10]
		},
		{
			"name": "L-wing",
			"children": [11, 12, 13]
		},
		{
			"name": "eyebrow",
			"children": [14, 15, 16, 17]
		},
		{
			"name": "legs",
			"children": [18, 19, 20, 21,
				{
					"name": "Toes",
					"children": [22, 23, 24, 25]
				}
			]
		},
		{
			"name": "head",
			"children": [26, 27, 28, 29, 30]
		}, 31]
}