{
	"credit": "Made with Blockbench",
	"textures": {
		"5": "zelda/mobs/red_boko"
	},
	"elements": [
		{
			"name": "Nose 1",
			"from": [6, 6, 2],
			"to": [10, 8, 4],
			"faces": {
				"north": {"uv": [0, 11.99916, 3.99972, 13.99902], "texture": "#5"},
				"east": {"uv": [0, 9.9993, 1.99986, 11.99916], "texture": "#5"},
				"south": {"uv": [0, 7.99944, 3.99972, 9.9993], "texture": "#5"},
				"west": {"uv": [0, 9.9993, 1.99986, 11.99916], "texture": "#5"},
				"up": {"uv": [0, 9.9993, 3.99972, 11.99916], "texture": "#5"},
				"down": {"uv": [0, 9.9993, 3.99972, 11.99916], "texture": "#5"}
			}
		},
		{
			"name": "Nose 2",
			"from": [7, 7, 2],
			"to": [9, 9, 4],
			"faces": {
				"north": {"uv": [0, 11.99916, 1.99986, 13.99902], "texture": "#5"},
				"east": {"uv": [0, 9.9993, 1.99986, 11.99916], "texture": "#5"},
				"south": {"uv": [0, 7.99944, 1.99986, 9.9993], "texture": "#5"},
				"west": {"uv": [0, 9.9993, 1.99986, 11.99916], "texture": "#5"},
				"up": {"uv": [0, 9.9993, 1.99986, 11.99916], "texture": "#5"},
				"down": {"uv": [0, 9.9993, 1.99986, 11.99916], "texture": "#5"}
			}
		},
		{
			"name": "Ear Left",
			"from": [12, 6, 7],
			"to": [21, 10, 8],
			"faces": {
				"north": {"uv": [0, 3.99972, 8.99892, 7.99762], "texture": "#5"},
				"east": {"uv": [0, 7.99944, 0.99948, 11.99825], "texture": "#5"},
				"south": {"uv": [0, 7.99944, 8.99983, 11.99916], "texture": "#5"},
				"up": {"uv": [0, 7.99944, 8.99983, 8.99892], "texture": "#5"},
				"down": {"uv": [0, 10.99969, 8.99983, 11.99916], "texture": "#5"}
			}
		},
		{
			"name": "Ear Right",
			"from": [-5, 6, 7],
			"to": [4, 10, 8],
			"faces": {
				"north": {"uv": [0, 0, 9, 4], "texture": "#5"},
				"south": {"uv": [0, 7.99944, 8.99983, 11.99916], "texture": "#5"},
				"west": {"uv": [0, 7.99944, 0.99948, 11.99916], "texture": "#5"},
				"up": {"uv": [0, 7.99944, 8.99983, 8.99892], "texture": "#5"},
				"down": {"uv": [0, 10.99969, 8.99983, 11.99916], "texture": "#5"}
			}
		},
		{
			"name": "Horn 1",
			"from": [7, 13, 7],
			"to": [9, 15, 9],
			"faces": {
				"north": {"uv": [0, 13.99993, 1.99986, 15.99979], "texture": "#5"},
				"east": {"uv": [0, 13.99993, 1.99986, 15.99979], "texture": "#5"},
				"south": {"uv": [0, 13.99993, 1.99986, 15.99979], "texture": "#5"},
				"west": {"uv": [0, 13.99993, 1.99986, 15.99979], "texture": "#5"},
				"up": {"uv": [0, 13.99993, 1.99986, 15.99979], "texture": "#5"}
			}
		},
		{
			"name": "Horn 2",
			"from": [7.5, 15, 7.5],
			"to": [8.5, 16, 8.5],
			"faces": {
				"north": {"uv": [0, 15.00052, 0.99948, 16], "texture": "#5"},
				"east": {"uv": [0, 15, 1, 16], "texture": "#5"},
				"south": {"uv": [0, 15, 1, 16], "texture": "#5"},
				"west": {"uv": [0, 15, 1, 16], "texture": "#5"},
				"up": {"uv": [0, 15, 1, 16], "texture": "#5"},
				"down": {"uv": [0, 15, 1, 16], "texture": "#5"}
			}
		}
	],
	"display": {
		"head": {
			"scale": [1.6, 1.6, 1.6],
			"translation": [0, -1.5, 0]
		}
	}
}