{
	"__comment": "Designed by the resident Inuit with BDcraft Cubik PRO 0.96 Beta - http://bdcraft.net",
	"parent": "block/block",
	"textures": {
		"particle": "blocks/planks_jungle",
		"top": "blocks/_bdc/fence_crossbar_03",
		"texture": "blocks/_bdc/fence_gate_01"
	},
	"elements": [ 	 
		{
			"__comment": "Right-hand post",
			"from": [ 14, 5, 7 ],
			"to": [ 16, 16, 9 ],
			"faces": {
				"down": { "uv": [ 0, 12, 4, 16 ], "texture": "#top" },
				"up": { "uv": [ 0, 12, 4, 16 ], "texture": "#top", "cullface": "up" },
				"north": { "uv": [ 10, 3, 12, 14 ], "texture": "#texture" },
				"south": { "uv": [ 10, 0, 12, 11 ], "texture": "#texture" },
				"west": { "uv": [ 10, 1, 12, 12 ], "texture": "#texture" },
				"east": { "uv": [ 10, 5, 12, 16 ], "texture": "#texture", "cullface": "east" }
			}
		},
		{
			"__comment": "Left-hand post",
			"from": [ 0, 5, 7 ],
			"to": [ 2, 16, 9 ],
			"faces": {
				"down": { "uv": [ 0, 12, 4, 16 ], "texture": "#top" },
				"up": { "uv": [ 0, 12, 4, 16 ], "texture": "#top", "cullface": "up" },
				"north": { "uv": [ 10, 0, 12, 11 ], "texture": "#texture" },
				"south": { "uv": [ 10, 5, 12, 16 ], "texture": "#texture" },
				"west": { "uv": [ 10, 3.5, 12, 14.5 ], "texture": "#texture", "cullface": "west" },
				"east": { "uv": [ 10, 0, 12, 11 ], "texture": "#texture" }
			}
		}
	]
}