{
	"__comment": "Designed by HanFox with Cubik - http://bdcraft.net",
	"parent": "block/block",
	"textures": {
		"particle": "blocks/planks_jungle",
		"post": "blocks/_bdc/fence_gate_01",
		"top": "blocks/_bdc/fence_crossbar_03"
	},
	"elements": [
		{
			"__comment": "Inner vertical post of left-hand gate door",
			"from": [ 0, 6, 13 ],
			"to": [ 2, 15, 15 ],
			"faces": {
				"down": { "uv": [ 0, 12, 4, 16 ], "texture": "#top" },
				"up": { "uv": [ 0, 12, 4, 16 ], "texture": "#top" },
				"north": { "uv": [ 10, 1, 12, 10 ], "texture": "#post" },
				"south": { "uv": [ 10, 7, 12, 16 ], "texture": "#post" },
				"west": { "uv": [ 10, 1.5, 12, 10.5 ], "texture": "#post" },
				"east": { "uv": [ 10, 4, 12, 13 ], "texture": "#post" }
			}
		},
		{
			"__comment": "Inner vertical post of right-hand gate door",
			"from": [ 14, 6, 13 ],
			"to": [ 16, 15, 15 ],
			"faces": {
				"down": { "uv": [ 0, 12, 4, 16 ], "texture": "#top" },
				"up": { "uv": [ 0, 12, 4, 16 ], "texture": "#top" },
				"north": { "uv": [ 10, 7, 12, 16 ], "texture": "#post" },
				"south": { "uv": [ 10, 5, 12, 14 ], "texture": "#post" },
				"west": { "uv": [ 10, 0, 12, 9 ], "texture": "#post" },
				"east": { "uv": [ 10, 2.5, 12, 11.5 ], "texture": "#post" }
			}
		},
		{
			"__comment": "Upper horizontal bar of right-hand gate door",
			"from": [ 14, 12, 9 ],
			"to": [ 16, 15, 13 ],
			"faces": {
				"down": { "uv": [ 6, 0, 8, 2 ], "texture": "#top" },
				"up": { "uv": [ 6, 0, 8, 2 ], "texture": "#top" },
				"west": { "uv": [ 0, 8, 4, 11 ], "texture": "#post" },
				"east": { "uv": [ 0, 8, 4, 11 ], "texture": "#post" }
			}
		},
		{
			"__comment": "Upper horizontal bar of left-hand gate door",
			"from": [ 0, 12, 9 ],
			"to": [ 2, 15, 13 ],
			"faces": {
				"down": { "uv": [ 6, 0, 8, 2 ], "texture": "#top" },
				"up": { "uv": [ 6, 0, 8, 2 ], "texture": "#top" },
				"west": { "uv": [ 4, 8, 0, 11 ], "texture": "#post" },
				"east": { "uv": [ 4, 8, 0, 11 ], "texture": "#post" }
			}
		},
		{
			"__comment": "Lower horizontal bar of right-hand gate door",
			"from": [ 14, 7, 9 ],
			"to": [ 16, 10, 13 ],
			"faces": {
				"down": { "uv": [ 6, 0, 8, 2 ], "texture": "#top" },
				"up": { "uv": [ 6, 0, 8, 2 ], "texture": "#top" },
				"west": { "uv": [ 0, 11, 4, 14 ], "texture": "#post" },
				"east": { "uv": [ 0, 11, 4, 14 ], "texture": "#post" }
			}
		},
		{
			"__comment": "Lower horizontal bar of left-hand gate door",
			"from": [ 0, 7, 9 ],
			"to": [ 2, 10, 13 ],
			"faces": {
				"down": { "uv": [ 6, 0, 8, 2 ], "texture": "#top" },
				"up": { "uv": [ 6, 0, 8, 2 ], "texture": "#top" },
				"west": { "uv": [ 0, 11, 4, 14 ], "texture": "#post" },
				"east": { "uv": [ 0, 11, 4, 14 ], "texture": "#post" }
			}
		}
	]
}
