{
	"credit": "Made with Blockbench",
	"textures": {
		"0": "block/purple_concrete_powder",
		"1": "block/glass",
		"4": "block/sea_lantern",
		"5": "block/gray_concrete_big",
		"6": "custom/alien",
		"particle": "block/purple_concrete_powder"
	},
	"elements": [
		{
			"name": "body",
			"from": [3, 7, -4],
			"to": [13, 9, 20],
			"faces": {
				"north": {"uv": [0, 0, 5, 1], "texture": "#5"},
				"east": {"uv": [0, 0, 12, 1], "texture": "#5"},
				"south": {"uv": [0, 0, 5, 1], "texture": "#5"},
				"west": {"uv": [0, 0, 12, 1], "texture": "#5"},
				"up": {"uv": [0, 0, 5, 12], "texture": "#5"},
				"down": {"uv": [0, 0, 5, 12], "texture": "#5"}
			}
		},
		{
			"name": "body",
			"from": [-4, 7.001, 3],
			"to": [20, 9.001, 13],
			"faces": {
				"north": {"uv": [0, 0, 12, 1], "texture": "#5"},
				"east": {"uv": [0, 0, 5, 1], "texture": "#5"},
				"south": {"uv": [0, 0, 12, 1], "texture": "#5"},
				"west": {"uv": [0, 0, 5, 1], "texture": "#5"},
				"up": {"uv": [0, 0, 5, 12], "rotation": 270, "texture": "#5"},
				"down": {"uv": [0, 0, 5, 12], "rotation": 90, "texture": "#5"}
			}
		},
		{
			"name": "body",
			"from": [-4, 7.002, 3],
			"to": [20, 8.999, 13],
			"rotation": {"angle": 45, "axis": "y", "origin": [8, 8, 8]},
			"faces": {
				"north": {"uv": [0, 0, 12, 1], "texture": "#5"},
				"east": {"uv": [0, 0, 5, 1], "texture": "#5"},
				"south": {"uv": [0, 0, 12, 1], "texture": "#5"},
				"west": {"uv": [0, 0, 5, 1], "texture": "#5"},
				"up": {"uv": [0, 0, 5, 12], "rotation": 270, "texture": "#5"},
				"down": {"uv": [0, 0, 5, 12], "rotation": 90, "texture": "#5"}
			}
		},
		{
			"name": "body",
			"from": [-4, 7.002, 3],
			"to": [20, 8.999, 13],
			"rotation": {"angle": -45, "axis": "y", "origin": [8, 8, 8]},
			"faces": {
				"north": {"uv": [0, 0, 12, 1], "texture": "#5"},
				"east": {"uv": [0, 0, 5, 1], "texture": "#5"},
				"south": {"uv": [0, 0, 12, 1], "texture": "#5"},
				"west": {"uv": [0, 0, 5, 1], "texture": "#5"},
				"up": {"uv": [0, 0, 5, 12], "rotation": 270, "texture": "#5"},
				"down": {"uv": [0, 0, 5, 12], "rotation": 90, "texture": "#5"}
			}
		},
		{
			"name": "glass",
			"from": [4, 9, 4],
			"to": [12, 17, 12],
			"faces": {
				"north": {"uv": [0, 0, 16, 16], "texture": "#1"},
				"east": {"uv": [0, 0, 16, 16], "texture": "#1"},
				"south": {"uv": [0, 0, 16, 16], "texture": "#1"},
				"west": {"uv": [0, 0, 16, 16], "texture": "#1"},
				"up": {"uv": [0, 0, 16, 16], "texture": "#1"},
				"down": {"uv": [0, 0, 16, 16], "texture": "#1"}
			}
		},
		{
			"name": "outline",
			"from": [3, 9, 3],
			"to": [13, 10, 13],
			"faces": {
				"north": {"uv": [0, 0, 16, 1], "texture": "#0"},
				"east": {"uv": [0, 0, 16, 1], "texture": "#0"},
				"south": {"uv": [0, 0, 16, 1], "texture": "#0"},
				"west": {"uv": [0, 0, 16, 1], "texture": "#0"},
				"up": {"uv": [0, 0, 16, 16], "texture": "#0"}
			}
		},
		{
			"name": "outline",
			"from": [3, 6, 3],
			"to": [13, 7, 13],
			"faces": {
				"north": {"uv": [0, 0, 16, 1], "texture": "#0"},
				"east": {"uv": [0, 0, 16, 1], "texture": "#0"},
				"south": {"uv": [0, 0, 16, 1], "texture": "#0"},
				"west": {"uv": [0, 0, 16, 1], "texture": "#0"},
				"down": {"uv": [0, 0, 16, 16], "texture": "#0"}
			}
		},
		{
			"name": "beam",
			"from": [4, 5.5, 4],
			"to": [12, 6.5, 12],
			"faces": {
				"north": {"uv": [0, 14, 16, 16], "texture": "#4"},
				"east": {"uv": [0, 14, 16, 16], "texture": "#4"},
				"south": {"uv": [0, 14, 16, 16], "texture": "#4"},
				"west": {"uv": [0, 14, 16, 16], "texture": "#4"},
				"down": {"uv": [0, 0, 16, 16], "texture": "#4"}
			}
		},
		{
			"name": "alien",
			"from": [5, 10, 5],
			"to": [11, 16, 11],
			"faces": {
				"north": {"uv": [2, 2, 4, 4], "texture": "#6"},
				"east": {"uv": [0, 2, 2, 4], "texture": "#6"},
				"south": {"uv": [6, 2, 8, 4], "texture": "#6"},
				"west": {"uv": [4, 2, 6, 4], "texture": "#6"},
				"up": {"uv": [2, 0, 4, 2], "texture": "#6"},
				"down": {"uv": [4, 0, 6, 2], "texture": "#6"}
			}
		}
	],
	"display": {
		"head": {
			"translation": [0, -25, 0],
			"scale": [3, 3, 3]
		}
	}
}