{
	"credit": "Made with Blockbench",
	"textures": {
		"1": "zelda/hookshot/chain",
		"2": "zelda/hookshot/chain_rot",
		"particle": "zelda/hookshot/chain"
	},
	"elements": [
		{
			"from": [7.975, 0, 3],
			"to": [8, 3, 13],
			"faces": {
				"east": {"uv": [0, 3.999, 16, 0], "rotation": 180, "texture": "#1"},
				"west": {"uv": [0, 3.998, 16, 0], "texture": "#1"}
			}
		},
		{
			"from": [6.5, 1.5, 3],
			"to": [9.5, 1.525, 13],
			"faces": {
				"up": {"uv": [0, 16, 3.999, 0], "texture": "#2"},
				"down": {"uv": [0, 0, 3.999, 16], "texture": "#2"}
			}
		}
	],
	"display": {
		"thirdperson_righthand": {
			"rotation": [-2, 89, -1],
			"translation": [0, 4, -3.25],
			"scale": [0.63, 0.63, 0.63]
		},
		"thirdperson_lefthand": {
			"rotation": [90, 90, 0],
			"translation": [0, 4, -3.25],
			"scale": [0.63, 0.63, 0.63]
		},
		"firstperson_righthand": {
			"rotation": [20, -88, -9],
			"translation": [1.5, 6, -4],
			"scale": [-1, 1, 1]
		},
		"firstperson_lefthand": {
			"rotation": [20, -88, -9],
			"translation": [1.5, 6, -4]
		},
		"head": {
			"translation": [0, -0.75, 0],
			"scale": [1.32, 1.32, 1.32]
		}
	}
}