{
	"credit": "Made with Blockbench",
	"textures": {
		"0": "zelda/warship/coal_block",
		"1": "zelda/warship/black_concrete_powder",
		"2": "zelda/warship/black_concrete",
		"particle": "zelda/warship/coal_block"
	},
	"elements": [
		{
			"from": [6, 6, -5],
			"to": [10, 10, 16],
			"faces": {
				"north": {"uv": [0, 0, 4, 4], "texture": "#2"},
				"east": {"uv": [0, 0, 16, 4], "texture": "#2"},
				"south": {"uv": [0, 0, 4, 4], "texture": "#2"},
				"west": {"uv": [0, 0, 16, 4], "texture": "#2"},
				"up": {"uv": [0, 0, 4, 16], "texture": "#2"},
				"down": {"uv": [0, 0, 4, 16], "texture": "#2"}
			}
		},
		{
			"from": [5, 5, 8],
			"to": [11, 11, 16],
			"faces": {
				"north": {"uv": [0, 0, 6, 6], "texture": "#1"},
				"east": {"uv": [0, 0, 8, 6], "texture": "#1"},
				"south": {"uv": [0, 0, 6, 6], "texture": "#1"},
				"west": {"uv": [0, 0, 8, 6], "texture": "#1"},
				"up": {"uv": [0, 0, 6, 8], "texture": "#1"},
				"down": {"uv": [0, 0, 6, 8], "texture": "#1"}
			}
		},
		{
			"from": [5, 5, -10],
			"to": [6, 11, -4],
			"faces": {
				"north": {"uv": [0, 0, 1, 6], "texture": "#0"},
				"east": {"uv": [0, 0, 6, 6], "texture": "#0"},
				"south": {"uv": [0, 0, 1, 6], "texture": "#0"},
				"west": {"uv": [0, 0, 6, 6], "texture": "#0"},
				"up": {"uv": [0, 0, 1, 6], "texture": "#0"},
				"down": {"uv": [0, 0, 1, 6], "texture": "#0"}
			}
		},
		{
			"from": [10, 5, -10],
			"to": [11, 11, -4],
			"faces": {
				"north": {"uv": [0, 0, 1, 6], "texture": "#0"},
				"east": {"uv": [0, 0, 6, 6], "texture": "#0"},
				"south": {"uv": [0, 0, 1, 6], "texture": "#0"},
				"west": {"uv": [0, 0, 6, 6], "texture": "#0"},
				"up": {"uv": [0, 0, 1, 6], "texture": "#0"},
				"down": {"uv": [0, 0, 1, 6], "texture": "#0"}
			}
		},
		{
			"from": [5.9, 10, -10],
			"to": [10.1, 11, -4],
			"faces": {
				"north": {"uv": [0, 0, 4.2, 1], "texture": "#0"},
				"east": {"uv": [0, 0, 6, 1], "texture": "#0"},
				"south": {"uv": [0, 0, 4.2, 1], "texture": "#0"},
				"west": {"uv": [0, 0, 6, 1], "texture": "#0"},
				"up": {"uv": [0, 0, 4.2, 6], "texture": "#0"},
				"down": {"uv": [0, 0, 4.2, 6], "texture": "#0"}
			}
		},
		{
			"from": [5.9, 5, -10],
			"to": [10.1, 6, -4],
			"faces": {
				"north": {"uv": [0, 0, 4.2, 1], "texture": "#0"},
				"east": {"uv": [0, 0, 6, 1], "texture": "#0"},
				"south": {"uv": [0, 0, 4.2, 1], "texture": "#0"},
				"west": {"uv": [0, 0, 6, 1], "texture": "#0"},
				"up": {"uv": [0, 0, 4.2, 6], "texture": "#0"},
				"down": {"uv": [0, 0, 4.2, 6], "texture": "#0"}
			}
		}
	],
	"display": {
		"head": {
			"scale": [2.425, 2.425, 2.425],
			"translation": [0, 0, -11]
		}
	}
}