{
	"credit": "Made with Blockbench",
	"textures": {
		"0": "zelda/warship/planks_acacia",
		"1": "zelda/warship/planks_big_oak",
		"2": "zelda/warship/stone_slab_top",
		"3": "zelda/warship/stone",
		"4": "zelda/warship/gray_concrete_powder",
		"5": "zelda/warship/light_gray_concrete_powder",
		"particle": "zelda/warship/stone_slab_top"
	},
	"elements": [
		{
			"name": "side1",
			"from": [2, 3, 0],
			"to": [7, 8, 16.1],
			"rotation": {"angle": 22.5, "axis": "z", "origin": [2.5, 5, 8]},
			"faces": {
				"north": {"uv": [0, 0, 5, 5], "texture": "#0"},
				"east": {"uv": [0, 0, 16, 5], "texture": "#missing"},
				"south": {"uv": [0, 0, 1, 5], "texture": "#0"},
				"west": {"uv": [0, 0, 16, 5], "texture": "#0"},
				"up": {"uv": [0, 0, 1, 16], "texture": "#missing"},
				"down": {"uv": [0, 0, 1, 16], "texture": "#0"}
			}
		},
		{
			"name": "side2",
			"from": [3.35, 0.6, 0],
			"to": [7.35, 3.6, 16],
			"rotation": {"angle": 45, "axis": "z", "origin": [3.85, 2.6, 8]},
			"faces": {
				"north": {"uv": [0, 0, 4, 3], "texture": "#0"},
				"east": {"uv": [0, 0, 16, 3], "texture": "#missing"},
				"south": {"uv": [0, 0, 1, 3], "texture": "#0"},
				"west": {"uv": [0, 0, 16, 3], "texture": "#0"},
				"up": {"uv": [0, 0, 15.99888, 0.99948], "texture": "#0"},
				"down": {"uv": [0, 0, 1, 16], "texture": "#0"}
			}
		},
		{
			"name": "side3",
			"from": [9, 3, 0],
			"to": [14, 8, 16.1],
			"rotation": {"angle": -22.5, "axis": "z", "origin": [13.5, 5, 8]},
			"faces": {
				"north": {"uv": [0, 0, 5, 5], "texture": "#0"},
				"east": {"uv": [0, 0, 16, 5], "texture": "#0"},
				"south": {"uv": [0, 0, 1, 5], "texture": "#0"},
				"west": {"uv": [0, 0, 16, 5], "texture": "#missing"},
				"up": {"uv": [0, 0, 1, 16], "texture": "#missing"},
				"down": {"uv": [0, 0, 1, 16], "texture": "#0"}
			}
		},
		{
			"name": "side4",
			"from": [8.65, 0.6, 0],
			"to": [12.65, 3.6, 16],
			"rotation": {"angle": -45, "axis": "z", "origin": [12.15, 2.6, 8]},
			"faces": {
				"north": {"uv": [0, 0, 4, 3], "texture": "#0"},
				"east": {"uv": [0, 0, 16, 3], "texture": "#0"},
				"south": {"uv": [0, 0, 1, 3], "texture": "#0"},
				"west": {"uv": [0, 0, 16, 3], "texture": "#missing"},
				"up": {"uv": [0, 0, 15.99888, 0.99948], "texture": "#0"},
				"down": {"uv": [0, 0, 1, 16], "texture": "#0"}
			}
		},
		{
			"name": "bottom",
			"from": [5, 1, 0],
			"to": [11, 9, 16],
			"faces": {
				"north": {"uv": [0, 0, 6, 8], "texture": "#0"},
				"east": {"uv": [0, 0, 16, 1], "texture": "#0"},
				"south": {"uv": [0, 0, 6, 1], "texture": "#0"},
				"west": {"uv": [0, 0, 16, 1], "texture": "#0"},
				"up": {"uv": [0, 0, 6, 16], "texture": "#missing"},
				"down": {"uv": [0, 0, 6, 16], "texture": "#0"}
			}
		},
		{
			"from": [0, 7, -1.1],
			"to": [16, 10, 16.9],
			"faces": {
				"north": {"uv": [0, 0, 16, 3], "texture": "#1"},
				"east": {"uv": [0, 0, 16, 3], "texture": "#1"},
				"south": {"uv": [0, 0, 16, 3], "texture": "#1"},
				"west": {"uv": [0, 0, 16, 3], "texture": "#1"},
				"up": {"uv": [0, 0, 16, 16], "texture": "#1"},
				"down": {"uv": [0, 0, 16, 16], "texture": "#1"}
			}
		},
		{
			"name": "side1",
			"from": [3, 3, -3],
			"to": [7, 8, 1.1],
			"rotation": {"angle": 22.5, "axis": "z", "origin": [2.5, 5, 6]},
			"faces": {
				"north": {"uv": [0, 0, 4, 5], "texture": "#0"},
				"east": {"uv": [0, 0, 4.1, 5], "texture": "#missing"},
				"south": {"uv": [0, 0, 4, 5], "texture": "#0"},
				"west": {"uv": [0, 0, 4.1, 5], "texture": "#0"},
				"up": {"uv": [0, 0, 4, 4.1], "texture": "#missing"},
				"down": {"uv": [0, 0, 4, 4.1], "texture": "#0"}
			}
		},
		{
			"name": "side2",
			"from": [4.35, -0.4, -3],
			"to": [7.35, 3.6, 1],
			"rotation": {"angle": 45, "axis": "z", "origin": [3.85, 2.6, 6]},
			"faces": {
				"north": {"uv": [0, 0, 3, 4], "texture": "#0"},
				"east": {"uv": [0, 0, 4, 4], "texture": "#missing"},
				"south": {"uv": [0, 0, 3, 4], "texture": "#0"},
				"west": {"uv": [0, 0, 4, 4], "texture": "#0"},
				"up": {"uv": [0, 0, 3, 4], "texture": "#0"},
				"down": {"uv": [0, 0, 3, 4], "texture": "#0"}
			}
		},
		{
			"name": "side3",
			"from": [9, 3, -3],
			"to": [13, 8, 1.1],
			"rotation": {"angle": -22.5, "axis": "z", "origin": [13.5, 5, 6]},
			"faces": {
				"north": {"uv": [0, 0, 4, 5], "texture": "#0"},
				"east": {"uv": [0, 0, 4.1, 5], "texture": "#0"},
				"south": {"uv": [0, 0, 4, 5], "texture": "#0"},
				"west": {"uv": [0, 0, 4.1, 5], "texture": "#missing"},
				"up": {"uv": [0, 0, 4, 4.1], "texture": "#missing"},
				"down": {"uv": [0, 0, 4, 4.1], "texture": "#0"}
			}
		},
		{
			"name": "side4",
			"from": [8.65, -0.4, -3],
			"to": [11.65, 3.6, 1],
			"rotation": {"angle": -45, "axis": "z", "origin": [12.15, 2.6, 6]},
			"faces": {
				"north": {"uv": [0, 0, 3, 4], "texture": "#0"},
				"east": {"uv": [0, 0, 4, 4], "texture": "#0"},
				"south": {"uv": [0, 0, 3, 4], "texture": "#0"},
				"west": {"uv": [0, 0, 4, 4], "texture": "#missing"},
				"up": {"uv": [0, 0, 3, 4], "texture": "#0"},
				"down": {"uv": [0, 0, 3, 4], "texture": "#0"}
			}
		},
		{
			"name": "bottom",
			"from": [6, 1, -3],
			"to": [10, 9, 1],
			"faces": {
				"north": {"uv": [0, 0, 4, 8], "texture": "#0"},
				"east": {"uv": [0, 0, 4, 8], "texture": "#0"},
				"south": {"uv": [0, 0, 4, 8], "texture": "#0"},
				"west": {"uv": [0, 0, 4, 8], "texture": "#0"},
				"up": {"uv": [0, 0, 4, 4], "texture": "#missing"},
				"down": {"uv": [0, 0, 4, 4], "texture": "#0"}
			}
		},
		{
			"from": [1, 7, -3.1],
			"to": [15, 10, -1.09],
			"faces": {
				"north": {"uv": [0, 0, 14, 3], "texture": "#1"},
				"east": {"uv": [0, 0, 3, 3], "texture": "#1"},
				"south": {"uv": [0, 0, 14, 3], "texture": "#1"},
				"west": {"uv": [0, 0, 3, 3], "texture": "#1"},
				"up": {"uv": [0, 0, 14, 3], "texture": "#1"},
				"down": {"uv": [0, 0, 14, 3], "texture": "#1"}
			}
		},
		{
			"name": "side1",
			"from": [4, 3, -5],
			"to": [8, 8, -1.9],
			"rotation": {"angle": 22.5, "axis": "z", "origin": [3.5, 5, 3]},
			"faces": {
				"north": {"uv": [0, 0, 4, 5], "texture": "#0"},
				"east": {"uv": [0, 0, 4.1, 5], "texture": "#missing"},
				"south": {"uv": [0, 0, 4, 5], "texture": "#0"},
				"west": {"uv": [0, 0, 4.1, 5], "texture": "#0"},
				"up": {"uv": [0, 0, 4, 4.1], "texture": "#missing"},
				"down": {"uv": [0, 0, 4, 4.1], "texture": "#0"}
			}
		},
		{
			"name": "side2",
			"from": [5.35, -0.4, -5],
			"to": [8.35, 3.6, -2],
			"rotation": {"angle": 45, "axis": "z", "origin": [4.85, 2.6, 3]},
			"faces": {
				"north": {"uv": [0, 0, 3, 4], "texture": "#0"},
				"east": {"uv": [0, 0, 4, 4], "texture": "#missing"},
				"south": {"uv": [0, 0, 3, 4], "texture": "#0"},
				"west": {"uv": [0, 0, 4, 4], "texture": "#0"},
				"up": {"uv": [0, 0, 3, 4], "texture": "#0"},
				"down": {"uv": [0, 0, 3, 4], "texture": "#0"}
			}
		},
		{
			"name": "side3",
			"from": [8, 3, -5],
			"to": [12, 8, -1.9],
			"rotation": {"angle": -22.5, "axis": "z", "origin": [12.5, 5, 3]},
			"faces": {
				"north": {"uv": [0, 0, 4, 5], "texture": "#0"},
				"east": {"uv": [0, 0, 4.1, 5], "texture": "#0"},
				"south": {"uv": [0, 0, 4, 5], "texture": "#0"},
				"west": {"uv": [0, 0, 4.1, 5], "texture": "#missing"},
				"up": {"uv": [0, 0, 4, 4.1], "texture": "#missing"},
				"down": {"uv": [0, 0, 4, 4.1], "texture": "#0"}
			}
		},
		{
			"name": "side4",
			"from": [7.65, -0.4, -5],
			"to": [10.65, 3.6, -2],
			"rotation": {"angle": -45, "axis": "z", "origin": [11.15, 2.6, 3]},
			"faces": {
				"north": {"uv": [0, 0, 3, 4], "texture": "#0"},
				"east": {"uv": [0, 0, 4, 4], "texture": "#0"},
				"south": {"uv": [0, 0, 3, 4], "texture": "#0"},
				"west": {"uv": [0, 0, 4, 4], "texture": "#missing"},
				"up": {"uv": [0, 0, 3, 4], "texture": "#0"},
				"down": {"uv": [0, 0, 3, 4], "texture": "#0"}
			}
		},
		{
			"name": "bottom",
			"from": [7, 1, -5],
			"to": [9, 9, -2],
			"faces": {
				"north": {"uv": [0, 0, 4, 8], "texture": "#0"},
				"east": {"uv": [0, 0, 4, 8], "texture": "#0"},
				"south": {"uv": [0, 0, 4, 8], "texture": "#0"},
				"west": {"uv": [0, 0, 4, 8], "texture": "#0"},
				"up": {"uv": [0, 0, 4, 4], "texture": "#missing"},
				"down": {"uv": [0, 0, 4, 4], "texture": "#0"}
			}
		},
		{
			"from": [2, 7, -5.1],
			"to": [14, 10, -3.09],
			"faces": {
				"north": {"uv": [0, 0, 14, 3], "texture": "#1"},
				"east": {"uv": [0, 0, 3, 3], "texture": "#1"},
				"south": {"uv": [0, 0, 14, 3], "texture": "#1"},
				"west": {"uv": [0, 0, 3, 3], "texture": "#1"},
				"up": {"uv": [0, 0, 14, 3], "texture": "#1"},
				"down": {"uv": [0, 0, 14, 3], "texture": "#1"}
			}
		},
		{
			"name": "side1",
			"from": [5, 3, -6],
			"to": [9, 8, -3.9],
			"rotation": {"angle": 22.5, "axis": "z", "origin": [4.5, 5, 1]},
			"faces": {
				"north": {"uv": [0, 0, 4, 5], "texture": "#0"},
				"east": {"uv": [0, 0, 4.1, 5], "texture": "#missing"},
				"south": {"uv": [0, 0, 4, 5], "texture": "#0"},
				"west": {"uv": [0, 0, 4.1, 5], "texture": "#0"},
				"up": {"uv": [0, 0, 4, 4.1], "texture": "#missing"},
				"down": {"uv": [0, 0, 4, 4.1], "texture": "#0"}
			}
		},
		{
			"name": "side2",
			"from": [6.35, 0.6, -6],
			"to": [9.35, 3.6, -4],
			"rotation": {"angle": 45, "axis": "z", "origin": [5.85, 2.6, 1]},
			"faces": {
				"north": {"uv": [0, 0, 3, 4], "texture": "#0"},
				"east": {"uv": [0, 0, 4, 4], "texture": "#missing"},
				"south": {"uv": [0, 0, 3, 4], "texture": "#0"},
				"west": {"uv": [0, 0, 4, 4], "texture": "#0"},
				"up": {"uv": [0, 0, 3, 4], "texture": "#0"},
				"down": {"uv": [0, 0, 3, 4], "texture": "#0"}
			}
		},
		{
			"name": "side3",
			"from": [7, 3, -6],
			"to": [11, 8, -3.9],
			"rotation": {"angle": -22.5, "axis": "z", "origin": [11.5, 5, 1]},
			"faces": {
				"north": {"uv": [0, 0, 4, 5], "texture": "#0"},
				"east": {"uv": [0, 0, 4.1, 5], "texture": "#0"},
				"south": {"uv": [0, 0, 4, 5], "texture": "#0"},
				"west": {"uv": [0, 0, 4.1, 5], "texture": "#missing"},
				"up": {"uv": [0, 0, 4, 4.1], "texture": "#missing"},
				"down": {"uv": [0, 0, 4, 4.1], "texture": "#0"}
			}
		},
		{
			"name": "side4",
			"from": [6.65, 0.6, -6],
			"to": [9.65, 3.6, -4],
			"rotation": {"angle": -45, "axis": "z", "origin": [10.15, 2.6, 1]},
			"faces": {
				"north": {"uv": [0, 0, 3, 4], "texture": "#0"},
				"east": {"uv": [0, 0, 4, 4], "texture": "#0"},
				"south": {"uv": [0, 0, 3, 4], "texture": "#0"},
				"west": {"uv": [0, 0, 4, 4], "texture": "#missing"},
				"up": {"uv": [0, 0, 3, 4], "texture": "#0"},
				"down": {"uv": [0, 0, 3, 4], "texture": "#0"}
			}
		},
		{
			"from": [3, 7, -6.1],
			"to": [13, 10, -5.09],
			"faces": {
				"north": {"uv": [0, 0, 14, 3], "texture": "#1"},
				"east": {"uv": [0, 0, 3, 3], "texture": "#1"},
				"south": {"uv": [0, 0, 14, 3], "texture": "#1"},
				"west": {"uv": [0, 0, 3, 3], "texture": "#1"},
				"up": {"uv": [0, 0, 14, 3], "texture": "#1"},
				"down": {"uv": [0, 0, 14, 3], "texture": "#1"}
			}
		},
		{
			"from": [6.49, 1, -6.8],
			"to": [9.51, 6, -4.8],
			"rotation": {"angle": -22.5, "axis": "x", "origin": [8, 3.5, -6.5]},
			"faces": {
				"north": {"uv": [0, 0, 3.02, 5], "texture": "#3"},
				"east": {"uv": [0, 10.99969, 2, 15.99969], "texture": "#3"},
				"south": {"uv": [7.99944, 0, 11.01944, 5], "texture": "#3"},
				"west": {"uv": [12.99955, 0, 14.99955, 5], "texture": "#3"},
				"up": {"uv": [0, 0, 3.02, 2], "texture": "#3"},
				"down": {"uv": [0, 0, 3.02, 2], "texture": "#3"}
			}
		},
		{
			"from": [6.5, 5.68, -7.73],
			"to": [9.5, 10.68, -4.73],
			"faces": {
				"north": {"uv": [0.99948, 0.99948, 3.99881, 5.99867], "texture": "#2"},
				"east": {"uv": [11.99916, 2.99934, 14.9985, 7.99853], "texture": "#2"},
				"south": {"uv": [9.9993, 7.99944, 12.99864, 12.99864], "texture": "#2"},
				"west": {"uv": [6.99997, 2.99934, 9.9993, 7.99853], "texture": "#2"},
				"up": {"uv": [5.99958, 5.99958, 8.99892, 8.99892], "texture": "#2"},
				"down": {"uv": [0, 0, 3, 3], "texture": "#missing"}
			}
		},
		{
			"from": [6.49, 10, -11],
			"to": [9.51, 13, -2.5],
			"rotation": {"angle": 22.5, "axis": "x", "origin": [8, 11.5, -10.5]},
			"faces": {
				"north": {"uv": [0, 0, 3.02, 3], "rotation": 180, "texture": "#5"},
				"east": {"uv": [0, 0, 3, 8.5], "rotation": 90, "texture": "#5"},
				"south": {"uv": [0, 0, 3.02, 3], "texture": "#5"},
				"west": {"uv": [0, 0, 3, 8.5], "rotation": 270, "texture": "#5"},
				"up": {"uv": [0, 0, 3.02, 8.5], "texture": "#5"},
				"down": {"uv": [0, 0, 3.02, 8.5], "rotation": 180, "texture": "#5"}
			}
		},
		{
			"from": [7, 10.5, -13],
			"to": [9, 12.5, -10.5],
			"rotation": {"angle": 22.5, "axis": "x", "origin": [8, 11.5, -10.5]},
			"faces": {
				"north": {"uv": [2.99934, 8.99983, 4.9992, 10.99969], "rotation": 180, "texture": "#4"},
				"east": {"uv": [4.9992, 7.99944, 6.99906, 10.49858], "rotation": 90, "texture": "#4"},
				"south": {"uv": [6.99997, 5.99958, 8.99983, 7.99944], "texture": "#4"},
				"west": {"uv": [8.99983, 3.99972, 10.99969, 6.49886], "rotation": 270, "texture": "#4"},
				"up": {"uv": [11.99916, 3.99972, 13.99902, 6.49886], "texture": "#4"},
				"down": {"uv": [2.99934, 5.99958, 4.9992, 8.49872], "rotation": 180, "texture": "#4"}
			}
		},
		{
			"from": [7.5, 11, -16],
			"to": [8.5, 12, -12.5],
			"rotation": {"angle": 22.5, "axis": "x", "origin": [8, 11.5, -10.5]},
			"faces": {
				"north": {"uv": [7.99944, 2.99934, 8.99801, 3.9979], "rotation": 180, "texture": "#4"},
				"east": {"uv": [0, 10.99969, 0.99948, 14.49921], "rotation": 90, "texture": "#4"},
				"south": {"uv": [9.9993, 2.99934, 10.99787, 3.9979], "texture": "#4"},
				"west": {"uv": [13.99993, 10.99969, 14.99941, 14.49921], "rotation": 270, "texture": "#4"},
				"up": {"uv": [0.99948, 4.9992, 1.99895, 8.49872], "texture": "#4"},
				"down": {"uv": [2.99934, 7.99944, 3.99881, 11.49897], "rotation": 180, "texture": "#4"}
			}
		},
		{
			"name": "back",
			"from": [5, 1, 14],
			"to": [11, 7, 17],
			"rotation": {"angle": 22.5, "axis": "x", "origin": [8, 3, 16.5]},
			"faces": {
				"north": {"uv": [0, 0, 6, 6], "texture": "#3"},
				"east": {"uv": [0, 0, 3, 6], "texture": "#3"},
				"south": {"uv": [0, 0, 5.99958, 5.99958], "texture": "#3"},
				"west": {"uv": [0, 0, 3, 6], "texture": "#3"},
				"up": {"uv": [0, 0, 6, 3], "texture": "#3"},
				"down": {"uv": [0, 0, 6, 3], "texture": "#3"}
			}
		},
		{
			"name": "back2",
			"from": [4, 6, 15],
			"to": [12, 11, 19],
			"faces": {
				"north": {"uv": [0, 0, 8, 5], "texture": "#2"},
				"east": {"uv": [0.99948, 0.99948, 4.9992, 5.99867], "texture": "#2"},
				"south": {"uv": [0.99948, 0.99948, 8.99892, 5.99867], "texture": "#2"},
				"west": {"uv": [0.99948, 0.99948, 4.9992, 5.99867], "texture": "#2"},
				"up": {"uv": [0.99948, 0.99948, 8.99892, 4.9992], "texture": "#2"},
				"down": {"uv": [0.99948, 0.99948, 8.99892, 4.9992], "texture": "#2"}
			}
		},
		{
			"name": "spike",
			"from": [7, 7.5, 18],
			"to": [9, 9.5, 21],
			"faces": {
				"north": {"uv": [2.99934, 5.99958, 4.9992, 7.99944], "texture": "#4"},
				"east": {"uv": [4.9992, 0, 7.99853, 1.99986], "texture": "#4"},
				"south": {"uv": [0.99948, 0.99948, 2.99934, 2.99843], "texture": "#4"},
				"west": {"uv": [1.99986, 0, 4.9992, 1.99986], "texture": "#4"},
				"up": {"uv": [6.99997, 7.99944, 8.99983, 10.99878], "texture": "#4"},
				"down": {"uv": [0, 1.99986, 1.99986, 4.9992], "texture": "#4"}
			}
		},
		{
			"name": "spike2",
			"from": [7, 10, 16],
			"to": [9, 13, 18],
			"faces": {
				"north": {"uv": [0.99948, 11.99916, 2.99934, 14.9985], "texture": "#4"},
				"east": {"uv": [0.99948, 10.99969, 2.99934, 13.99902], "texture": "#4"},
				"south": {"uv": [4.9992, 11.99916, 6.99906, 14.9985], "texture": "#4"},
				"west": {"uv": [9.9993, 3.99972, 11.99916, 6.99906], "texture": "#4"},
				"up": {"uv": [0, 1.99986, 1.99986, 3.99972], "texture": "#4"},
				"down": {"uv": [11.99916, 5.99958, 13.99902, 7.99944], "texture": "#4"}
			}
		}
	],
	"display": {
		"ground": {
			"scale": [4, 4, 4],
			"translation": [0, 32, 0]
		},
		"head": {
			"scale": [4, 4, 4],
			"translation": [0, 0, 8]
		}
	},
	"groups": [
		{
			"name": "hull1",
			"isOpen": true,
			"export": true,
			"visibility": true,
			"children": [0, 1, 2, 3, 4, 5]
		},
		{
			"name": "hull2",
			"isOpen": true,
			"export": true,
			"visibility": true,
			"children": [6, 7, 8, 9, 10, 11]
		},
		{
			"name": "Hull3",
			"isOpen": true,
			"export": true,
			"visibility": true,
			"children": [12, 13, 14, 15, 16, 17]
		},
		{
			"name": "group",
			"isOpen": true,
			"export": true,
			"visibility": true,
			"children": [18, 19, 20, 21, 22]
		},
		{
			"name": "Front",
			"isOpen": true,
			"export": true,
			"visibility": true,
			"children": [23, 24, 25, 26, 27]
		},
		{
			"name": "Back",
			"isOpen": true,
			"export": true,
			"visibility": true,
			"children": [28, 29, 30, 31]
		}
	]
}