{
	"credit": "Made with Blockbench",
	"textures": {
		"0": "zelda/warship/stone_slab_top",
		"1": "zelda/warship/light_gray_concrete_powder",
		"3": "zelda/warship/planks_acacia",
		"4": "zelda/warship/gold_block",
		"5": "zelda/warship/gray_concrete",
		"particle": "zelda/warship/stone_slab_top"
	},
	"elements": [
		{
			"from": [0, 11, 6],
			"to": [4, 15, 10],
			"faces": {
				"north": {"uv": [0, 0, 4, 4], "texture": "#5"},
				"east": {"uv": [0, 0, 4, 4], "texture": "#5"},
				"south": {"uv": [0, 0, 4, 4], "texture": "#5"},
				"west": {"uv": [0, 0, 4, 4], "texture": "#5"},
				"up": {"uv": [0, 0, 4, 4], "texture": "#5"},
				"down": {"uv": [0, 0, 4, 4], "texture": "#5"}
			}
		},
		{
			"from": [-5, 7.9, 6.5],
			"to": [0, 11.9, 9.5],
			"rotation": {"angle": -22.5, "axis": "z", "origin": [8, 8, 8]},
			"faces": {
				"north": {"uv": [0, 0, 5, 4], "texture": "#5"},
				"east": {"uv": [0, 0, 3, 4], "texture": "#5"},
				"south": {"uv": [0, 0, 5, 4], "texture": "#5"},
				"west": {"uv": [0, 0, 3, 4], "texture": "#5"},
				"up": {"uv": [0, 0, 5, 3], "texture": "#5"},
				"down": {"uv": [0, 0, 5, 3], "texture": "#5"}
			}
		},
		{
			"from": [-1.2, 17, 7],
			"to": [1.8, 22, 9],
			"rotation": {"angle": 22.5, "axis": "z", "origin": [8, 8, 8]},
			"faces": {
				"north": {"uv": [0, 0, 5, 3], "rotation": 270, "texture": "#5"},
				"east": {"uv": [0, 0, 5, 2], "rotation": 270, "texture": "#5"},
				"south": {"uv": [0, 0, 5, 3], "rotation": 90, "texture": "#5"},
				"west": {"uv": [0, 0, 5, 2], "rotation": 270, "texture": "#5"},
				"up": {"uv": [0, 0, 2, 3], "rotation": 90, "texture": "#5"},
				"down": {"uv": [0, 0, 2, 3], "rotation": 270, "texture": "#5"}
			}
		},
		{
			"from": [-8.4, 11.4, 7.5],
			"to": [-6.27, 16.4, 8.5],
			"rotation": {"angle": -22.5, "axis": "z", "origin": [8, 8, 8]},
			"faces": {
				"north": {"uv": [0, 0, 5, 2.13], "rotation": 270, "texture": "#5"},
				"east": {"uv": [0, 0, 5, 1], "rotation": 270, "texture": "#5"},
				"south": {"uv": [0, 0, 5, 2.13], "rotation": 90, "texture": "#5"},
				"west": {"uv": [0, 0, 5, 1], "rotation": 270, "texture": "#5"},
				"up": {"uv": [0, 0, 1, 2.13], "rotation": 90, "texture": "#5"},
				"down": {"uv": [0, 0, 1, 2.13], "rotation": 270, "texture": "#5"}
			}
		},
		{
			"from": [-10.3, 9.5, 7.75],
			"to": [-8.4, 10.8, 8.25],
			"rotation": {"angle": -45, "axis": "z", "origin": [8, 8, 8]},
			"faces": {
				"north": {"uv": [0, 0, 1.3, 1.9], "rotation": 270, "texture": "#5"},
				"east": {"uv": [0, 0, 1.3, 0.5], "rotation": 270, "texture": "#5"},
				"south": {"uv": [0, 0, 1.3, 1.9], "rotation": 90, "texture": "#5"},
				"west": {"uv": [0, 0, 1.3, 0.5], "rotation": 270, "texture": "#5"},
				"up": {"uv": [0, 0, 0.5, 1.9], "rotation": 90, "texture": "#5"},
				"down": {"uv": [0, 0, 0.5, 1.9], "rotation": 270, "texture": "#5"}
			}
		},
		{
			"from": [10.6, 24.8, 7.85],
			"to": [12.1, 25.85, 8.15],
			"rotation": {"angle": 45, "axis": "z", "origin": [8, 8, 8]},
			"faces": {
				"north": {"uv": [0, 0, 1.5, 1.05], "rotation": 180, "texture": "#5"},
				"east": {"uv": [0, 0, 0.3, 1.05], "texture": "#5"},
				"south": {"uv": [0, 0, 1.5, 1.05], "rotation": 180, "texture": "#5"},
				"west": {"uv": [0, 0, 0.3, 1.05], "rotation": 180, "texture": "#5"},
				"up": {"uv": [0, 0, 1.5, 0.3], "texture": "#5"},
				"down": {"uv": [0, 0, 1.5, 0.3], "rotation": 180, "texture": "#5"}
			}
		},
		{
			"from": [5, 25.1, 7.95],
			"to": [7.2, 25.75, 8.05],
			"rotation": {"angle": 22.5, "axis": "z", "origin": [8, 8, 8]},
			"faces": {
				"north": {"uv": [0, 0, 2.2, 0.65], "rotation": 180, "texture": "#5"},
				"east": {"uv": [0, 0, 0.1, 0.65], "texture": "#5"},
				"south": {"uv": [0, 0, 2.2, 0.65], "rotation": 180, "texture": "#5"},
				"west": {"uv": [0, 0, 0.1, 0.65], "rotation": 180, "texture": "#5"},
				"up": {"uv": [0, 0, 2.2, 0.1], "texture": "#5"},
				"down": {"uv": [0, 0, 2.2, 0.1], "rotation": 180, "texture": "#5"}
			}
		},
		{
			"from": [6, 16, 6],
			"to": [10, 19, 10],
			"faces": {
				"north": {"uv": [4.9992, 1.99986, 8.99892, 4.9992], "texture": "#4"},
				"east": {"uv": [4.9992, 5.99958, 8.99892, 8.99892], "texture": "#4"},
				"south": {"uv": [2.99934, 9.9993, 6.99906, 12.99864], "texture": "#4"},
				"west": {"uv": [2.99934, 3.99972, 6.99906, 6.99906], "texture": "#4"},
				"up": {"uv": [3.99972, 3.99972, 7.99944, 7.99944], "texture": "#4"}
			}
		},
		{
			"from": [6.5, 18, 6.5],
			"to": [9.5, 21, 9.5],
			"faces": {
				"north": {"uv": [0, 0, 3, 3], "texture": "#3"},
				"east": {"uv": [9.9993, 0, 12.99864, 2.99934], "texture": "#3"},
				"south": {"uv": [2.99934, 0, 5.99867, 2.99934], "texture": "#3"},
				"west": {"uv": [6.99997, 0, 9.9993, 2.99934], "texture": "#3"},
				"up": {"uv": [0, 3.99972, 2.99934, 6.99906], "texture": "#3"}
			}
		},
		{
			"from": [7, 20, 7],
			"to": [9, 29, 9],
			"faces": {
				"north": {"uv": [0, 0, 2, 9], "texture": "#3"},
				"east": {"uv": [5.99958, 0, 7.99944, 8.99985], "texture": "#3"},
				"south": {"uv": [1.99986, 0, 3.99972, 8.99985], "texture": "#3"},
				"west": {"uv": [3.99972, 0, 5.99958, 8.99985], "texture": "#3"},
				"up": {"uv": [0, 0, 2, 2], "texture": "#3"}
			}
		},
		{
			"from": [7.5, 28, 7.5],
			"to": [8.5, 32, 8.5],
			"faces": {
				"north": {"uv": [0, 0, 1, 4], "texture": "#4"},
				"east": {"uv": [0, 0, 1, 4], "texture": "#4"},
				"south": {"uv": [0, 0, 1, 4], "texture": "#4"},
				"west": {"uv": [0, 0, 1, 4], "texture": "#4"},
				"up": {"uv": [0, 0, 1, 1], "texture": "#4"}
			}
		},
		{
			"from": [2, 0, 2],
			"to": [14, 5, 14],
			"faces": {
				"north": {"uv": [2.99934, 6.99997, 14.99849, 11.99916], "texture": "#1"},
				"east": {"uv": [2.99934, 5.99958, 14.99849, 10.99878], "texture": "#1"},
				"south": {"uv": [0, 4.9992, 11.99915, 9.99839], "texture": "#1"},
				"west": {"uv": [0, 10.99969, 11.99915, 15.99888], "texture": "#1"},
				"up": {"uv": [2.99934, 3.99972, 14.99849, 15.99887], "texture": "#1"},
				"down": {"uv": [0, 0, 12, 12], "texture": "#1"}
			}
		},
		{
			"from": [5, 0.1, 1],
			"to": [11, 4.9, 3],
			"faces": {
				"north": {"uv": [4.9992, 0, 10.9988, 4.89915], "texture": "#0"},
				"east": {"uv": [8.99983, 0, 10.99969, 4.89915], "texture": "#0"},
				"south": {"uv": [7.99944, 0, 13.99904, 4.89915], "texture": "#0"},
				"west": {"uv": [4.9992, 0, 6.99906, 4.89915], "texture": "#0"},
				"up": {"uv": [3.99972, 0, 9.99932, 1.99986], "texture": "#0"},
				"down": {"uv": [6.99997, 0, 12.99957, 1.99986], "texture": "#0"}
			}
		},
		{
			"from": [1, 0, 5],
			"to": [3, 11, 11],
			"faces": {
				"north": {"uv": [7.99944, 3.99972, 9.9993, 14.99942], "texture": "#0"},
				"east": {"uv": [0.99948, 4.9992, 6.99908, 15.9989], "texture": "#0"},
				"south": {"uv": [10.99969, 1.99986, 12.99955, 12.99956], "texture": "#0"},
				"west": {"uv": [7.99944, 1.99986, 13.99904, 12.99956], "texture": "#0"},
				"up": {"uv": [0, 0, 2, 6], "texture": "#0"},
				"down": {"uv": [0, 0, 2, 6], "texture": "#0"}
			}
		},
		{
			"from": [13, 0, 5],
			"to": [15, 11, 11],
			"faces": {
				"north": {"uv": [9.9993, 2.99934, 11.99916, 13.99904], "texture": "#0"},
				"east": {"uv": [2.99934, 2.99934, 8.99894, 13.99904], "texture": "#0"},
				"south": {"uv": [5.99958, 2.99934, 7.99944, 13.99904], "texture": "#0"},
				"west": {"uv": [0.99948, 0.99948, 6.99908, 12.99863], "texture": "#0"},
				"up": {"uv": [8.99983, 5.99958, 10.99969, 11.99918], "texture": "#0"},
				"down": {"uv": [8.99983, 4.9992, 10.99969, 10.9988], "texture": "#0"}
			}
		},
		{
			"from": [2, 5, 2],
			"to": [6, 12, 14],
			"faces": {
				"north": {"uv": [10.99969, 7.99944, 14.99941, 14.99939], "texture": "#1"},
				"east": {"uv": [2.99934, 3.99972, 14.99849, 10.99967], "texture": "#1"},
				"south": {"uv": [9.9993, 4.9992, 13.99902, 11.99915], "texture": "#1"},
				"west": {"uv": [0, 7.99944, 11.99915, 14.99939], "texture": "#1"},
				"up": {"uv": [4.9992, 1.99986, 8.99892, 13.99901], "texture": "#1"},
				"down": {"uv": [10.99969, 1.99986, 14.99941, 13.99901], "texture": "#1"}
			}
		},
		{
			"from": [5, 0.1, 8],
			"to": [11, 12.1, 15],
			"faces": {
				"north": {"uv": [6.99997, 1.99986, 12.99957, 14.09906], "texture": "#0"},
				"east": {"uv": [7.99944, 0.99948, 14.99939, 13.09868], "texture": "#0"},
				"south": {"uv": [0.99948, 0.99948, 6.99908, 13.09868], "texture": "#0"},
				"west": {"uv": [6.99997, 2.99934, 13.99992, 15.09854], "texture": "#0"},
				"up": {"uv": [0.99948, 0, 6.99908, 6.99995], "texture": "#0"},
				"down": {"uv": [1.99986, 0, 7.99946, 6.99995], "texture": "#0"}
			}
		},
		{
			"from": [10, 5, 2],
			"to": [14, 12, 14],
			"faces": {
				"north": {"uv": [0, 0, 4, 7], "texture": "#1"},
				"east": {"uv": [0, 0, 12, 7], "texture": "#1"},
				"south": {"uv": [0, 0, 4, 7], "texture": "#1"},
				"west": {"uv": [0, 0, 12, 7], "texture": "#1"},
				"up": {"uv": [0, 0, 4, 12], "texture": "#1"},
				"down": {"uv": [0, 0, 4, 12], "texture": "#1"}
			}
		},
		{
			"from": [4, 12, 4],
			"to": [12, 16, 12],
			"faces": {
				"north": {"uv": [0.99948, 0.99948, 8.99893, 4.9992], "texture": "#0"},
				"east": {"uv": [0.99948, 8.99983, 8.99893, 12.99955], "texture": "#0"},
				"south": {"uv": [0.99948, 5.99958, 8.99893, 9.9993], "texture": "#0"},
				"west": {"uv": [5.99958, 6.99997, 13.99903, 10.99969], "texture": "#0"},
				"up": {"uv": [3.99972, 3.99972, 11.99917, 11.99917], "texture": "#0"}
			}
		},
		{
			"from": [3, 11, 3],
			"to": [13, 14, 13],
			"faces": {
				"north": {"uv": [0, 0, 10, 3], "texture": "#1"},
				"east": {"uv": [0, 0, 10, 3], "texture": "#1"},
				"south": {"uv": [0, 0, 10, 3], "texture": "#1"},
				"west": {"uv": [0, 0, 10, 3], "texture": "#1"},
				"up": {"uv": [0, 0, 10, 10], "texture": "#1"},
				"down": {"uv": [0, 0, 10, 10], "texture": "#1"}
			}
		},
		{
			"from": [12, 11, 6],
			"to": [16, 15, 10],
			"faces": {
				"north": {"uv": [4, 0, 0, 4], "texture": "#5"},
				"east": {"uv": [4, 0, 0, 4], "texture": "#5"},
				"south": {"uv": [4, 0, 0, 4], "texture": "#5"},
				"west": {"uv": [4, 0, 0, 4], "texture": "#5"},
				"up": {"uv": [4, 0, 0, 4], "texture": "#5"},
				"down": {"uv": [4, 0, 0, 4], "texture": "#5"}
			}
		},
		{
			"from": [16, 7.9, 6.5],
			"to": [21, 11.9, 9.5],
			"rotation": {"angle": 22.5, "axis": "z", "origin": [8, 8, 8]},
			"faces": {
				"north": {"uv": [5, 0, 0, 4], "texture": "#5"},
				"east": {"uv": [3, 0, 0, 4], "texture": "#5"},
				"south": {"uv": [5, 0, 0, 4], "texture": "#5"},
				"west": {"uv": [3, 0, 0, 4], "texture": "#5"},
				"up": {"uv": [5, 0, 0, 3], "texture": "#5"},
				"down": {"uv": [5, 0, 0, 3], "texture": "#5"}
			}
		},
		{
			"from": [14.2, 17, 7],
			"to": [17.2, 22, 9],
			"rotation": {"angle": -22.5, "axis": "z", "origin": [8, 8, 8]},
			"faces": {
				"north": {"uv": [0, 3, 5, 0], "rotation": 270, "texture": "#5"},
				"east": {"uv": [0, 2, 5, 0], "rotation": 270, "texture": "#5"},
				"south": {"uv": [0, 3, 5, 0], "rotation": 90, "texture": "#5"},
				"west": {"uv": [0, 2, 5, 0], "rotation": 270, "texture": "#5"},
				"up": {"uv": [0, 3, 2, 0], "rotation": 90, "texture": "#5"},
				"down": {"uv": [0, 3, 2, 0], "rotation": 270, "texture": "#5"}
			}
		},
		{
			"from": [22.27, 11.4, 7.5],
			"to": [24.4, 16.4, 8.5],
			"rotation": {"angle": 22.5, "axis": "z", "origin": [8, 8, 8]},
			"faces": {
				"north": {"uv": [0, 2.13, 5, 0], "rotation": 270, "texture": "#5"},
				"east": {"uv": [0, 1, 5, 0], "rotation": 270, "texture": "#5"},
				"south": {"uv": [0, 2.13, 5, 0], "rotation": 90, "texture": "#5"},
				"west": {"uv": [0, 1, 5, 0], "rotation": 270, "texture": "#5"},
				"up": {"uv": [0, 2.13, 1, 0], "rotation": 90, "texture": "#5"},
				"down": {"uv": [0, 2.13, 1, 0], "rotation": 270, "texture": "#5"}
			}
		},
		{
			"from": [24.4, 9.5, 7.75],
			"to": [26.3, 10.8, 8.25],
			"rotation": {"angle": 45, "axis": "z", "origin": [8, 8, 8]},
			"faces": {
				"north": {"uv": [0, 1.9, 1.3, 0], "rotation": 270, "texture": "#5"},
				"east": {"uv": [0, 0.5, 1.3, 0], "rotation": 270, "texture": "#5"},
				"south": {"uv": [0, 1.9, 1.3, 0], "rotation": 90, "texture": "#5"},
				"west": {"uv": [0, 0.5, 1.3, 0], "rotation": 270, "texture": "#5"},
				"up": {"uv": [0, 1.9, 0.5, 0], "rotation": 90, "texture": "#5"},
				"down": {"uv": [0, 1.9, 0.5, 0], "rotation": 270, "texture": "#5"}
			}
		},
		{
			"from": [3.9, 24.8, 7.85],
			"to": [5.4, 25.85, 8.15],
			"rotation": {"angle": -45, "axis": "z", "origin": [8, 8, 8]},
			"faces": {
				"north": {"uv": [1.5, 0, 0, 1.05], "rotation": 180, "texture": "#5"},
				"east": {"uv": [0.3, 0, 0, 1.05], "rotation": 180, "texture": "#5"},
				"south": {"uv": [1.5, 0, 0, 1.05], "rotation": 180, "texture": "#5"},
				"west": {"uv": [0.3, 0, 0, 1.05], "texture": "#5"},
				"up": {"uv": [1.5, 0, 0, 0.3], "texture": "#5"},
				"down": {"uv": [1.5, 0, 0, 0.3], "rotation": 180, "texture": "#5"}
			}
		},
		{
			"from": [8.8, 25.1, 7.95],
			"to": [11, 25.75, 8.05],
			"rotation": {"angle": -22.5, "axis": "z", "origin": [8, 8, 8]},
			"faces": {
				"north": {"uv": [2.2, 0, 0, 0.65], "rotation": 180, "texture": "#5"},
				"east": {"uv": [0.1, 0, 0, 0.65], "rotation": 180, "texture": "#5"},
				"south": {"uv": [2.2, 0, 0, 0.65], "rotation": 180, "texture": "#5"},
				"west": {"uv": [0.1, 0, 0, 0.65], "texture": "#5"},
				"up": {"uv": [2.2, 0, 0, 0.1], "texture": "#5"},
				"down": {"uv": [2.2, 0, 0, 0.1], "rotation": 180, "texture": "#5"}
			}
		}
	],
	"display": {
		"head": {
			"scale": [3.025, 3.025, 3.025]
		}
	},
	"groups": [
		{
			"name": "Horns Left",
			"isOpen": true,
			"export": true,
			"visibility": true,
			"children": [0, 1, 2, 3, 4, 5, 6]
		},
		{
			"name": "Flag",
			"isOpen": true,
			"export": true,
			"visibility": true,
			"children": [7, 8, 9, 10]
		},
		{
			"name": "Base",
			"isOpen": true,
			"export": true,
			"visibility": true,
			"children": [11, 12, 13, 14, 15, 16, 17, 18, 19]
		},
		{
			"name": "Horn Right",
			"isOpen": true,
			"export": true,
			"visibility": true,
			"children": [20, 21, 22, 23, 24, 25, 26]
		}
	]
}