{
	"__comment": "Designed by HanFox with Cubik - http://bdcraft.net",
	"parent": "block/block",
	"textures": {
		"particle": "blocks/planks_oak",
		"post": "blocks/_bdc/fence_gate_02",
		"top": "blocks/_bdc/fence_crossbar_01"
	},
	"elements": [
		{
			"__comment": "Inner vertical post of left-hand gate door",
			"from": [ 6, 6, 7 ],
			"to": [ 8, 15, 9 ],
			"faces": {
				"down": { "uv": [ 0, 12, 4, 16 ], "texture": "#top" },
				"up": { "uv": [ 0, 12, 4, 16 ], "texture": "#top" },
				"north": { "uv": [ 14, 1.5, 16, 10.5 ], "texture": "#post" },
				"south": { "uv": [ 14, 5, 16, 14 ], "texture": "#post" },
				"west": { "uv": [ 14, 0, 16, 9 ], "texture": "#post" },
				"east": { "uv": [ 14, 7, 16, 16 ], "texture": "#post" }
			}
		},
		{
			"__comment": "Inner vertical post of right-hand gate door",
			"from": [ 8, 6, 7 ],
			"to": [ 10, 15, 9 ],
			"faces": {
				"down": { "uv": [ 0, 12, 4, 16 ], "texture": "#top" },
				"up": { "uv": [ 0, 12, 4, 16 ], "texture": "#top" },
				"north": { "uv": [ 14, 0, 16, 9 ], "texture": "#post" },
				"south": { "uv": [ 14, 7, 16, 16 ], "texture": "#post" },
				"west": { "uv": [ 14, 2, 16, 11 ], "texture": "#post" },
				"east": { "uv": [ 14, 3.5, 16, 12.5 ], "texture": "#post" }
			}
		},
		{
			"__comment": "Upper horizontal bar of left-hand gate door",
			"from": [ 2, 12, 7 ],
			"to": [ 6, 15, 9 ],
			"faces": {
				"down": { "uv": [ 8, 0, 6, 2 ], "texture": "#top", "rotation": 270 },
				"up": { "uv": [ 8, 0, 6, 2 ], "texture": "#top", "rotation": 270 },
				"north": { "uv": [ 0, 0, 4, 3 ], "texture": "#post" },
				"south": { "uv": [ 0, 3, 4, 6 ], "texture": "#post" }
			}
		},
		{
			"__comment": "Lower horizontal bar of left-hand gate door",
			"from": [ 2, 7, 7 ],
			"to": [ 6, 10, 9 ],
			"faces": {
				"down": { "uv": [ 8, 0, 6, 2 ], "texture": "#top", "rotation": 270 },
				"up": { "uv": [ 8, 0, 6, 2 ], "texture": "#top", "rotation": 270 },
				"north": { "uv": [ 4, 0, 0, 3 ], "texture": "#post" },
				"south": { "uv": [ 4, 3, 0, 6 ], "texture": "#post" }
			}
		},
		{
			"__comment": "Upper horizontal bar of right-hand gate door",
			"from": [ 10, 12, 7 ],
			"to": [ 14, 15, 9 ],
			"faces": {
				"down": { "uv": [ 8, 0, 6, 2 ], "texture": "#top", "rotation": 270 },
				"up": { "uv": [ 8, 0, 6, 2 ], "texture": "#top", "rotation": 270 },
				"north": { "uv": [ 4, 3, 0, 6 ], "texture": "#post" },
				"south": { "uv": [ 0, 0, 4, 3 ], "texture": "#post" }
			}
		},
		{
			"__comment": "Lower horizontal bar of right-hand gate door",
			"from": [ 10, 7, 7 ],
			"to": [ 14, 10, 9 ],
			"faces": {
				"down": { "uv": [ 8, 0, 6, 2 ], "texture": "#top", "rotation": 270 },
				"up": { "uv": [ 8, 0, 6, 2 ], "texture": "#top", "rotation": 270 },
				"north": { "uv": [ 0, 3, 4, 6 ], "texture": "#post" },
				"south": { "uv": [ 4, 0, 0, 3 ], "texture": "#post" }
			}
		}
	]
}
