{
	"__comment": "Designed by Sphax with Cubik Studio for PureBDcraft - https://BDcraft.net",
	"parent": "item/_bdc/door",
	"textures": {
		"bottom": "block/jungle_door_bottom",
		"top": "block/jungle_door_top"
	},
	"elements": [ 	 
		{
			"__comment": "Element",
			"from": [ 6.25, 15.5, 12.25 ],
			"to": [ 9.75, 17.5, 13.75 ],
			"faces": {
				"down": { "uv": [ 0, 11.5, 2, 12 ], "texture": "#bottom" },
				"up": { "uv": [ 0, 10, 2, 10.5 ], "texture": "#bottom" },
				"north": { "uv": [ 0, 10, 0.5, 12 ], "texture": "#bottom" },
				"south": { "uv": [ 1.5, 10, 2, 12 ], "texture": "#bottom" },
				"west": { "uv": [ 0, 10, 2, 12 ], "texture": "#bottom" },
				"east": { "uv": [ 0, 10, 2, 12 ], "texture": "#bottom" }
			}
		},
		{
			"__comment": "Element",
			"from": [ 6.5, 26, 0 ],
			"to": [ 9.5, 28, 2 ],
			"faces": {
				"down": { "uv": [ 0, 11.5, 2, 12 ], "texture": "#bottom" },
				"up": { "uv": [ 0, 10, 2, 10.5 ], "texture": "#bottom" },
				"north": { "uv": [ 0, 10, 0.5, 12 ], "texture": "#bottom" },
				"south": { "uv": [ 1.5, 10, 2, 12 ], "texture": "#bottom" },
				"west": { "uv": [ 0, 10, 2, 12 ], "texture": "#bottom" },
				"east": { "uv": [ 0, 10, 2, 12 ], "texture": "#bottom" }
			}
		},
		{
			"__comment": "Element",
			"from": [ 6.5, 15, 0 ],
			"to": [ 9.5, 17, 2 ],
			"faces": {
				"down": { "uv": [ 0, 11.5, 2, 12 ], "texture": "#bottom" },
				"up": { "uv": [ 0, 10, 2, 10.5 ], "texture": "#bottom" },
				"north": { "uv": [ 0, 10, 0.5, 12 ], "texture": "#bottom" },
				"south": { "uv": [ 1.5, 10, 2, 12 ], "texture": "#bottom" },
				"west": { "uv": [ 0, 10, 2, 12 ], "texture": "#bottom" },
				"east": { "uv": [ 0, 10, 2, 12 ], "texture": "#bottom" }
			}
		},
		{
			"__comment": "Element",
			"from": [ 6.5, 4, 0 ],
			"to": [ 9.5, 6, 2 ],
			"faces": {
				"down": { "uv": [ 0, 11.5, 2, 12 ], "texture": "#bottom" },
				"up": { "uv": [ 0, 10, 2, 10.5 ], "texture": "#bottom" },
				"north": { "uv": [ 0, 10, 0.5, 12 ], "texture": "#bottom" },
				"south": { "uv": [ 1.5, 10, 2, 12 ], "texture": "#bottom" },
				"west": { "uv": [ 0, 10, 2, 12 ], "texture": "#bottom" },
				"east": { "uv": [ 0, 10, 2, 12 ], "texture": "#bottom" }
			}
		},
		{
			"__comment": "Element",
			"from": [ 6.5, 16, 11 ],
			"to": [ 9.5, 17, 15 ],
			"faces": {
				"down": { "uv": [ 15.5, 14, 16, 16 ], "texture": "#top" },
				"up": { "uv": [ 10, 14, 10.5, 16 ], "texture": "#top" },
				"north": { "uv": [ 10, 14, 10.5, 16 ], "texture": "#top" },
				"south": { "uv": [ 15.5, 14, 16, 16 ], "texture": "#top" },
				"west": { "uv": [ 11, 15, 15, 16 ], "texture": "#top" },
				"east": { "uv": [ 11, 15, 15, 16 ], "texture": "#top" }
			}
		},
		{
			"__comment": "Element",
			"from": [ 6.5, 13, 11 ],
			"to": [ 9.5, 14, 15 ],
			"faces": {
				"down": { "uv": [ 15.5, 0, 16, 2 ], "texture": "#bottom" },
				"up": { "uv": [ 10, 0, 10.5, 2 ], "texture": "#bottom" },
				"north": { "uv": [ 10, 0, 10.5, 2 ], "texture": "#bottom" },
				"south": { "uv": [ 15.5, 0, 16, 2 ], "texture": "#bottom" },
				"west": { "uv": [ 11, 2, 15, 3 ], "texture": "#bottom" },
				"east": { "uv": [ 11, 2, 15, 3 ], "texture": "#bottom" }
			}
		},
		{
			"__comment": "Element",
			"from": [ 6.5, 14, 14 ],
			"to": [ 9.5, 16, 15 ],
			"faces": {
				"north": { "uv": [ 10, 0, 10.5, 2 ], "texture": "#bottom" },
				"south": { "uv": [ 15.5, 0, 16, 2 ], "texture": "#bottom" },
				"west": { "uv": [ 14, 0, 15, 2 ], "texture": "#bottom" },
				"east": { "uv": [ 11, 0, 12, 2 ], "texture": "#bottom" }
			}
		},
		{
			"__comment": "Element",
			"from": [ 6.5, 19, 4 ],
			"to": [ 9.5, 30, 6 ],
			"faces": {
				"down": { "uv": [ 4, 12.5, 6, 13 ], "texture": "#top", "rotation": 270 },
				"up": { "uv": [ 4, 2, 6, 2.5 ], "texture": "#top", "rotation": 90 },
				"north": { "uv": [ 4, 2, 6, 13 ], "texture": "#top" },
				"south": { "uv": [ 4, 2, 6, 13 ], "texture": "#top" },
				"west": { "uv": [ 4, 2, 6, 13 ], "texture": "#top" },
				"east": { "uv": [ 6, 2, 4, 13 ], "texture": "#top" }
			}
		},
		{
			"__comment": "Element",
			"from": [ 6.5, 20, 3 ],
			"to": [ 9.5, 22, 14 ],
			"faces": {
				"down": { "uv": [ 3, 10, 14, 12 ], "texture": "#top", "rotation": 270 },
				"up": { "uv": [ 3, 10, 14, 12 ], "texture": "#top", "rotation": 270 },
				"north": { "uv": [ 3, 10, 3.5, 12 ], "texture": "#top" },
				"south": { "uv": [ 13.5, 10, 14, 12 ], "texture": "#top" },
				"west": { "uv": [ 3, 10, 14, 12 ], "texture": "#top" },
				"east": { "uv": [ 14, 10, 3, 12 ], "texture": "#top" }
			}
		},
		{
			"__comment": "Element",
			"from": [ 6.5, 27, 3 ],
			"to": [ 9.5, 29, 14 ],
			"faces": {
				"down": { "uv": [ 3, 3, 14, 5 ], "texture": "#top", "rotation": 270 },
				"up": { "uv": [ 3, 3, 14, 5 ], "texture": "#top", "rotation": 270 },
				"north": { "uv": [ 3, 3, 3.5, 5 ], "texture": "#top" },
				"south": { "uv": [ 13.5, 3, 14, 5 ], "texture": "#top" },
				"west": { "uv": [ 3, 3, 14, 5 ], "texture": "#top" },
				"east": { "uv": [ 14, 3, 3, 5 ], "texture": "#top" }
			}
		},
		{
			"__comment": "Element",
			"from": [ 6.5, 19, 11 ],
			"to": [ 9.5, 30, 13 ],
			"faces": {
				"down": { "uv": [ 11, 12.5, 13, 13 ], "texture": "#top", "rotation": 270 },
				"up": { "uv": [ 11, 2, 13, 2.5 ], "texture": "#top", "rotation": 90 },
				"north": { "uv": [ 13, 2, 11, 13 ], "texture": "#top" },
				"south": { "uv": [ 11, 2, 13, 13 ], "texture": "#top" },
				"west": { "uv": [ 11, 2, 13, 13 ], "texture": "#top" },
				"east": { "uv": [ 13, 2, 11, 13 ], "texture": "#top" }
			}
		},
		{
			"__comment": "Element",
			"from": [ 6.5, 14, 11 ],
			"to": [ 9.5, 16, 12 ],
			"faces": {
				"north": { "uv": [ 10, 0, 10.5, 2 ], "texture": "#bottom" },
				"south": { "uv": [ 15.5, 0, 16, 2 ], "texture": "#bottom" },
				"west": { "uv": [ 11, 0, 12, 2 ], "texture": "#bottom" },
				"east": { "uv": [ 14, 0, 15, 2 ], "texture": "#bottom" }
			}
		},
		{
			"__comment": "Element",
			"from": [ 7, 16, 0 ],
			"to": [ 9, 32, 16 ],
			"faces": {
				"up": { "uv": [ 0, 0.75, 16, 1 ], "texture": "#top", "rotation": 90 },
				"north": { "uv": [ 0, 0, 0.5, 16 ], "texture": "#top" },
				"south": { "uv": [ 7, 1, 10, 2 ], "texture": "#top" },
				"west": { "uv": [ 0, 0, 16, 16 ], "texture": "#top" },
				"east": { "uv": [ 16, 0, 0, 16 ], "texture": "#top" }
			}
		},
		{
			"__comment": "Element",
			"from": [ 6.5, 8, 0 ],
			"to": [ 9.5, 10, 16 ],
			"faces": {
				"down": { "uv": [ 0, 6, 16, 8 ], "texture": "#bottom", "rotation": 90 },
				"up": { "uv": [ 0, 6, 16, 8 ], "texture": "#bottom", "rotation": 90 },
				"north": { "uv": [ 0, 6, 0.5, 8 ], "texture": "#bottom" },
				"south": { "uv": [ 6.5, 13, 10.5, 13.5 ], "texture": "#bottom" },
				"west": { "uv": [ 0, 6, 16, 8 ], "texture": "#bottom" },
				"east": { "uv": [ 0, 6, 16, 8 ], "texture": "#bottom" }
			}
		},
		{
			"__comment": "Element",
			"from": [ 7, 0, 0 ],
			"to": [ 9, 16, 16 ],
			"faces": {
				"down": { "uv": [ 0, 14.75, 16, 15 ], "texture": "#bottom", "rotation": 270 },
				"north": { "uv": [ 0, 0, 0.5, 16 ], "texture": "#bottom" },
				"south": { "uv": [ 7, 13, 10, 13.5 ], "texture": "#bottom" },
				"west": { "uv": [ 0, 0, 16, 16 ], "texture": "#bottom" },
				"east": { "uv": [ 16, 0, 0, 16 ], "texture": "#bottom" }
			}
		}
	]
}