{
	"__comment": "Designed by the resident Inuit with BDcraft Cubik PRO 0.96 Beta - http://bdcraft.net",
	"parent": "block/block",
	"textures": {
		"particle": "block/warped_planks",
		"post": "block/_bdc/fence_gate_01",
		"top": "block/_bdc/fence_crossbar_04",
		"texture": "block/_bdc/fence_gate_01"
	},
	"elements": [ 	 
		{
			"__comment": "Inner vertical post of left-hand gate door",
			"from": [ 6, 6, 7 ],
			"to": [ 8, 15, 9 ],
			"faces": {
				"down": { "uv": [ 12, 12, 16, 16 ], "texture": "#top" },
				"up": { "uv": [ 12, 12, 16, 16 ], "texture": "#top" },
				"north": { "uv": [ 8, 1.5, 10, 10.5 ], "texture": "#post" },
				"south": { "uv": [ 8, 5, 10, 14 ], "texture": "#post" },
				"west": { "uv": [ 8, 0, 10, 9 ], "texture": "#post" },
				"east": { "uv": [ 8, 7, 10, 16 ], "texture": "#post" }
			}
		},
		{
			"__comment": "Inner vertical post of right-hand gate door",
			"from": [ 8, 6, 7 ],
			"to": [ 10, 15, 9 ],
			"faces": {
				"down": { "uv": [ 12, 12, 16, 16 ], "texture": "#top" },
				"up": { "uv": [ 12, 12, 16, 16 ], "texture": "#top" },
				"north": { "uv": [ 8, 0, 10, 9 ], "texture": "#post" },
				"south": { "uv": [ 8, 7, 10, 16 ], "texture": "#post" },
				"west": { "uv": [ 8, 2, 10, 11 ], "texture": "#post" },
				"east": { "uv": [ 8, 3.5, 10, 12.5 ], "texture": "#post" }
			}
		},
		{
			"__comment": "Upper horizontal bar of left-hand gate door",
			"from": [ 2, 12, 7 ],
			"to": [ 6, 15, 9 ],
			"faces": {
				"down": { "uv": [ 8, 6, 6, 8 ], "texture": "#top", "rotation": 270 },
				"up": { "uv": [ 8, 6, 6, 8 ], "texture": "#top", "rotation": 270 },
				"north": { "uv": [ 4, 8, 8, 11 ], "texture": "#post" },
				"south": { "uv": [ 4, 11, 8, 14 ], "texture": "#post" }
			}
		},
		{
			"__comment": "Lower horizontal bar of left-hand gate door",
			"from": [ 2, 7, 7 ],
			"to": [ 6, 10, 9 ],
			"faces": {
				"down": { "uv": [ 8, 6, 6, 8 ], "texture": "#top", "rotation": 270 },
				"up": { "uv": [ 8, 6, 6, 8 ], "texture": "#top", "rotation": 270 },
				"north": { "uv": [ 8, 8, 4, 11 ], "texture": "#post" },
				"south": { "uv": [ 8, 11, 4, 14 ], "texture": "#post" }
			}
		},
		{
			"__comment": "Upper horizontal bar of right-hand gate door",
			"from": [ 10, 12, 7 ],
			"to": [ 14, 15, 9 ],
			"faces": {
				"down": { "uv": [ 8, 6, 6, 8 ], "texture": "#top", "rotation": 270 },
				"up": { "uv": [ 8, 6, 6, 8 ], "texture": "#top", "rotation": 270 },
				"north": { "uv": [ 8, 11, 4, 14 ], "texture": "#post" },
				"south": { "uv": [ 4, 8, 8, 11 ], "texture": "#post" }
			}
		},
		{
			"__comment": "Lower horizontal bar of right-hand gate door",
			"from": [ 10, 7, 7 ],
			"to": [ 14, 10, 9 ],
			"faces": {
				"down": { "uv": [ 8, 6, 6, 8 ], "texture": "#top", "rotation": 270 },
				"up": { "uv": [ 8, 6, 6, 8 ], "texture": "#top", "rotation": 270 },
				"north": { "uv": [ 4, 11, 8, 14 ], "texture": "#post" },
				"south": { "uv": [ 8, 8, 4, 11 ], "texture": "#post" }
			}
		},
		{
			"__comment": "Right-hand post",
			"from": [ 14, 5, 7 ],
			"to": [ 16, 16, 9 ],
			"faces": {
				"down": { "uv": [ 12, 12, 16, 16 ], "texture": "#top" },
				"up": { "uv": [ 12, 12, 16, 16 ], "texture": "#top" },
				"north": { "uv": [ 8, 3, 10, 14 ], "texture": "#texture" },
				"south": { "uv": [ 8, 0, 10, 11 ], "texture": "#texture" },
				"west": { "uv": [ 8, 1, 10, 12 ], "texture": "#texture", "cullface": "west" },
				"east": { "uv": [ 8, 5, 10, 16 ], "texture": "#texture" }
			}
		},
		{
			"__comment": "Left-hand post",
			"from": [ 0, 5, 7 ],
			"to": [ 2, 16, 9 ],
			"faces": {
				"down": { "uv": [ 12, 12, 16, 16 ], "texture": "#top" },
				"up": { "uv": [ 12, 12, 16, 16 ], "texture": "#top" },
				"north": { "uv": [ 8, 0, 10, 11 ], "texture": "#texture" },
				"south": { "uv": [ 8, 5, 10, 16 ], "texture": "#texture" },
				"west": { "uv": [ 8, 3.5, 10, 14.5 ], "texture": "#texture" },
				"east": { "uv": [ 8, 0, 10, 11 ], "texture": "#texture", "cullface": "east" }
			}
		}
	],
	"display": {
		"thirdperson_righthand": {
			"rotation":  [ 75, -45, 0 ],
			"translation":  [ 0, 2, 0 ],
			"scale":  [ 0.375, 0.375, 0.375 ]
		},
		"firstperson_righthand": {
			"rotation":  [ 0, -45, 0 ],
			"scale":  [ 0.4, 0.4, 0.4 ]
		},
		"gui": {
			"rotation":  [ 30, 45, 0 ],
			"translation":  [ 0, -1, 0 ],
			"scale":  [ 0.8, 0.8, 0.8 ]
		}
	}
}