{
	"credit": "Made with Blockbench",
	"textures": {
		"0": "block/snow",
		"particle": "block/snow"
	},
	"elements": [
		{
			"from": [0, 16, 0],
			"to": [16, 24, 16],
			"faces": {
				"north": {"uv": [0, 0, 16, 8], "texture": "#0"},
				"east": {"uv": [0, 0, 16, 8], "texture": "#0"},
				"south": {"uv": [0, 0, 16, 8], "texture": "#0"},
				"west": {"uv": [0, 0, 16, 8], "texture": "#0"},
				"up": {"uv": [0, 0, 16, 16], "texture": "#0"},
				"down": {"uv": [0, 0, 16, 16], "texture": "#0"}
			}
		}
	],
	"display": {
		"head": {
			"translation": [0, -16, 0]
		}
	}
}