{
	"credit": "Made with Blockbench",
	"textures": {
		"0": "zelda/mobs/stalfos",
		"1": "zelda/mobs/stalfos_body",
		"2": "zelda/mobs/stalfos_limb",
		"particle": "zelda/mobs/stalfos"
	},
	"elements": [
		{
			"name": "head",
			"from": [4, 24, 4],
			"to": [12, 32, 12],
			"faces": {
				"north": {"uv": [3.99972, 3.99972, 7.99853, 7.99853], "texture": "#0"},
				"east": {"uv": [0, 3.99972, 3.99881, 7.99853], "texture": "#0"},
				"south": {"uv": [11.99916, 3.99972, 15.99706, 7.99853], "texture": "#0"},
				"west": {"uv": [7.99944, 3.99972, 11.99825, 7.99853], "texture": "#0"},
				"up": {"uv": [3.99972, 0, 7.99853, 3.99881], "texture": "#0"},
				"down": {"uv": [7.99944, 0, 11.99825, 3.99881], "texture": "#0"}
			}
		},
		{
			"name": "body",
			"from": [4, 12, 6],
			"to": [12, 24, 10],
			"faces": {
				"north": {"uv": [2.66648, 2.66648, 7.99853, 10.66503], "texture": "#1"},
				"east": {"uv": [7.99944, 2.66648, 10.66501, 10.66503], "texture": "#1"},
				"south": {"uv": [10.66592, 2.66648, 15.99797, 10.66503], "texture": "#1"},
				"west": {"uv": [0, 2.66648, 2.66557, 10.66408], "texture": "#1"},
				"up": {"uv": [5.33296, 0, 7.99853, 2.66557], "texture": "#1"},
				"down": {"uv": [7.99944, 0, 13.33059, 2.66557], "texture": "#1"}
			}
		},
		{
			"name": "L-arm",
			"from": [2, 12, 7],
			"to": [4, 24, 9],
			"faces": {
				"north": {"uv": [0, 1.99986, 1.99804, 13.99721], "texture": "#2"},
				"east": {"uv": [5.99958, 1.99986, 7.99944, 13.99901], "texture": "#2"},
				"south": {"uv": [1.99986, 1.99986, 3.99881, 13.99811], "texture": "#2"},
				"west": {"uv": [3.99972, 1.99986, 5.99958, 13.99901], "texture": "#2"},
				"up": {"uv": [1.99986, 0, 3.99972, 1.99986], "texture": "#2"},
				"down": {"uv": [3.99972, 0, 5.99958, 1.99986], "texture": "#2"}
			}
		},
		{
			"name": "R-arm",
			"from": [12, 12, 7],
			"to": [14, 24, 9],
			"faces": {
				"north": {"uv": [0, 1.99986, 1.99804, 13.99721], "texture": "#2"},
				"east": {"uv": [5.99958, 1.99986, 7.99944, 13.99901], "texture": "#2"},
				"south": {"uv": [1.99986, 1.99986, 3.99881, 13.99811], "texture": "#2"},
				"west": {"uv": [3.99972, 1.99986, 5.99958, 13.99901], "texture": "#2"},
				"up": {"uv": [1.99986, 0, 3.99972, 1.99986], "texture": "#2"},
				"down": {"uv": [3.99972, 0, 5.99958, 1.99986], "texture": "#2"}
			}
		},
		{
			"name": "L-leg",
			"from": [5, 0, 7],
			"to": [7, 12, 9],
			"faces": {
				"north": {"uv": [0, 1.99986, 1.99804, 13.99721], "texture": "#2"},
				"east": {"uv": [5.99958, 1.99986, 7.99944, 13.99901], "texture": "#2"},
				"south": {"uv": [1.99986, 1.99986, 3.99881, 13.99811], "texture": "#2"},
				"west": {"uv": [3.99972, 1.99986, 5.99958, 13.99901], "texture": "#2"},
				"up": {"uv": [1.99986, 0, 3.99972, 1.99986], "texture": "#2"},
				"down": {"uv": [3.99972, 0, 5.99958, 1.99986], "texture": "#2"}
			}
		},
		{
			"name": "R-leg",
			"from": [9, 0, 7],
			"to": [11, 12, 9],
			"faces": {
				"north": {"uv": [0, 1.99986, 1.99804, 13.99721], "texture": "#2"},
				"east": {"uv": [5.99958, 1.99986, 7.99944, 13.99901], "texture": "#2"},
				"south": {"uv": [1.99986, 1.99986, 3.99881, 13.99811], "texture": "#2"},
				"west": {"uv": [3.99972, 1.99986, 5.99958, 13.99901], "texture": "#2"},
				"up": {"uv": [1.99986, 0, 3.99972, 1.99986], "texture": "#2"},
				"down": {"uv": [3.99972, 0, 5.99958, 1.99986], "texture": "#2"}
			}
		}
	],
	"display": {
		"head": {
			"scale": [1.675, 1.675, 1.675],
			"translation": [0, -32, 0]
		}
	}
}