{
	"credit": "Made with Blockbench",
	"textures": {
		"0": "zelda/mobs/stalfos",
		"1": "zelda/mobs/stalfos_body",
		"2": "zelda/mobs/stalfos_limb",
		"particle": "zelda/mobs/stalfos"
	},
	"elements": [
		{
			"name": "head",
			"from": [4, 14, 4],
			"to": [12, 22, 12],
			"faces": {
				"north": {"uv": [3.99972, 3.99972, 7.99853, 7.99853], "texture": "#0"},
				"east": {"uv": [0, 3.99972, 3.99881, 7.99853], "texture": "#0"},
				"south": {"uv": [11.99916, 3.99972, 15.99706, 7.99853], "texture": "#0"},
				"west": {"uv": [7.99944, 3.99972, 11.99825, 7.99853], "texture": "#0"},
				"up": {"uv": [3.99972, 0, 7.99853, 3.99881], "texture": "#0"},
				"down": {"uv": [7.99944, 0, 11.99825, 3.99881], "texture": "#0"}
			}
		},
		{
			"name": "body",
			"from": [4, 7, 3],
			"to": [12, 11, 15],
			"rotation": {"angle": -22.5, "axis": "x", "origin": [8, 8, 8]},
			"faces": {
				"north": {"uv": [7.99944, 0, 13.33059, 2.66557], "rotation": 180, "texture": "#1"},
				"east": {"uv": [7.99944, 2.66648, 10.66501, 10.66503], "rotation": 270, "texture": "#1"},
				"south": {"uv": [5.33296, 0, 7.99853, 2.66557], "texture": "#1"},
				"west": {"uv": [0, 2.66648, 2.66557, 10.66408], "rotation": 90, "texture": "#1"},
				"up": {"uv": [2.66648, 2.66648, 7.99853, 10.66503], "rotation": 180, "texture": "#1"},
				"down": {"uv": [10.66592, 2.66648, 15.99797, 10.66503], "texture": "#1"}
			}
		},
		{
			"name": "L-arm",
			"from": [-1, 2, 8],
			"to": [1, 14, 10],
			"rotation": {"angle": -45, "axis": "x", "origin": [8, 8, 8]},
			"faces": {
				"north": {"uv": [0, 1.99986, 1.99804, 13.99721], "texture": "#2"},
				"east": {"uv": [5.99958, 1.99986, 7.99944, 13.99901], "texture": "#2"},
				"south": {"uv": [1.99986, 1.99986, 3.99881, 13.99811], "texture": "#2"},
				"west": {"uv": [3.99972, 1.99986, 5.99958, 13.99901], "texture": "#2"},
				"up": {"uv": [1.99986, 0, 3.99972, 1.99986], "texture": "#2"},
				"down": {"uv": [3.99972, 0, 5.99958, 1.99986], "texture": "#2"}
			}
		},
		{
			"name": "R-arm",
			"from": [13, 8, 0],
			"to": [15, 10, 12],
			"rotation": {"angle": -22.5, "axis": "x", "origin": [8, 8, 8]},
			"faces": {
				"north": {"uv": [3.99972, 0, 5.99958, 1.99986], "rotation": 180, "texture": "#2"},
				"east": {"uv": [5.99958, 1.99986, 7.99944, 13.99901], "rotation": 270, "texture": "#2"},
				"south": {"uv": [1.99986, 0, 3.99972, 1.99986], "texture": "#2"},
				"west": {"uv": [3.99972, 1.99986, 5.99958, 13.99901], "rotation": 90, "texture": "#2"},
				"up": {"uv": [0, 1.99986, 1.99804, 13.99721], "rotation": 180, "texture": "#2"},
				"down": {"uv": [1.99986, 1.99986, 3.99881, 13.99811], "texture": "#2"}
			}
		},
		{
			"name": "L-leg",
			"from": [5, 5, 9],
			"to": [7, 7, 21],
			"rotation": {"angle": 22.5, "axis": "x", "origin": [8, 8, 8]},
			"faces": {
				"north": {"uv": [1.99986, 0, 3.99972, 1.99986], "rotation": 180, "texture": "#2"},
				"east": {"uv": [5.99958, 1.99986, 7.99944, 13.99901], "rotation": 90, "texture": "#2"},
				"south": {"uv": [3.99972, 0, 5.99958, 1.99986], "texture": "#2"},
				"west": {"uv": [3.99972, 1.99986, 5.99958, 13.99901], "rotation": 270, "texture": "#2"},
				"up": {"uv": [1.99986, 1.99986, 3.99881, 13.99811], "texture": "#2"},
				"down": {"uv": [0, 1.99986, 1.99804, 13.99721], "rotation": 180, "texture": "#2"}
			}
		},
		{
			"name": "R-leg",
			"from": [12, 6, 7],
			"to": [24, 8, 9],
			"rotation": {"angle": -22.5, "axis": "z", "origin": [8, 8, 8]},
			"faces": {
				"north": {"uv": [0, 1.99986, 1.99804, 13.99721], "rotation": 90, "texture": "#2"},
				"east": {"uv": [3.99972, 0, 5.99958, 1.99986], "rotation": 270, "texture": "#2"},
				"south": {"uv": [1.99986, 1.99986, 3.99881, 13.99811], "rotation": 270, "texture": "#2"},
				"west": {"uv": [1.99986, 0, 3.99972, 1.99986], "rotation": 90, "texture": "#2"},
				"up": {"uv": [5.99958, 1.99986, 7.99944, 13.99901], "rotation": 270, "texture": "#2"},
				"down": {"uv": [3.99972, 1.99986, 5.99958, 13.99901], "rotation": 270, "texture": "#2"}
			}
		}
	],
	"display": {
		"head": {
			"scale": [1.675, 1.675, 1.675],
			"translation": [0, -32, 0]
		}
	}
}