{
	"credit": "Made with Blockbench",
	"textures": {
		"0": "zelda/mobs/stalfos",
		"particle": "zelda/mobs/stalfos"
	},
	"elements": [
		{
			"from": [4, -5, 4],
			"to": [12, 3, 12],
			"faces": {
				"north": {"uv": [3.99972, 3.99972, 7.99853, 7.99853], "texture": "#0"},
				"east": {"uv": [0, 3.99972, 3.99881, 7.99853], "texture": "#0"},
				"south": {"uv": [11.99916, 3.99972, 15.99706, 7.99853], "texture": "#0"},
				"west": {"uv": [7.99944, 3.99972, 11.99825, 7.99853], "texture": "#0"},
				"up": {"uv": [3.99972, 0, 7.99853, 3.99881], "texture": "#0"},
				"down": {"uv": [7.99944, 0, 11.99825, 3.99881], "texture": "#0"}
			}
		}
	],
	"display": {
		"head": {
			"scale": [1.675, 1.675, 1.675],
			"translation": [0, -32, 0]
		}
	}
}