{
	"credit": "Made with Blockbench",
	"textures": {
		"0": "crow/feathers",
		"1": "crow/gray",
		"2": "crow/black",
		"3": "crow/eye",
		"4": "crow/wing1",
		"5": "crow/wing2",
		"6": "crow/wing3",
		"7": "crow/wing4",
		"8": "crow/wing5",
		"particle": "crow/black"
	},
	"display": {
		"head": {
			"translation": [0, -28.5, 0],
			"scale": [1.8, 1.8, 1.8]
		}
	},
	"elements": [
		{
			"from": [6.5, 0, 8],
			"to": [7.5, 0, 9],
			"faces": {
				"north": {"uv": [0, 0, 1, 0], "texture": "#1"},
				"east": {"uv": [0, 0, 1, 0], "texture": "#1"},
				"south": {"uv": [0, 0, 1, 0], "texture": "#1"},
				"west": {"uv": [0, 0, 1, 0], "texture": "#1"},
				"down": {"uv": [0, 0, 1, 1], "texture": "#1"}
			}
		},
		{
			"from": [8.5, 0, 8],
			"to": [9.5, 0, 9],
			"faces": {
				"north": {"uv": [0, 0, 1, 0], "texture": "#1"},
				"east": {"uv": [0, 0, 1, 0], "texture": "#1"},
				"south": {"uv": [0, 0, 1, 0], "texture": "#1"},
				"west": {"uv": [0, 0, 1, 0], "texture": "#1"},
				"down": {"uv": [0, 0, 1, 1], "texture": "#1"}
			}
		},
		{
			"from": [8.5, 0, 9],
			"to": [9.5, 2.5, 9],
			"faces": {
				"north": {"uv": [0, 0, 1, 2.5], "texture": "#1"},
				"east": {"uv": [0, 0, 0, 2.5], "texture": "#1"},
				"south": {"uv": [0, 0, 1, 2.5], "texture": "#1"},
				"west": {"uv": [0, 0, 0, 2.5], "texture": "#1"},
				"up": {"uv": [0, 0, 1, 0], "texture": "#1"},
				"down": {"uv": [0, 0, 1, 0], "texture": "#1"}
			}
		},
		{
			"from": [6.5, 0, 9],
			"to": [7.5, 2.5, 9],
			"faces": {
				"north": {"uv": [0, 0, 1, 2.5], "texture": "#1"},
				"east": {"uv": [0, 0, 0, 2.5], "texture": "#1"},
				"south": {"uv": [0, 0, 1, 2.5], "texture": "#1"},
				"west": {"uv": [0, 0, 0, 2.5], "texture": "#1"},
				"up": {"uv": [0, 0, 1, 0], "texture": "#1"},
				"down": {"uv": [0, 0, 1, 0], "texture": "#1"}
			}
		},
		{
			"from": [6.5, 3.75, 8.5],
			"to": [9.5, 6.25, 13.25],
			"rotation": {"angle": 45, "axis": "x", "origin": [8.5, 8, 8]},
			"faces": {
				"north": {"uv": [0, 0, 3, 2.5], "rotation": 180, "texture": "#2"},
				"east": {"uv": [0, 0, 2.5, 4.75], "rotation": 90, "texture": "#2"},
				"south": {"uv": [0, 0, 3, 2.5], "texture": "#2"},
				"west": {"uv": [0, 0, 2.5, 4.75], "rotation": 270, "texture": "#2"},
				"up": {"uv": [0, 0, 3, 4.75], "texture": "#2"},
				"down": {"uv": [0, 0, 3, 4.75], "rotation": 180, "texture": "#2"}
			}
		},
		{
			"from": [6.75, 3, 11.25],
			"to": [9.25, 4, 13.75],
			"rotation": {"angle": 22.5, "axis": "x", "origin": [8.5, 8, 8]},
			"faces": {
				"north": {"uv": [0, 0, 2.5, 1], "rotation": 180, "texture": "#2"},
				"east": {"uv": [0, 0, 1, 2.5], "rotation": 90, "texture": "#2"},
				"south": {"uv": [0, 0, 2.5, 1], "texture": "#2"},
				"west": {"uv": [0, 0, 1, 2.5], "rotation": 270, "texture": "#2"},
				"up": {"uv": [0, 0, 2.5, 2.5], "texture": "#2"},
				"down": {"uv": [0, 0, 2.5, 2.5], "rotation": 180, "texture": "#2"}
			}
		},
		{
			"from": [6.75, 5, 5],
			"to": [9.25, 7.25, 7.25],
			"faces": {
				"north": {"uv": [2, 5, 6.25, 9.25], "rotation": 270, "texture": "#2"},
				"east": {"uv": [2, 5, 6.25, 9.25], "rotation": 270, "texture": "#2"},
				"south": {"uv": [2, 5, 6.25, 9.25], "rotation": 270, "texture": "#2"},
				"west": {"uv": [2, 5, 6.25, 9.25], "rotation": 270, "texture": "#2"},
				"up": {"uv": [2, 5, 6.25, 9.25], "rotation": 270, "texture": "#2"},
				"down": {"uv": [2, 5, 6.25, 9.25], "rotation": 270, "texture": "#2"}
			}
		},
		{
			"from": [7.25, 5.5, 3.75],
			"to": [8.75, 6.25, 5],
			"faces": {
				"north": {"uv": [0, 0, 1.5, 0.75], "rotation": 180, "texture": "#1"},
				"east": {"uv": [0, 0, 0.75, 1.25], "rotation": 90, "texture": "#1"},
				"south": {"uv": [0, 0, 1.5, 0.75], "texture": "#1"},
				"west": {"uv": [0, 0, 0.75, 1.25], "rotation": 270, "texture": "#1"},
				"up": {"uv": [0, 0, 1.5, 1.25], "texture": "#1"},
				"down": {"uv": [0, 0, 1.5, 1.25], "rotation": 180, "texture": "#1"}
			}
		},
		{
			"from": [7.5, 5.25, 4.25],
			"to": [8.5, 5.5, 5],
			"faces": {
				"north": {"uv": [0, 0, 1, 0.25], "rotation": 180, "texture": "#1"},
				"east": {"uv": [0, 0, 0.25, 0.75], "rotation": 90, "texture": "#1"},
				"south": {"uv": [0, 0, 1, 0.25], "texture": "#1"},
				"west": {"uv": [0, 0, 0.25, 0.75], "rotation": 270, "texture": "#1"},
				"up": {"uv": [0, 0, 1, 0.75], "texture": "#1"},
				"down": {"uv": [0, 0, 1, 0.75], "rotation": 180, "texture": "#1"}
			}
		},
		{
			"from": [8, 7.25, 5.25],
			"to": [8, 8.75, 7],
			"faces": {
				"east": {"uv": [7, 11, 13, 16], "texture": "#0"},
				"west": {"uv": [13, 10, 7, 16], "texture": "#0"}
			}
		},
		{
			"from": [8, 6.25, 8.25],
			"to": [8, 7.75, 10.5],
			"rotation": {"angle": 45, "axis": "x", "origin": [8.5, 8, 8]},
			"faces": {
				"east": {"uv": [4, 10, 13, 16], "texture": "#0"},
				"west": {"uv": [13, 10, 4, 16], "texture": "#0"}
			}
		},
		{
			"from": [6.74, 6, 5.5],
			"to": [6.75, 6.75, 6.25],
			"faces": {
				"north": {"uv": [2, 9.25, 6.25, 5], "rotation": 270, "texture": "#2"},
				"east": {"uv": [2, 9.25, 6.25, 5], "rotation": 270, "texture": "#2"},
				"south": {"uv": [2, 9.25, 6.25, 5], "rotation": 270, "texture": "#2"},
				"west": {"uv": [0, 15.25, 15.25, 0], "rotation": 270, "texture": "#3"},
				"up": {"uv": [2, 9.25, 6.25, 5], "rotation": 270, "texture": "#2"},
				"down": {"uv": [2, 9.25, 6.25, 5], "rotation": 270, "texture": "#2"}
			}
		},
		{
			"from": [9.25, 6, 5.5],
			"to": [9.26, 6.75, 6.25],
			"faces": {
				"north": {"uv": [2, 5, 6.25, 9.25], "rotation": 270, "texture": "#2"},
				"east": {"uv": [0, 0, 15.25, 15.25], "rotation": 270, "texture": "#3"},
				"south": {"uv": [2, 5, 6.25, 9.25], "rotation": 270, "texture": "#2"},
				"west": {"uv": [2, 5, 6.25, 9.25], "rotation": 270, "texture": "#2"},
				"up": {"uv": [2, 5, 6.25, 9.25], "rotation": 270, "texture": "#2"},
				"down": {"uv": [2, 5, 6.25, 9.25], "rotation": 270, "texture": "#2"}
			}
		},
		{
			"from": [8.5, 1.5, 6],
			"to": [9, 5, 8.25],
			"rotation": {"angle": 22.5, "axis": "z", "origin": [8.5, 7.5, 7.5]},
			"faces": {
				"north": {"uv": [0, 0, 0.5, 3.5], "texture": "#4"},
				"east": {"uv": [0, 0, 2.25, 3.5], "texture": "#4"},
				"south": {"uv": [0, 0, 0.5, 3.5], "texture": "#4"},
				"west": {"uv": [0, 0, 2.25, 3.5], "texture": "#4"},
				"up": {"uv": [0, 0, 0.5, 2.25], "texture": "#4"},
				"down": {"uv": [0, 0, 0.5, 2.25], "texture": "#4"}
			}
		},
		{
			"from": [7, 1.5, 6],
			"to": [7.5, 5, 8.25],
			"rotation": {"angle": -22.5, "axis": "z", "origin": [7.5, 7.5, 7.5]},
			"faces": {
				"north": {"uv": [0.5, 0, 0, 3.5], "texture": "#4"},
				"east": {"uv": [2.25, 0, 0, 3.5], "texture": "#4"},
				"south": {"uv": [0.5, 0, 0, 3.5], "texture": "#4"},
				"west": {"uv": [2.25, 0, 0, 3.5], "texture": "#4"},
				"up": {"uv": [0.5, 0, 0, 2.25], "texture": "#4"},
				"down": {"uv": [0.5, 0, 0, 2.25], "texture": "#4"}
			}
		},
		{
			"from": [7.5, 1.75, 6],
			"to": [8, 5.25, 8.25],
			"rotation": {"angle": 45, "axis": "z", "origin": [8.5, 7.5, 7.5]},
			"faces": {
				"north": {"uv": [0, 0, 0.5, 3.5], "texture": "#5"},
				"east": {"uv": [0, 0, 2.25, 3.5], "texture": "#5"},
				"south": {"uv": [0, 0, 0.5, 3.5], "texture": "#5"},
				"west": {"uv": [0, 0, 2.25, 3.5], "texture": "#5"},
				"up": {"uv": [0, 0, 0.5, 2.25], "texture": "#5"},
				"down": {"uv": [0, 0, 0.5, 2.25], "texture": "#5"}
			}
		},
		{
			"from": [8, 1.75, 6],
			"to": [8.5, 5.25, 8.25],
			"rotation": {"angle": -45, "axis": "z", "origin": [7.5, 7.5, 7.5]},
			"faces": {
				"north": {"uv": [0.5, 0, 0, 3.5], "texture": "#5"},
				"east": {"uv": [2.25, 0, 0, 3.5], "texture": "#5"},
				"south": {"uv": [0.5, 0, 0, 3.5], "texture": "#5"},
				"west": {"uv": [2.25, 0, 0, 3.5], "texture": "#5"},
				"up": {"uv": [0.5, 0, 0, 2.25], "texture": "#5"},
				"down": {"uv": [0.5, 0, 0, 2.25], "texture": "#5"}
			}
		},
		{
			"from": [10.25, 5.75, 6],
			"to": [13.75, 6.25, 8.25],
			"rotation": {"angle": -22.5, "axis": "z", "origin": [8.5, 7.5, 7.5]},
			"faces": {
				"north": {"uv": [0, 0, 0.5, 3.5], "rotation": 90, "texture": "#6"},
				"east": {"uv": [0, 0, 0.5, 2.25], "rotation": 270, "texture": "#6"},
				"south": {"uv": [0, 0, 0.5, 3.5], "rotation": 270, "texture": "#6"},
				"west": {"uv": [0, 0, 0.5, 2.25], "rotation": 90, "texture": "#6"},
				"up": {"uv": [0, 0, 2.25, 3.5], "rotation": 270, "texture": "#6"},
				"down": {"uv": [0, 0, 2.25, 3.5], "rotation": 270, "texture": "#6"}
			}
		},
		{
			"from": [2.25, 5.75, 6],
			"to": [5.75, 6.25, 8.25],
			"rotation": {"angle": 22.5, "axis": "z", "origin": [7.5, 7.5, 7.5]},
			"faces": {
				"north": {"uv": [0, 3.5, 0.5, 0], "rotation": 90, "texture": "#6"},
				"east": {"uv": [0, 2.25, 0.5, 0], "rotation": 90, "texture": "#6"},
				"south": {"uv": [0, 3.5, 0.5, 0], "rotation": 270, "texture": "#6"},
				"west": {"uv": [0, 2.25, 0.5, 0], "rotation": 270, "texture": "#6"},
				"up": {"uv": [0, 3.5, 2.25, 0], "rotation": 270, "texture": "#6"},
				"down": {"uv": [0, 3.5, 2.25, 0], "rotation": 270, "texture": "#6"}
			}
		},
		{
			"from": [9.5, 5.25, 6],
			"to": [13, 5.75, 8.25],
			"faces": {
				"north": {"uv": [0, 0, 0.5, 3.5], "rotation": 90, "texture": "#7"},
				"east": {"uv": [0, 0, 0.5, 2.25], "rotation": 270, "texture": "#7"},
				"south": {"uv": [0, 0, 0.5, 3.5], "rotation": 270, "texture": "#7"},
				"west": {"uv": [0, 0, 0.5, 2.25], "rotation": 90, "texture": "#7"},
				"up": {"uv": [0, 0, 2.25, 3.5], "rotation": 270, "texture": "#7"},
				"down": {"uv": [0, 0, 2.25, 3.5], "rotation": 270, "texture": "#7"}
			}
		},
		{
			"from": [3, 5.25, 6],
			"to": [6.5, 5.75, 8.25],
			"faces": {
				"north": {"uv": [0, 3.5, 0.5, 0], "rotation": 90, "texture": "#7"},
				"east": {"uv": [0, 2.25, 0.5, 0], "rotation": 90, "texture": "#7"},
				"south": {"uv": [0, 3.5, 0.5, 0], "rotation": 270, "texture": "#7"},
				"west": {"uv": [0, 2.25, 0.5, 0], "rotation": 270, "texture": "#7"},
				"up": {"uv": [0, 3.5, 2.25, 0], "rotation": 270, "texture": "#7"},
				"down": {"uv": [0, 3.5, 2.25, 0], "rotation": 270, "texture": "#7"}
			}
		},
		{
			"from": [8.5, 4.75, 6],
			"to": [12, 5.25, 8.25],
			"rotation": {"angle": 22.5, "axis": "z", "origin": [8.5, 7.5, 7.5]},
			"faces": {
				"north": {"uv": [0, 0, 0.5, 3.5], "rotation": 90, "texture": "#8"},
				"east": {"uv": [0, 0, 0.5, 2.25], "rotation": 270, "texture": "#8"},
				"south": {"uv": [0, 0, 0.5, 3.5], "rotation": 270, "texture": "#8"},
				"west": {"uv": [0, 0, 0.5, 2.25], "rotation": 90, "texture": "#8"},
				"up": {"uv": [0, 0, 2.25, 3.5], "rotation": 270, "texture": "#8"},
				"down": {"uv": [0, 0, 2.25, 3.5], "rotation": 270, "texture": "#8"}
			}
		},
		{
			"from": [4, 4.75, 6],
			"to": [7.5, 5.25, 8.25],
			"rotation": {"angle": -22.5, "axis": "z", "origin": [7.5, 7.5, 7.5]},
			"faces": {
				"north": {"uv": [0, 3.5, 0.5, 0], "rotation": 90, "texture": "#8"},
				"east": {"uv": [0, 2.25, 0.5, 0], "rotation": 90, "texture": "#8"},
				"south": {"uv": [0, 3.5, 0.5, 0], "rotation": 270, "texture": "#8"},
				"west": {"uv": [0, 2.25, 0.5, 0], "rotation": 270, "texture": "#8"},
				"up": {"uv": [0, 3.5, 2.25, 0], "rotation": 270, "texture": "#8"},
				"down": {"uv": [0, 3.5, 2.25, 0], "rotation": 270, "texture": "#8"}
			}
		}
	],
	"groups": [
		{
			"name": "crowidle",
			"children": [
				{
					"name": "crow",
					"children": [0, 1, 2, 3, 4, 5, 6, 7, 8, 9, 10, 11, 12,
						{
							"name": "wings",
							"children": [13, 14, 15, 16, 17, 18, 19, 20, 21, 22]
						}
					]
				}
			]
		}
	]
}