{
	"credit": "Made with Blockbench",
	"textures": {
		"2": "zelda/blocks/barrel_bottom",
		"3": "zelda/blocks/barrel_side",
		"4": "zelda/blocks/barrel_top"
	},
	"elements": [
		{
			"from": [0.01, 0, 0.01],
			"to": [15.99, 16, 15.99],
			"faces": {
				"north": {"uv": [0, 0, 16, 16], "texture": "#3"},
				"east": {"uv": [0, 0, 16, 16], "texture": "#3"},
				"south": {"uv": [0, 0, 16, 16], "texture": "#3"},
				"west": {"uv": [0, 0, 16, 16], "texture": "#3"},
				"up": {"uv": [0, 0, 16, 16], "texture": "#4"},
				"down": {"uv": [0, 0, 16, 16], "texture": "#2"}
			}
		}
	],
	"display": {
		"head": {
			"translation": [0, -30.5, 0],
			"scale": [1.6, 1.6, 1.6]
		}
	}
}