{
	"credit": "Made with Blockbench",
	"elements": [
		{
			"from": [0, 0, 8],
			"to": [16, 1, 16],
			"rotation": {"angle": 0, "axis": "y", "origin": [12, -14.5, 8]},
			"faces": {
				"north": {"uv": [0, 0, 8, 8], "texture": "#side", "cullface": "north"},
				"east": {"uv": [0, 0, 16, 8], "texture": "#side", "cullface": "east"},
				"south": {"uv": [8, 0, 16, 8], "texture": "#side", "cullface": "south"},
				"west": {"uv": [0, 0, 16, 8], "texture": "#side"},
				"up": {"uv": [8, 0, 16, 16], "texture": "#top", "cullface": "up"},
				"down": {"uv": [8, 0, 16, 16], "texture": "#bottom", "cullface": "down"}
			}
		},
		{
			"from": [8, 0, 0],
			"to": [16, 1, 8],
			"rotation": {"angle": 0, "axis": "y", "origin": [12, -14.5, 4]},
			"faces": {
				"north": {"uv": [8, 0, 16, 8], "texture": "#side"},
				"east": {"uv": [0, 0, 8, 8], "texture": "#side", "cullface": "east"},
				"south": {"uv": [0, 0, 8, 8], "texture": "#side", "cullface": "south"},
				"west": {"uv": [8, 0, 16, 8], "texture": "#side", "cullface": "west"},
				"up": {"uv": [0, 8, 8, 16], "texture": "#top", "cullface": "up"},
				"down": {"uv": [0, 0, 8, 8], "texture": "#bottom", "cullface": "down"}
			}
		}
	]
}