{
	"credit": "Made with Blockbench",
	"parent": "block/block",
	"textures": {
		"0": "zelda/blocks/trim",
		"particle": "zelda/blocks/trim"
	},
	"elements": [
		{
			"from": [0, 0, 0],
			"to": [8, 1, 16],
			"faces": {
				"north": {"uv": [0, 0, 8, 8], "texture": "#0", "cullface": "north"},
				"east": {"uv": [0, 0, 16, 8], "texture": "#0", "cullface": "east"},
				"south": {"uv": [8, 0, 16, 8], "texture": "#0", "cullface": "south"},
				"west": {"uv": [0, 0, 16, 8], "texture": "#0"},
				"up": {"uv": [8, 0, 16, 16], "texture": "#0", "cullface": "up"},
				"down": {"uv": [8, 0, 16, 16], "texture": "#0", "cullface": "down"}
			}
		}
	],
	"display": {
		"gui": {
			"rotation": [30, 135, 0],
			"translation": [0, 0, 0],
			"scale": [0.625, 0.625, 0.625]
		},
		"head": {
			"rotation": [0, -90, 0],
			"translation": [0, 0, 0]
		},
		"thirdperson_lefthand": {
			"rotation": [75, -135, 0],
			"translation": [0, 2.5, 0],
			"scale": [0.375, 0.375, 0.375]
		}
	}
}