{
	"credit": "Made with Blockbench",
	"textures": {
		"0": "zelda/blocks/trim",
		"particle": "zelda/blocks/trim"
	},
	"elements": [
		{
			"from": [8, 0, 0],
			"to": [16, 1, 8],
			"faces": {
				"north": {"uv": [0, 0, 8, 8], "texture": "#0"},
				"east": {"uv": [0, 0, 8, 8], "texture": "#0", "cullface": "east"},
				"south": {"uv": [8, 0, 16, 8], "texture": "#0", "cullface": "south"},
				"west": {"uv": [8, 0, 16, 8], "texture": "#side"},
				"up": {"uv": [8, 8, 16, 16], "texture": "#0", "cullface": "up"},
				"down": {"uv": [8, 0, 16, 8], "texture": "#bottom", "cullface": "down"}
			}
		},
		{
			"from": [0, 0, 0],
			"to": [8, 1, 16],
			"faces": {
				"north": {"uv": [0, 0, 8, 1], "texture": "#0"},
				"east": {"uv": [0, 0, 16, 1], "texture": "#0"},
				"south": {"uv": [0, 0, 8, 1], "texture": "#0"},
				"west": {"uv": [0, 0, 16, 1], "texture": "#0"},
				"up": {"uv": [0, 0, 8, 16], "texture": "#0"},
				"down": {"uv": [0, 0, 8, 16], "texture": "#missing"}
			}
		}
	]
}