{
	"__comment": "Designed by HanFox with Cubik Studio - https://cubik.studio",
	"ambientocclusion": false,
	"textures": {
		"particle": "blocks/door_acacia_upper",
		"texture": "blocks/door_acacia_upper"
	},
	"elements": [ 	 
		{
			"__comment": "Box1",
			"from": [ 0, 0, 13 ],
			"to": [ 3, 13, 16 ],
			"faces": {
				"north": { "uv": [ 0, 8.5, 3, 11 ], "texture": "#texture" },
				"south": { "uv": [ 0, 3, 0.5, 16 ], "texture": "#texture", "cullface": "south" },
				"west": { "uv": [ 3, 3, 0, 16 ], "texture": "#texture" },
				"east": { "uv": [ 0, 3, 3, 16 ], "texture": "#texture" }
			}
		},
		{
			"__comment": "Box2",
			"from": [ 0, 0, 0 ],
			"to": [ 3, 13, 3 ],
			"faces": {
				"north": { "uv": [ 13, 3, 16, 3.5 ], "texture": "#texture", "cullface": "north" },
				"south": { "uv": [ 13, 3, 16, 3.5 ], "texture": "#texture" },
				"west": { "uv": [ 16, 3, 13, 16 ], "texture": "#texture" },
				"east": { "uv": [ 13, 3, 16, 16 ], "texture": "#texture" }
			}
		},
		{
			"__comment": "Box3",
			"from": [ 0, 0, 3 ],
			"to": [ 3, 1, 13 ],
			"faces": {
				"up": { "uv": [ 3, 8.5, 0, 10 ], "texture": "#texture", "rotation": 180 },
				"west": { "uv": [ 13, 15, 3, 16 ], "texture": "#texture" },
				"east": { "uv": [ 3, 15, 13, 16 ], "texture": "#texture" }
			}
		},
		{
			"__comment": "Box4",
			"from": [ 0, 13, 0 ],
			"to": [ 3, 16, 16 ],
			"faces": {
				"down": { "uv": [ 7.5, 0, 8, 3 ], "texture": "#texture", "rotation": 90 },
				"up": { "uv": [ 7.5, 3, 8, 0 ], "texture": "#texture", "cullface": "up", "rotation": 90 },
				"north": { "uv": [ 7.5, 0, 8, 3 ], "texture": "#texture", "cullface": "north", "rotation": 270 },
				"south": { "uv": [ 0, 7.5, 0.5, 10.5 ], "texture": "#texture", "cullface": "south", "rotation": 270 },
				"west": { "uv": [ 16, 0, 0, 3 ], "texture": "#texture" },
				"east": { "uv": [ 0, 0, 16, 3 ], "texture": "#texture" }
			}
		},
		{
			"__comment": "Box5",
			"from": [ 0.5, 1, 9 ],
			"to": [ 2.5, 13, 11 ],
			"faces": {
				"north": { "uv": [ 5, 3, 7, 15 ], "texture": "#texture" },
				"south": { "uv": [ 5, 3, 7, 15 ], "texture": "#texture" },
				"west": { "uv": [ 11, 3, 9, 15 ], "texture": "#texture" },
				"east": { "uv": [ 5, 3, 7, 15 ], "texture": "#texture" }
			}
		},
		{
			"__comment": "Box6",
			"from": [ 0.5, 1, 5 ],
			"to": [ 2.5, 13, 7 ],
			"faces": {
				"north": { "uv": [ 5, 3, 7, 15 ], "texture": "#texture" },
				"south": { "uv": [ 5, 3, 7, 15 ], "texture": "#texture" },
				"west": { "uv": [ 7, 3, 5, 15 ], "texture": "#texture" },
				"east": { "uv": [ 9, 3, 11, 15 ], "texture": "#texture" }
			}
		}
	]
}