{
"__comment": "Model by Mickey Joe & Sphax for PureBDcraft - BDcraft.net.",
"textures": {
    "particle": "blocks/_bdc/beetroots",
    "crop": "blocks/_bdc/beetroots"
},
"elements": [ 
{
    "from": [ 3, -1, 0 ],
    "to": [ 3.0625, 6.5, 16 ],
    "shade": false,
    "faces": {
        "west":  { "uv": [ 0, 6.5, 16, 14.5 ], "texture": "#crop" },
        "east":  { "uv": [ 0, 6.5, 16, 14.5 ], "texture": "#crop" }
    }
},
{
    "from": [ 12.5, -1, 0 ],
    "to": [ 12.5625, 6.5, 16 ],
    "shade": false,
    "faces": {
        "west":  { "uv": [ 0, 6.5, 16, 14.5 ], "texture": "#crop" },
        "east":  { "uv": [ 0, 6.5, 16, 14.5 ], "texture": "#crop" }
    }
},
{
    "from": [ 0, -1, 3.5 ],
    "to": [ 16, 6.5, 3.5625 ],
    "shade": false,
    "faces": {
        "north": { "uv": [ 0, 6.5, 16, 14.5 ], "texture": "#crop" },
        "south": { "uv": [ 0, 6.5, 16, 14.5 ], "texture": "#crop" }
    }
},
{
    "from": [ 0, -1, 12.5 ],
    "to": [ 16, 6.5, 12.5625 ],
    "shade": false,
    "faces": {
        "north": { "uv": [ 0, 6.5, 16, 14.5 ], "texture": "#crop" },
        "south": { "uv": [ 0, 6.5, 16, 14.5 ], "texture": "#crop" }
    }
},
{
    "from": [ 8, -1.5, 0 ],
    "to": [ 8.0625, 6, 16 ],
    "shade": false,
    "faces": {
        "west":  { "uv": [ 0, 6.5, 16, 14.5 ], "texture": "#crop" },
        "east":  { "uv": [ 0, 6.5, 16, 14.5 ], "texture": "#crop" }
    }
},
{
    "from": [ 0, -1.5, 8.5 ],
    "to": [ 16, 6, 8.5625 ],
    "shade": false,
    "faces": {
        "north": { "uv": [ 0, 6.5, 16, 14.5 ], "texture": "#crop" },
        "south": { "uv": [ 0, 6.5, 16, 14.5 ], "texture": "#crop" }
    }
}
]
}