{
"__comment": "Model by Mickey Joe & Sphax for PureBDcraft - BDcraft.net.",
"textures": {
    "particle": "blocks/_bdc/carrots",
    "crop": "blocks/_bdc/carrots"
},
"elements": [ 
{
    "from": [ 4, -1, 0 ],
    "to": [ 4.0625, 15, 16 ],
    "shade": false,
    "faces": {
        "west":  { "uv": [ 0, 0, 16, 16 ], "texture": "#crop" },
        "east":  { "uv": [ 0, 0, 16, 16 ], "texture": "#crop" }
    }
},
{
    "from": [ 12, -1, 0 ],
    "to": [ 12.0625, 15, 16 ],
    "shade": false,
    "faces": {
        "west":  { "uv": [ 0, 0, 16, 16 ], "texture": "#crop" },
        "east":  { "uv": [ 0, 0, 16, 16 ], "texture": "#crop" }
    }
},
{
    "from": [ 0, -1, 4 ],
    "to": [ 16, 15, 4.0625 ],
    "shade": false,
    "faces": {
        "north": { "uv": [ 0, 0, 16, 16 ], "texture": "#crop" },
        "south": { "uv": [ 0, 0, 16, 16 ], "texture": "#crop" }
    }
},
{
    "from": [ 0, -1, 12 ],
    "to": [ 16, 15, 12.0625 ],
    "shade": false,
    "faces": {
        "north": { "uv": [ 0, 0, 16, 16 ], "texture": "#crop" },
        "south": { "uv": [ 0, 0, 16, 16 ], "texture": "#crop" }
    }
},
{
    "from": [ 8, -1, 0 ],
    "to": [ 8.0625, 15, 16 ],
    "shade": false,
    "faces": {
        "west":  { "uv": [ 0, 1, 16, 16 ], "texture": "#crop" },
        "east":  { "uv": [ 0, 1, 16, 16 ], "texture": "#crop" }
    }
},
{
    "from": [ 0, -1, 8 ],
    "to": [ 16, 15, 8.0625 ],
    "shade": false,
    "faces": {
        "north": { "uv": [ 0, 1, 16, 16 ], "texture": "#crop" },
        "south": { "uv": [ 0, 1, 16, 16 ], "texture": "#crop" }
    }
}
]
}