{
	"__comment": "Designed by HanFox with Cubik Studio - https://cubik.studio",
	"ambientocclusion": false,
	"textures": {
		"particle": "blocks/door_dark_oak_lower",
		"texture": "blocks/door_dark_oak_lower",
		"top": "blocks/door_dark_oak_upper"
	},
	"elements": [ 	 
		{
			"__comment": "Box1",
			"from": [ 0, 0, 0 ],
			"to": [ 3, 16, 16 ],
			"faces": {
				"down": { "uv": [ 9, 0, 9.5, 2 ], "texture": "#top", "cullface": "down", "rotation": 90 },
				"north": { "uv": [ 9, 2, 9.5, 0 ], "texture": "#top", "cullface": "north", "rotation": 90 },
				"south": { "uv": [ 0, 0, 0.5, 16 ], "texture": "#texture", "cullface": "south" },
				"west": { "uv": [ 16, 0, 0, 16 ], "texture": "#texture", "cullface": "west" },
				"east": { "uv": [ 0, 0, 16, 16 ], "texture": "#texture" }
			}
		}
	]
}