{
	"__comment": "Model by Mickey Joe & Sphax for VanillaBDcraft - BDcraft.net.",
	"parent": "block/block",
	"textures": {
		"particle": "blocks/daylight_detector_top",
		"top": "blocks/daylight_detector_top",
		"side": "blocks/daylight_detector_side",
		"bottom": "blocks/_bdc/daylight_detector_bottom"
	},
	"elements": [ 	 
		{
			"__comment": "Side",
			"from": [ 0, 0, 0 ],
			"to": [ 1, 6, 16 ],
			"faces": {
				"down": { "uv": [ 0, 0, 1, 16 ], "texture": "#bottom" },
				"up": { "uv": [ 0, 0, 1, 16 ], "texture": "#top" },
				"north": { "uv": [ 15, 10, 16, 16 ], "texture": "#side" },
				"south": { "uv": [ 0, 10, 1, 16 ], "texture": "#side" },
				"west": { "uv": [ 0, 10, 16, 16 ], "texture": "#side" },
				"east": { "uv": [ 0, 10, 16, 16 ], "texture": "#side" }
			}
		},
		{
			"__comment": "SideShort",
			"from": [ 1, 0, 15 ],
			"to": [ 15, 6, 16 ],
			"faces": {
				"down": { "uv": [ 1, 0, 15, 1 ], "texture": "#bottom" },
				"up": { "uv": [ 1, 15, 15, 16 ], "texture": "#top" },
				"north": { "uv": [ 1, 10, 15, 16 ], "texture": "#side" },
				"south": { "uv": [ 1, 10, 15, 16 ], "texture": "#side" }
			}
		},
		{
			"__comment": "HorizBar",
			"from": [ 1, 4.5, 10 ],
			"to": [ 15, 5.5, 11 ],
			"faces": {
				"up": { "uv": [ 1, 10, 15, 11 ], "texture": "#top" },
				"north": { "uv": [ 2, 5, 3, 6 ], "texture": "#top" },
				"south": { "uv": [ 2, 5, 3, 6 ], "texture": "#top" }
			}
		},
		{
			"__comment": "Side2",
			"from": [ 15, 0, 0 ],
			"to": [ 16, 6, 16 ],
			"faces": {
				"down": { "uv": [ 15, 0, 16, 16 ], "texture": "#bottom" },
				"up": { "uv": [ 15, 0, 16, 16 ], "texture": "#top" },
				"north": { "uv": [ 0, 10, 1, 16 ], "texture": "#side" },
				"south": { "uv": [ 15, 10, 16, 16 ], "texture": "#side" },
				"west": { "uv": [ 0, 10, 16, 16 ], "texture": "#side" },
				"east": { "uv": [ 0, 10, 16, 16 ], "texture": "#side" }
			}
		},
		{
			"__comment": "SideShort2",
			"from": [ 1, 0, 0 ],
			"to": [ 15, 6, 1 ],
			"faces": {
				"down": { "uv": [ 1, 15, 15, 16 ], "texture": "#bottom" },
				"up": { "uv": [ 1, 0, 15, 1 ], "texture": "#top" },
				"north": { "uv": [ 1, 10, 15, 16 ], "texture": "#side" },
				"south": { "uv": [ 1, 10, 15, 16 ], "texture": "#side" }
			}
		},
		{
			"__comment": "HorizBar",
			"from": [ 1, 4.5, 5 ],
			"to": [ 15, 5.5, 6 ],
			"faces": {
				"up": { "uv": [ 1, 5, 15, 6 ], "texture": "#top" },
				"north": { "uv": [ 2, 5, 3, 6 ], "texture": "#top" },
				"south": { "uv": [ 2, 5, 3, 6 ], "texture": "#top" }
			}
		},
		{
			"__comment": "VertBar",
			"from": [ 5, 4.5, 1 ],
			"to": [ 6, 5.5, 15 ],
			"faces": {
				"up": { "uv": [ 5, 1, 6, 15 ], "texture": "#top" },
				"west": { "uv": [ 2, 5, 3, 6 ], "texture": "#top" },
				"east": { "uv": [ 2, 5, 3, 6 ], "texture": "#top" }
			}
		},
		{
			"__comment": "VertBar",
			"from": [ 10, 4.5, 1 ],
			"to": [ 11, 5.5, 15 ],
			"faces": {
				"up": { "uv": [ 10, 1, 11, 15 ], "texture": "#top" },
				"west": { "uv": [ 2, 5, 3, 6 ], "texture": "#top" },
				"east": { "uv": [ 2, 5, 3, 6 ], "texture": "#top" }
			}
		},
		{
			"__comment": "SquarePivot",
			"from": [ 5.5, 5, 4.5 ],
			"to": [ 7, 6, 6 ],
			"rotation": { "origin": [ 5.5, 5, 4.5 ], "axis": "y", "angle": -45 },
			"faces": {
				"up": { "uv": [ 0, 0, 2, 2 ], "texture": "#side" },
				"north": { "uv": [ 6, 11, 10, 13.5 ], "texture": "#side" },
				"south": { "uv": [ 6, 11, 10, 13.5 ], "texture": "#side" },
				"west": { "uv": [ 6, 11, 10, 13.5 ], "texture": "#side" },
				"east": { "uv": [ 6, 11, 10, 13.5 ], "texture": "#side" }
			}
		},
		{
			"__comment": "SquarePivot",
			"from": [ 10.5, 5, 4.5 ],
			"to": [ 12, 6, 6 ],
			"rotation": { "origin": [ 10.5, 5, 4.5 ], "axis": "y", "angle": -45 },
			"faces": {
				"up": { "uv": [ 0, 0, 2, 2 ], "texture": "#side" },
				"north": { "uv": [ 6, 11, 10, 13.5 ], "texture": "#side" },
				"south": { "uv": [ 6, 11, 10, 13.5 ], "texture": "#side" },
				"west": { "uv": [ 6, 11, 10, 13.5 ], "texture": "#side" },
				"east": { "uv": [ 6, 11, 10, 13.5 ], "texture": "#side" }
			}
		},
		{
			"__comment": "SquarePivot",
			"from": [ 5.5, 5, 9.5 ],
			"to": [ 7, 6, 11 ],
			"rotation": { "origin": [ 5.5, 5, 9.5 ], "axis": "y", "angle": -45 },
			"faces": {
				"up": { "uv": [ 0, 0, 2, 2 ], "texture": "#side" },
				"north": { "uv": [ 6, 11, 10, 13.5 ], "texture": "#side" },
				"south": { "uv": [ 6, 11, 10, 13.5 ], "texture": "#side" },
				"west": { "uv": [ 6, 11, 10, 13.5 ], "texture": "#side" },
				"east": { "uv": [ 6, 11, 10, 13.5 ], "texture": "#side" }
			}
		},
		{
			"__comment": "SquarePivot",
			"from": [ 10.5, 5, 9.5 ],
			"to": [ 12, 6, 11 ],
			"rotation": { "origin": [ 10.5, 5, 9.5 ], "axis": "y", "angle": -45 },
			"faces": {
				"up": { "uv": [ 0, 0, 2, 2 ], "texture": "#side" },
				"north": { "uv": [ 6, 11, 10, 13.5 ], "texture": "#side" },
				"south": { "uv": [ 6, 11, 10, 13.5 ], "texture": "#side" },
				"west": { "uv": [ 6, 11, 10, 13.5 ], "texture": "#side" },
				"east": { "uv": [ 6, 11, 10, 13.5 ], "texture": "#side" }
			}
		},
		{
			"__comment": "Sensor",
			"from": [ 1, 0, 1 ],
			"to": [ 15, 5, 15 ],
			"faces": {
				"down": { "uv": [ 1, 1, 15, 15 ], "texture": "#bottom" },
				"up": { "uv": [ 1, 1, 15, 15 ], "texture": "#top" }
			}
		}
	]
}