{	"parent": "block/block",
"textures": {
    "particle": "blocks/farmland_dry",
    "down": "blocks/dirt",
    "up": "blocks/farmland_dry",
    "side": "blocks/_bdc/farmland_side"
},
"elements": [ 
{
    "from": [ 0, 0, 0 ],
    "to": [ 16, 15, 16 ],
    "faces": {
        "down":  { "uv": [ 0, 0, 16, 16 ], "texture": "#down" },
        "up":    { "uv": [ 0, 0, 16, 16 ], "texture": "#up" },
        "north": { "uv": [ 0, 1, 16, 16 ], "texture": "#side" },
        "south": { "uv": [ 0, 1, 16, 16 ], "texture": "#side" },
        "west":  { "uv": [ 0, 1, 16, 16 ], "texture": "#side" },
        "east":  { "uv": [ 0, 1, 16, 16 ], "texture": "#side" }
    }
}
]
}