{
	"__comment": "Designed by HanFox with Cubik Studio - https://cubik.studio",
	"ambientocclusion": false,
	"textures": {
		"particle": "blocks/door_iron_lower",
		"texture": "blocks/door_iron_lower"
	},
	"elements": [ 	 
		{
			"__comment": "Box1",
			"from": [ 0, 0, 0 ],
			"to": [ 3, 16, 16 ],
			"faces": {
				"down": { "uv": [ 0, 6, 3, 6.5 ], "texture": "#texture", "cullface": "down" },
				"north": { "uv": [ 0, 0, 0.5, 16 ], "texture": "#texture", "cullface": "north" },
				"south": { "uv": [ 0, 5, 3, 5.5 ], "texture": "#texture", "cullface": "south" },
				"west": { "uv": [ 0, 0, 16, 16 ], "texture": "#texture", "cullface": "west" },
				"east": { "uv": [ 16, 0, 0, 16 ], "texture": "#texture" }
			}
		}
	]
}