{
	"textures": {
		"particle": "blocks/repeater_on",
		"side": "blocks/_bdc/repeater_side",
		"lit_redstone_torch": "blocks/redstone_torch_on",
		"stone_slab_top": "blocks/stone_slab_top"
	},
	"elements": [ 	 
		{
			"__comment": "Element",
			"from": [ 7, 2, 2 ],
			"to": [ 9, 6, 4 ],
			"faces": {
				"north": { "uv": [ 7, 8.5, 9, 12.5 ], "texture": "#lit_redstone_torch" },
				"south": { "uv": [ 7, 8.5, 9, 12.5 ], "texture": "#lit_redstone_torch" },
				"west": { "uv": [ 7, 8.5, 9, 12.5 ], "texture": "#lit_redstone_torch" },
				"east": { "uv": [ 7, 8.5, 9, 12.5 ], "texture": "#lit_redstone_torch" }
			}
		},
		{
			"__comment": "Element",
			"from": [ 7, 2, 6 ],
			"to": [ 9, 6, 8 ],
			"faces": {
				"down": { "uv": [ 9, 4, 7, 2 ], "texture": "#lit_redstone_torch" },
				"north": { "uv": [ 7, 8.5, 9, 12.5 ], "texture": "#lit_redstone_torch" },
				"south": { "uv": [ 7, 8.5, 9, 12.5 ], "texture": "#lit_redstone_torch" },
				"west": { "uv": [ 7, 8.5, 9, 12.5 ], "texture": "#lit_redstone_torch" },
				"east": { "uv": [ 7, 8.5, 9, 12.5 ], "texture": "#lit_redstone_torch" }
			}
		},
		{
			"__comment": "Element",
			"from": [ 7, 6, 2 ],
			"to": [ 9, 8, 4 ],
			"faces": {
				"up": { "uv": [ 0, 12, 2, 14 ], "texture": "#lit_redstone_torch" },
				"north": { "uv": [ 0, 12, 2, 14 ], "texture": "#lit_redstone_torch" },
				"south": { "uv": [ 0, 12, 2, 14 ], "texture": "#lit_redstone_torch" },
				"west": { "uv": [ 0, 12, 2, 14 ], "texture": "#lit_redstone_torch" },
				"east": { "uv": [ 0, 12, 2, 14 ], "texture": "#lit_redstone_torch" }
			}
		},
		{
			"__comment": "Element",
			"from": [ 7, 6, 6 ],
			"to": [ 9, 8, 8 ],
			"faces": {
				"up": { "uv": [ 0, 12, 2, 14 ], "texture": "#lit_redstone_torch" },
				"north": { "uv": [ 0, 12, 2, 14 ], "texture": "#lit_redstone_torch" },
				"south": { "uv": [ 0, 12, 2, 14 ], "texture": "#lit_redstone_torch" },
				"west": { "uv": [ 0, 12, 2, 14 ], "texture": "#lit_redstone_torch" },
				"east": { "uv": [ 0, 12, 2, 14 ], "texture": "#lit_redstone_torch" }
			}
		},
		{
			"__comment": "Box12",
			"from": [ 0, 0, 0 ],
			"to": [ 16, 2, 16 ],
			"faces": {
				"down": { "uv": [ 0, 0, 16, 16 ], "texture": "#stone_slab_top", "cullface": "down" },
				"up": { "uv": [ 0, 0, 16, 16 ], "texture": "#particle" },
				"north": { "uv": [ 0, 0, 16, 2 ], "texture": "#side", "cullface": "north" },
				"south": { "uv": [ 0, 0, 16, 2 ], "texture": "#side", "cullface": "south" },
				"west": { "uv": [ 0, 2, 16, 4 ], "texture": "#side", "cullface": "west" },
				"east": { "uv": [ 0, 2, 16, 4 ], "texture": "#side", "cullface": "east" }
			}
		}
	]
}