{
	"__comment": "Designed by HanFox with Cubik Studio - https://cubik.studio",
	"textures": {
		"particle": "blocks/repeater_off",
		"side": "blocks/_bdc/repeater_side",
		"redstone_torch_off": "blocks/redstone_torch_off",
		"stone_slab_top": "blocks/stone_slab_top"
	},
	"elements": [ 	 
		{
			"__comment": "Element",
			"from": [ 7, 2, 2 ],
			"to": [ 9, 6, 4 ],
			"faces": {
				"north": { "uv": [ 7, 8.5, 9, 12.5 ], "texture": "#redstone_torch_off" },
				"south": { "uv": [ 7, 8.5, 9, 12.5 ], "texture": "#redstone_torch_off" },
				"west": { "uv": [ 7, 8.5, 9, 12.5 ], "texture": "#redstone_torch_off" },
				"east": { "uv": [ 7, 8.5, 9, 12.5 ], "texture": "#redstone_torch_off" }
			}
		},
		{
			"__comment": "Element",
			"from": [ 7, 2, 12 ],
			"to": [ 9, 6, 14 ],
			"faces": {
				"down": { "uv": [ 9, 4, 7, 2 ], "texture": "#redstone_torch_off" },
				"north": { "uv": [ 7, 8.5, 9, 12.5 ], "texture": "#redstone_torch_off" },
				"south": { "uv": [ 7, 8.5, 9, 12.5 ], "texture": "#redstone_torch_off" },
				"west": { "uv": [ 7, 8.5, 9, 12.5 ], "texture": "#redstone_torch_off" },
				"east": { "uv": [ 7, 8.5, 9, 12.5 ], "texture": "#redstone_torch_off" }
			}
		},
		{
			"__comment": "Element",
			"from": [ 7, 6, 2 ],
			"to": [ 9, 8, 4 ],
			"faces": {
				"up": { "uv": [ 0, 12, 2, 14 ], "texture": "#redstone_torch_off" },
				"north": { "uv": [ 0, 12, 2, 14 ], "texture": "#redstone_torch_off" },
				"south": { "uv": [ 0, 12, 2, 14 ], "texture": "#redstone_torch_off" },
				"west": { "uv": [ 0, 12, 2, 14 ], "texture": "#redstone_torch_off" },
				"east": { "uv": [ 0, 12, 2, 14 ], "texture": "#redstone_torch_off" }
			}
		},
		{
			"__comment": "Element",
			"from": [ 7, 6, 12 ],
			"to": [ 9, 8, 14 ],
			"faces": {
				"up": { "uv": [ 0, 12, 2, 14 ], "texture": "#redstone_torch_off" },
				"north": { "uv": [ 0, 12, 2, 14 ], "texture": "#redstone_torch_off" },
				"south": { "uv": [ 0, 12, 2, 14 ], "texture": "#redstone_torch_off" },
				"west": { "uv": [ 0, 12, 2, 14 ], "texture": "#redstone_torch_off" },
				"east": { "uv": [ 0, 12, 2, 14 ], "texture": "#redstone_torch_off" }
			}
		},
		{
			"__comment": "Box12",
			"from": [ 0, 0, 0 ],
			"to": [ 16, 2, 16 ],
			"faces": {
				"down": { "uv": [ 0, 0, 16, 16 ], "texture": "#stone_slab_top", "cullface": "down" },
				"up": { "uv": [ 0, 0, 16, 16 ], "texture": "#particle" },
				"north": { "uv": [ 0, 0, 16, 2 ], "texture": "#side", "cullface": "north" },
				"south": { "uv": [ 0, 0, 16, 2 ], "texture": "#side", "cullface": "south" },
				"west": { "uv": [ 0, 2, 16, 4 ], "texture": "#side", "cullface": "west" },
				"east": { "uv": [ 0, 2, 16, 4 ], "texture": "#side", "cullface": "east" }
			}
		}
	]
}