{
	"__comment": "Designed by HanFox with Cubik Studio - https://cubik.studio",
	"ambientocclusion": false,
	"textures": {
		"particle": "blocks/door_spruce_upper",
		"texture": "blocks/door_spruce_upper"
	},
	"elements": [ 	 
		{
			"__comment": "Box1",
			"from": [ 0, 0, 0 ],
			"to": [ 3, 16, 16 ],
			"faces": {
				"up": { "uv": [ 13, 1, 16, 1.5 ], "texture": "#texture", "cullface": "up" },
				"north": { "uv": [ 0, 0, 0.5, 16 ], "texture": "#texture", "cullface": "north" },
				"south": { "uv": [ 13, 1, 16, 1.5 ], "texture": "#texture", "cullface": "south" },
				"west": { "uv": [ 0, 0, 16, 16 ], "texture": "#texture", "cullface": "west" },
				"east": { "uv": [ 16, 0, 0, 16 ], "texture": "#texture" }
			}
		}
	]
}