{
	"__comment": "Designed with BDcraft Cubik Virtuoso - http://BDcraft.net/cubik",
	"parent": "block/block",
	"textures": {
		"particle": "blocks/planks_oak",
		"hook": "blocks/trip_wire_source",
		"wood": "blocks/planks_oak",
		"tripwire": "blocks/trip_wire"
	},
	"elements": [ 	 
		{
			"__comment": "Wire",
			"from": [ 7.75, 1.5, 0.5 ],
			"to": [ 8.25, 1.501, 7.5 ],
			"rotation": { "origin": [ 8, 0, 0.5 ], "axis": "x", "angle": -22.5, "rescale": true },
			"faces": {
				"down": { "uv": [ 0, 4, 16, 2 ], "texture": "#tripwire", "rotation": 90 },
				"up": { "uv": [ 0, 2, 16, 4 ], "texture": "#tripwire", "rotation": 90 }
			}
		},
		{
			"__comment": "Element",
			"from": [ 6.2, 4.2, 6.7 ],
			"to": [ 9.8, 5, 10.3 ],
			"rotation": { "origin": [ 8, 4.2, 6.7 ], "axis": "x", "angle": -22.5 },
			"faces": {
				"down": { "uv": [ 5, 9, 11, 3 ], "texture": "#hook" },
				"up": { "uv": [ 5, 3, 11, 9 ], "texture": "#hook" },
				"north": { "uv": [ 11, 3, 5, 2 ], "texture": "#hook" },
				"south": { "uv": [ 11, 3, 5, 2 ], "texture": "#hook" },
				"west": { "uv": [ 11, 3, 5, 2 ], "texture": "#hook" },
				"east": { "uv": [ 11, 3, 5, 2 ], "texture": "#hook" }
			}
		},
		{
			"__comment": "Element",
			"from": [ 7.4, 4.2, 9.099999 ],
			"to": [ 8.6, 5, 9.101 ],
			"rotation": { "origin": [ 8, 4.2, 6.7 ], "axis": "x", "angle": -22.5 },
			"faces": {
				"north": { "uv": [ 9, 3, 7, 2 ], "texture": "#hook" }
			}
		},
		{
			"__comment": "Element",
			"from": [ 7.4, 4.2, 7.9 ],
			"to": [ 8.6, 5, 7.901 ],
			"rotation": { "origin": [ 8, 4.2, 6.7 ], "axis": "x", "angle": -22.5 },
			"faces": {
				"south": { "uv": [ 9, 3, 7, 2 ], "texture": "#hook" }
			}
		},
		{
			"__comment": "Element",
			"from": [ 7.4, 4.2, 7.9 ],
			"to": [ 7.401, 5, 9.1 ],
			"rotation": { "origin": [ 8, 4.2, 6.7 ], "axis": "x", "angle": -22.5 },
			"faces": {
				"east": { "uv": [ 9, 3, 7, 2 ], "texture": "#hook" }
			}
		},
		{
			"__comment": "Element",
			"from": [ 8.599999, 4.2, 7.9 ],
			"to": [ 8.601, 5, 9.1 ],
			"rotation": { "origin": [ 8, 4.2, 6.7 ], "axis": "x", "angle": -22.5 },
			"faces": {
				"west": { "uv": [ 9, 3, 7, 2 ], "texture": "#hook" }
			}
		},
		{
			"__comment": "Element",
			"from": [ 7.4, 5.2, 10 ],
			"to": [ 8.799999, 6.8, 14 ],
			"faces": {
				"down": { "uv": [ 9, 16, 7, 9 ], "texture": "#hook" },
				"up": { "uv": [ 9, 16, 7, 9 ], "texture": "#hook" },
				"north": { "uv": [ 9, 14, 11, 16 ], "texture": "#hook" },
				"west": { "uv": [ 9, 9, 7, 16 ], "texture": "#hook", "rotation": 270 },
				"east": { "uv": [ 7, 16, 9, 9 ], "texture": "#hook", "rotation": 90 }
			}
		},
		{
			"__comment": "Element",
			"from": [ 6, 5, 14 ],
			"to": [ 10, 9, 16 ],
			"faces": {
				"up": { "uv": [ 16, 4, 0, 0 ], "texture": "#wood" },
				"north": { "uv": [ 7.5, 4, 16, 8 ], "texture": "#wood", "rotation": 90 },
				"south": { "uv": [ 7.5, 4, 16, 8 ], "texture": "#wood", "cullface": "south", "rotation": 90 },
				"west": { "uv": [ 16, 12, 7.5, 16 ], "texture": "#wood", "rotation": 270 },
				"east": { "uv": [ 8.5, 8, 0, 12 ], "texture": "#wood", "rotation": 270 }
			}
		},
		{
			"__comment": "Element",
			"from": [ 6, 1, 14 ],
			"to": [ 10, 5, 16 ],
			"faces": {
				"down": { "uv": [ 16, 12, 0, 8 ], "texture": "#wood" },
				"north": { "uv": [ 0, 4, 7.5, 8 ], "texture": "#wood", "rotation": 90 },
				"south": { "uv": [ 0, 4, 7.5, 8 ], "texture": "#wood", "cullface": "south", "rotation": 90 },
				"west": { "uv": [ 7.5, 12, 0, 16 ], "texture": "#wood", "rotation": 270 },
				"east": { "uv": [ 16, 8, 7.5, 12 ], "texture": "#wood", "rotation": 270 }
			}
		}
	]
}