{
	"__comment": "Designed by HanFox with Cubik Studio - https://cubik.studio",
	"parent": "block/thin_block",
	"ambientocclusion": false,
	"textures": {
		"particle": "blocks/trapdoor",
		"texture": "blocks/trapdoor"
	},
	"elements": [ 	 
		{
			"__comment": "Box7",
			"from": [ 13, 13, 0 ],
			"to": [ 16, 16, 16 ],
			"faces": {
				"down": { "uv": [ 0, 0, 3, 16 ], "texture": "#texture", "rotation": 180 },
				"up": { "uv": [ 0, 0, 3, 16 ], "texture": "#texture", "cullface": "up", "rotation": 180 },
				"north": { "uv": [ 0, 4, 3, 4.5 ], "texture": "#texture", "cullface": "north", "rotation": 90 },
				"south": { "uv": [ 0, 4, 3, 4.5 ], "texture": "#texture", "cullface": "south", "rotation": 90 },
				"west": { "uv": [ 0, 0, 16, 3 ], "texture": "#texture" },
				"east": { "uv": [ 0, 4, 3, 4.5 ], "texture": "#texture", "cullface": "east", "rotation": 90 }
			}
		},
		{
			"__comment": "Box8",
			"from": [ 0, 13, 0 ],
			"to": [ 3, 16, 16 ],
			"faces": {
				"down": { "uv": [ 13, 0, 16, 16 ], "texture": "#texture", "rotation": 180 },
				"up": { "uv": [ 13, 0, 16, 16 ], "texture": "#texture", "cullface": "up", "rotation": 180 },
				"north": { "uv": [ 0, 4, 3, 4.5 ], "texture": "#texture", "cullface": "north", "rotation": 90 },
				"south": { "uv": [ 0, 4, 3, 4.5 ], "texture": "#texture", "cullface": "south", "rotation": 90 },
				"west": { "uv": [ 0, 4, 3, 4.5 ], "texture": "#texture", "cullface": "west", "rotation": 90 },
				"east": { "uv": [ 0, 0, 3, 16 ], "texture": "#texture", "rotation": 90 }
			}
		},
		{
			"__comment": "Box9",
			"from": [ 3, 13, 13 ],
			"to": [ 13, 16, 16 ],
			"faces": {
				"down": { "uv": [ 3, 13, 13, 16 ], "texture": "#texture", "rotation": 180 },
				"up": { "uv": [ 3, 0, 13, 3 ], "texture": "#texture", "cullface": "up", "rotation": 180 },
				"north": { "uv": [ 3, 0, 13, 3 ], "texture": "#texture" },
				"south": { "uv": [ 0, 4, 3, 4.5 ], "texture": "#texture", "cullface": "south", "rotation": 90 }
			}
		},
		{
			"__comment": "Box10",
			"from": [ 3, 13, 0 ],
			"to": [ 13, 16, 3 ],
			"faces": {
				"down": { "uv": [ 3, 0, 13, 3 ], "texture": "#texture", "rotation": 180 },
				"up": { "uv": [ 3, 13, 13, 16 ], "texture": "#texture", "cullface": "up", "rotation": 180 },
				"north": { "uv": [ 0, 4, 3, 4.5 ], "texture": "#texture", "cullface": "north", "rotation": 90 },
				"south": { "uv": [ 3, 0, 13, 3 ], "texture": "#texture" }
			}
		},
		{
			"__comment": "Box11",
			"from": [ 6, 13, 10 ],
			"to": [ 10, 16, 13 ],
			"faces": {
				"down": { "uv": [ 6, 10, 10, 13 ], "texture": "#texture", "rotation": 180 },
				"up": { "uv": [ 6, 3, 10, 6 ], "texture": "#texture", "cullface": "up", "rotation": 180 },
				"west": { "uv": [ 10, 0, 13, 3 ], "texture": "#texture" },
				"east": { "uv": [ 3, 0, 6, 3 ], "texture": "#texture" }
			}
		},
		{
			"__comment": "Box12",
			"from": [ 6, 13, 3 ],
			"to": [ 10, 16, 6 ],
			"faces": {
				"down": { "uv": [ 6, 3, 10, 6 ], "texture": "#texture", "rotation": 180 },
				"up": { "uv": [ 6, 10, 10, 13 ], "texture": "#texture", "cullface": "up", "rotation": 180 },
				"west": { "uv": [ 3, 0, 6, 3 ], "texture": "#texture" },
				"east": { "uv": [ 10, 0, 13, 3 ], "texture": "#texture" }
			}
		},
		{
			"__comment": "Box13",
			"from": [ 3, 13, 6 ],
			"to": [ 13, 16, 10 ],
			"faces": {
				"down": { "uv": [ 3, 6, 13, 10 ], "texture": "#texture", "rotation": 180 },
				"up": { "uv": [ 3, 6, 13, 10 ], "texture": "#texture", "cullface": "up", "rotation": 180 },
				"north": { "uv": [ 3, 0, 13, 3 ], "texture": "#texture" },
				"south": { "uv": [ 3, 0, 13, 3 ], "texture": "#texture" }
			}
		}
	]
}