{   "parent": "block/block",
	"textures": {
        "bomb_square_light": "zelda/bomb/bomb_square_light",
		"bomb_square_dark": "zelda/bomb/bomb_square_dark",
		"bomb_diamond_light_1": "zelda/bomb/bomb_diamond_light_1",
		"bomb_diamond_light_2": "zelda/bomb/bomb_diamond_light_2",
		"bomb_diamond_med_1": "zelda/bomb/bomb_diamond_med_1",
		"bomb_diamond_med_2": "zelda/bomb/bomb_diamond_med_2",
		"bomb_diamond_dark_1": "zelda/bomb/bomb_diamond_dark_1",
		"bomb_diamond_dark_2": "zelda/bomb/bomb_diamond_dark_2",
		"bomb_diamond_dark_3": "zelda/bomb/bomb_diamond_dark_3",
		"silver_metal": "zelda/bomb/iron",
		"fuse": "zelda/bomb/wood"
    },
	"display": {
		"fixed": {
			"scale": [1, 1, 1],
			"translation": [0, 0, -10],
			"rotation": [-70, 0, 0]
		}
	},
    "elements": [
        {
            "from": [ 7.25, 19.5, 7.25 ],
            "to": [ 8.75, 22, 8.75 ],
			"rotation": {
                "origin": [ 8.75, 19.5, 7.25 ],
                "axis": "x",
                "angle": 22.5,
                "rescale": false
            },
            "faces": {
                "north": { "uv": [ 7, 2, 8, 5 ], "texture": "#fuse" },
                "south": { "uv": [ 7, 6, 8, 9 ], "texture": "#fuse" },
                "up":    { "uv": [ 7, 5, 8, 6 ], "texture": "#fuse" },
				"west":  { "uv": [ 7, 2, 8, 5 ], "texture": "#fuse" },
                "east":  { "uv": [ 7, 6, 8, 9 ], "texture": "#fuse" }
            }
        },{
            "from": [ 7.25, 17, 7.25 ],
            "to": [ 8.75, 19.5, 8.75 ],
            "faces": {
                "north": { "uv": [ 7, 6, 8, 9 ], "texture": "#fuse" },
                "south": { "uv": [ 7, 2, 8, 5 ], "texture": "#fuse" },
				"west":  { "uv": [ 7, 2, 8, 5 ], "texture": "#fuse" },
                "east":  { "uv": [ 7, 6, 8, 9 ], "texture": "#fuse" }
            }
        },{
            "from": [ 5.75, 16, 5.75 ],
            "to": [ 10.25, 17, 10.25 ],
            "faces": {
                "north": { "uv": [ 4, 1, 13, 3 ], "texture": "#silver_metal" },
                "south": { "uv": [ 4, 1, 13, 3 ], "texture": "#silver_metal" },
                "up":    { "uv": [ 4, 0, 13, 9 ], "texture": "#silver_metal" },
				"west":  { "uv": [ 4, 1, 13, 3 ], "texture": "#silver_metal" },
                "east":  { "uv": [ 4, 1, 13, 3 ], "texture": "#silver_metal" }
            }
        },{
            "from": [ 4.696292, 4.696292, 0 ],
            "to": [ 11.313708, 11.313708, 16 ],
            "faces": {
                "north": { "uv": [ 8, 8, 16, 16 ], "texture": "#bomb_square_light" },
                "south": { "uv": [ 8, 0, 16, 8 ], "texture": "#bomb_square_dark" }
            }
        },
		{
            "from": [ 4.696292, 0, 4.696292 ],
            "to": [ 11.313708, 16, 11.313708 ],
            "faces": {
				"down":  { "uv": [ 8, 8, 16, 16 ], "texture": "#bomb_square_dark" },
                "up":    { "uv": [ 0, 8, 8, 16 ], "texture": "#bomb_square_light" }
            }
        },
		{
            "from": [ 0, 4.696292, 4.696292 ],
            "to": [ 16, 11.313708, 11.313708 ],
            "faces": {
				"west":  { "uv": [ 0, 0, 8, 8 ], "texture": "#bomb_square_dark" },
                "east":  { "uv": [ 0, 8, 8, 16 ], "texture": "#bomb_square_light" }
            }
        },
		{
            "from": [ 2.343146, 4.686292, 0 ],
            "to": [ 13.656854, 11.313708, 16 ],
			"rotation": {
                "origin": [ 8, 8, 8 ],
                "axis": "x",
                "angle": 45,
                "rescale": false
            },
            "faces": {
                "north": { "uv": [ 0, 3.34375, 16, 12.65625 ], "texture": "#bomb_diamond_light_2" },
                "south": { "uv": [ 0, 3.34375, 16, 12.65625 ], "texture": "#bomb_diamond_dark_3" }
            }
        },
		{
            "from": [ 2.343146, 4.686292, 0 ],
            "to": [ 13.656854, 11.313708, 16 ],
			"rotation": {
                "origin": [ 8, 8, 8 ],
                "axis": "x",
                "angle": -45,
                "rescale": false
            },
            "faces": {
				"north": { "uv": [ 0, 3.34375, 16, 12.65625 ], "texture": "#bomb_diamond_med_2" },
                "south": { "uv": [ 0, 3.34375, 16, 12.65625 ], "texture": "#bomb_diamond_med_2" }
            }
        },
		{
            "from": [ 4.686292, 2.343146, 0 ],
            "to": [ 11.313708, 13.656854, 16 ],
			"rotation": {
                "origin": [ 8, 8, 8 ],
                "axis": "y",
                "angle": 45,
                "rescale": false
            },
            "faces": {
                "north": { "uv": [ 3.34375, 0, 12.65625, 16 ], "texture": "#bomb_diamond_med_1" },
                "south": { "uv": [ 3.34375, 0, 12.65625, 16 ], "texture": "#bomb_diamond_med_1" }
            }
        },
		{
            "from": [ 4.686292, 2.343146, 0 ],
            "to": [ 11.313708, 13.656854, 16 ],
			"rotation": {
                "origin": [ 8, 8, 8 ],
                "axis": "y",
                "angle": -45,
                "rescale": false
            },
            "faces": {
                "north": { "uv": [ 3.34375, 0, 12.65625, 16 ], "texture": "#bomb_diamond_light_1" },
                "south": { "uv": [ 3.34375, 0, 12.65625, 16 ], "texture": "#bomb_diamond_dark_1" }
            }
        },
		{
            "from": [ 4.686292, 0, 2.343146 ],
            "to": [ 11.313708, 16, 13.656854 ],
			"rotation": {
                "origin": [ 8, 8, 8 ],
                "axis": "z",
                "angle": 45,
                "rescale": false
            },
            "faces": {
                "down": { "uv": [ 3.34375, 0, 12.65625, 16 ], "texture": "#bomb_diamond_med_1" },
                "up": { "uv": [ 3.34375, 0, 12.65625, 16 ], "texture": "#bomb_diamond_med_1" }
            }
        },
		{
            "from": [ 4.686292, 0, 2.343146 ],
            "to": [ 11.313708, 16, 13.656854 ],
			"rotation": {
                "origin": [ 8, 8, 8 ],
                "axis": "z",
                "angle": -45,
                "rescale": false
            },
            "faces": {
                "down": { "uv": [ 3.34375, 0, 12.65625, 16 ], "texture": "#bomb_diamond_dark_2" },
                "up": { "uv": [ 3.34375, 0, 12.65625, 16 ], "texture": "#bomb_diamond_light_1" }
            }
        }
    ]
}