{
	"credit": "Made with Blockbench",
	"textures": {
		"0": "zelda/bomb/bombchu/shell",
		"1": "zelda/bomb/bombchu/body",
		"2": "zelda/bomb/bombchu/highlights",
		"3": "zelda/bomb/bombchu/nose",
		"4": "zelda/bomb/bombchu/whisker",
		"particle": "zelda/bomb/bombchu/shell"
	},
	"elements": [
		{
			"from": [5.5, 0, 3.25],
			"to": [10.5, 2.25, 5],
			"faces": {
				"north": {"uv": [0, 0, 5, 2.25], "texture": "#0"},
				"east": {"uv": [0, 0, 1.75, 2.25], "texture": "#0"},
				"south": {"uv": [0, 0, 5, 2.25], "texture": "#0"},
				"west": {"uv": [0, 0, 1.75, 2.25], "texture": "#0"},
				"up": {"uv": [0, 0, 5, 1.75], "texture": "#0"},
				"down": {"uv": [0, 0, 5, 1.75], "texture": "#1"}
			}
		},
		{
			"from": [5, 0, 4],
			"to": [11, 1, 6.25],
			"faces": {
				"north": {"uv": [0, 0, 6, 1], "texture": "#0"},
				"east": {"uv": [0, 0, 2.25, 1], "texture": "#0"},
				"south": {"uv": [0, 0, 6, 1], "texture": "#0"},
				"west": {"uv": [0, 0, 2.25, 1], "texture": "#0"},
				"up": {"uv": [0, 0, 6, 2.25], "texture": "#0"},
				"down": {"uv": [0, 0, 6, 2.25], "texture": "#1"}
			}
		},
		{
			"from": [6.5, 0, 2],
			"to": [9.5, 2.5, 3.25],
			"faces": {
				"north": {"uv": [0, 0, 3, 2.5], "texture": "#0"},
				"east": {"uv": [0, 0, 1.25, 2.5], "texture": "#0"},
				"south": {"uv": [0, 0, 3, 2.5], "texture": "#0"},
				"west": {"uv": [0, 0, 1.25, 2.5], "texture": "#0"},
				"up": {"uv": [0, 0, 3, 1.25], "texture": "#0"},
				"down": {"uv": [0, 0, 3, 1.25], "texture": "#1"}
			}
		},
		{
			"from": [7.5, 3.375, 1.175],
			"to": [8.5, 6.625, 2.175],
			"rotation": {"angle": 45, "axis": "x", "origin": [1, 0.5, 1.5]},
			"faces": {
				"north": {"uv": [0, 0, 1, 3.25], "texture": "#0"},
				"east": {"uv": [0, 0, 1, 3.25], "texture": "#0"},
				"south": {"uv": [0, 0, 1, 3.25], "texture": "#0"},
				"west": {"uv": [0, 0, 1, 3.25], "texture": "#0"},
				"up": {"uv": [0, 0, 1, 1], "texture": "#0"},
				"down": {"uv": [0, 0, 1, 1], "texture": "#0"}
			}
		},
		{
			"from": [5.5, 2.875, 1.925],
			"to": [6.5, 9.625, 2.925],
			"rotation": {"angle": 45, "axis": "x", "origin": [1, 0.5, 1.5]},
			"faces": {
				"north": {"uv": [0, 0, 1, 6.75], "texture": "#0"},
				"east": {"uv": [0, 0, 1, 6.75], "texture": "#0"},
				"south": {"uv": [0, 0, 1, 6.75], "texture": "#0"},
				"west": {"uv": [0, 0, 1, 6.75], "texture": "#0"},
				"up": {"uv": [0, 0, 1, 1], "texture": "#0"},
				"down": {"uv": [0, 0, 1, 1], "texture": "#0"}
			}
		},
		{
			"from": [5, 2.625, 2.925],
			"to": [6, 11.125, 3.925],
			"rotation": {"angle": 45, "axis": "x", "origin": [1, 0.5, 1.5]},
			"faces": {
				"north": {"uv": [0, 0, 1, 8.5], "texture": "#0"},
				"east": {"uv": [0, 0, 1, 8.5], "texture": "#0"},
				"south": {"uv": [0, 0, 1, 8.5], "texture": "#0"},
				"west": {"uv": [0, 0, 1, 8.5], "texture": "#0"},
				"up": {"uv": [0, 0, 1, 1], "texture": "#0"},
				"down": {"uv": [0, 0, 1, 1], "texture": "#0"}
			}
		},
		{
			"from": [4.5, 3.625, 3.925],
			"to": [5.5, 12.625, 4.925],
			"rotation": {"angle": 45, "axis": "x", "origin": [1, 0.5, 1.5]},
			"faces": {
				"north": {"uv": [0, 0, 1, 9], "texture": "#0"},
				"east": {"uv": [0, 0, 1, 9], "texture": "#0"},
				"south": {"uv": [0, 0, 1, 9], "texture": "#0"},
				"west": {"uv": [0, 0, 1, 9], "texture": "#0"},
				"up": {"uv": [0, 0, 1, 1], "texture": "#0"},
				"down": {"uv": [0, 0, 1, 1], "texture": "#0"}
			}
		},
		{
			"from": [4, 4.625, 4.925],
			"to": [5, 14.125, 5.925],
			"rotation": {"angle": 45, "axis": "x", "origin": [1, 0.5, 1.5]},
			"faces": {
				"north": {"uv": [0, 0, 1, 9.5], "texture": "#0"},
				"east": {"uv": [0, 0, 1, 9.5], "texture": "#0"},
				"south": {"uv": [0, 0, 1, 9.5], "texture": "#0"},
				"west": {"uv": [0, 0, 1, 9.5], "texture": "#0"},
				"up": {"uv": [0, 0, 1, 1], "texture": "#0"},
				"down": {"uv": [0, 0, 1, 1], "texture": "#0"}
			}
		},
		{
			"from": [9.5, 2.875, 1.925],
			"to": [10.5, 9.625, 2.925],
			"rotation": {"angle": 45, "axis": "x", "origin": [16, 0.5, 1.5]},
			"faces": {
				"north": {"uv": [1, 0, 2, 6.75], "texture": "#0"},
				"east": {"uv": [1, 0, 2, 6.75], "texture": "#0"},
				"south": {"uv": [1, 0, 2, 6.75], "texture": "#0"},
				"west": {"uv": [1, 0, 2, 6.75], "texture": "#0"},
				"up": {"uv": [1, 0, 2, 1], "texture": "#0"},
				"down": {"uv": [1, 0, 2, 1], "texture": "#0"}
			}
		},
		{
			"from": [10, 2.625, 2.925],
			"to": [11, 11.125, 3.925],
			"rotation": {"angle": 45, "axis": "x", "origin": [16, 0.5, 1.5]},
			"faces": {
				"north": {"uv": [1, 0, 2, 8.5], "texture": "#0"},
				"east": {"uv": [1, 0, 2, 8.5], "texture": "#0"},
				"south": {"uv": [1, 0, 2, 8.5], "texture": "#0"},
				"west": {"uv": [1, 0, 2, 8.5], "texture": "#0"},
				"up": {"uv": [1, 0, 2, 1], "texture": "#0"},
				"down": {"uv": [1, 0, 2, 1], "texture": "#0"}
			}
		},
		{
			"from": [10.5, 3.625, 3.925],
			"to": [11.5, 12.625, 4.925],
			"rotation": {"angle": 45, "axis": "x", "origin": [16, 0.5, 1.5]},
			"faces": {
				"north": {"uv": [1, 0, 2, 9], "texture": "#0"},
				"east": {"uv": [1, 0, 2, 9], "texture": "#0"},
				"south": {"uv": [1, 0, 2, 9], "texture": "#0"},
				"west": {"uv": [1, 0, 2, 9], "texture": "#0"},
				"up": {"uv": [1, 0, 2, 1], "texture": "#0"},
				"down": {"uv": [1, 0, 2, 1], "texture": "#0"}
			}
		},
		{
			"from": [11, 4.625, 4.925],
			"to": [12, 14.125, 5.925],
			"rotation": {"angle": 45, "axis": "x", "origin": [16, 0.5, 1.5]},
			"faces": {
				"north": {"uv": [1, 0, 2, 9.5], "texture": "#0"},
				"east": {"uv": [1, 0, 2, 9.5], "texture": "#0"},
				"south": {"uv": [1, 0, 2, 9.5], "texture": "#0"},
				"west": {"uv": [1, 0, 2, 9.5], "texture": "#0"},
				"up": {"uv": [1, 0, 2, 1], "texture": "#0"},
				"down": {"uv": [1, 0, 2, 1], "texture": "#0"}
			}
		},
		{
			"from": [8.5, 1.875, 1.425],
			"to": [9.5, 8.375, 2.425],
			"rotation": {"angle": 45, "axis": "x", "origin": [16, 0.5, 1.5]},
			"faces": {
				"north": {"uv": [1, 0, 2, 6.5], "texture": "#0"},
				"east": {"uv": [1, 0, 2, 6.5], "texture": "#0"},
				"south": {"uv": [1, 0, 2, 6.5], "texture": "#0"},
				"west": {"uv": [1, 0, 2, 6.5], "texture": "#0"},
				"up": {"uv": [1, 0, 2, 1], "texture": "#0"},
				"down": {"uv": [1, 0, 2, 1], "texture": "#0"}
			}
		},
		{
			"from": [6.5, 1.875, 1.425],
			"to": [7.5, 8.375, 2.425],
			"rotation": {"angle": 45, "axis": "x", "origin": [1, 0.5, 1.5]},
			"faces": {
				"north": {"uv": [0, 0, 1, 6.5], "texture": "#0"},
				"east": {"uv": [0, 0, 1, 6.5], "texture": "#0"},
				"south": {"uv": [0, 0, 1, 6.5], "texture": "#0"},
				"west": {"uv": [0, 0, 1, 6.5], "texture": "#0"},
				"up": {"uv": [0, 0, 1, 1], "texture": "#0"},
				"down": {"uv": [0, 0, 1, 1], "texture": "#0"}
			}
		},
		{
			"from": [4.5, 0, 5.425],
			"to": [11.5, 1, 7.675],
			"faces": {
				"north": {"uv": [0, 0, 7, 1], "texture": "#0"},
				"east": {"uv": [0, 0, 2.25, 1], "texture": "#0"},
				"south": {"uv": [0, 0, 7, 1], "texture": "#0"},
				"west": {"uv": [0, 0, 2.25, 1], "texture": "#0"},
				"up": {"uv": [0, 0, 7, 2.25], "texture": "#0"},
				"down": {"uv": [0, 0, 7, 2.25], "texture": "#1"}
			}
		},
		{
			"from": [4, 0, 6.825],
			"to": [12, 1, 8.075],
			"faces": {
				"north": {"uv": [0, 0, 8, 1], "texture": "#0"},
				"east": {"uv": [0, 0, 1.25, 1], "texture": "#0"},
				"south": {"uv": [0, 0, 8, 1], "texture": "#0"},
				"west": {"uv": [0, 0, 1.25, 1], "texture": "#0"},
				"up": {"uv": [0, 0, 8, 1.25], "texture": "#0"},
				"down": {"uv": [0, 0, 8, 1.25], "texture": "#1"}
			}
		},
		{
			"from": [7.35, 5.125, 1.75],
			"to": [8.6, 7.875, 2.75],
			"rotation": {"angle": 45, "axis": "x", "origin": [1, 0.5, 1.5]},
			"faces": {
				"north": {"uv": [0, 0, 1.25, 2.75], "texture": "#2"},
				"east": {"uv": [0, 0, 1, 2.75], "texture": "#2"},
				"south": {"uv": [0, 0, 1.25, 2.75], "texture": "#2"},
				"west": {"uv": [0, 0, 1, 2.75], "texture": "#2"},
				"up": {"uv": [0, 0, 1.25, 1], "texture": "#2"},
				"down": {"uv": [0, 0, 1.25, 1], "texture": "#2"}
			}
		},
		{
			"from": [6.5, 2.075, 8.9],
			"to": [9.5, 3.075, 10.4],
			"rotation": {"angle": -22.5, "axis": "x", "origin": [1, 0.5, 1.5]},
			"faces": {
				"north": {"uv": [0, 0, 3, 1], "rotation": 180, "texture": "#2"},
				"east": {"uv": [0, 0, 1, 1.5], "rotation": 270, "texture": "#2"},
				"south": {"uv": [0, 0, 3, 1], "texture": "#2"},
				"west": {"uv": [0, 0, 1, 1.5], "rotation": 90, "texture": "#2"},
				"up": {"uv": [0, 0, 3, 1.5], "rotation": 180, "texture": "#2"},
				"down": {"uv": [0, 0, 3, 1.5], "texture": "#2"}
			}
		},
		{
			"from": [7.5, 2.075, 8.4],
			"to": [8.5, 3.075, 8.9],
			"rotation": {"angle": -22.5, "axis": "x", "origin": [1, 0.5, 1.5]},
			"faces": {
				"north": {"uv": [0, 0, 1, 1], "rotation": 180, "texture": "#2"},
				"east": {"uv": [0, 0, 1, 0.5], "rotation": 270, "texture": "#2"},
				"south": {"uv": [0, 0, 1, 1], "texture": "#2"},
				"west": {"uv": [0, 0, 1, 0.5], "rotation": 90, "texture": "#2"},
				"up": {"uv": [0, 0, 1, 0.5], "rotation": 180, "texture": "#2"},
				"down": {"uv": [0, 0, 1, 0.5], "texture": "#2"}
			}
		},
		{
			"from": [5.525, 3, 8],
			"to": [10.475, 5.75, 10],
			"faces": {
				"north": {"uv": [0, 0, 4.95, 2.75], "texture": "#1"},
				"east": {"uv": [0, 0, 2, 2.75], "texture": "#1"},
				"south": {"uv": [0, 0, 4.95, 2.75], "texture": "#1"},
				"west": {"uv": [0, 0, 2, 2.75], "texture": "#1"},
				"up": {"uv": [0, 0, 4.95, 2], "texture": "#1"},
				"down": {"uv": [0, 0, 4.95, 2], "texture": "#1"}
			}
		},
		{
			"from": [5.5, 3, 9],
			"to": [10.5, 4.75, 11],
			"faces": {
				"north": {"uv": [0, 0, 5, 1.75], "texture": "#1"},
				"east": {"uv": [0, 0, 2, 1.75], "texture": "#1"},
				"south": {"uv": [0, 0, 5, 1.75], "texture": "#1"},
				"west": {"uv": [0, 0, 2, 1.75], "texture": "#1"},
				"up": {"uv": [0, 0, 5, 2], "texture": "#1"},
				"down": {"uv": [0, 0, 5, 2], "texture": "#1"}
			}
		},
		{
			"from": [5.5, 3, 10],
			"to": [10.5, 3.75, 12],
			"faces": {
				"north": {"uv": [0, 0, 5, 0.75], "texture": "#1"},
				"east": {"uv": [0, 0, 2, 0.75], "texture": "#1"},
				"south": {"uv": [0, 0, 5, 0.75], "texture": "#1"},
				"west": {"uv": [0, 0, 2, 0.75], "texture": "#1"},
				"up": {"uv": [0, 0, 5, 2], "texture": "#1"},
				"down": {"uv": [0, 0, 5, 2], "texture": "#1"}
			}
		},
		{
			"from": [5.5, 0, 10],
			"to": [10.5, 3, 13],
			"faces": {
				"north": {"uv": [0, 0, 5, 3], "texture": "#1"},
				"east": {"uv": [0, 0, 3, 3], "texture": "#1"},
				"south": {"uv": [0, 0, 5, 3], "texture": "#1"},
				"west": {"uv": [0, 0, 3, 3], "texture": "#1"},
				"up": {"uv": [0, 0, 5, 3], "texture": "#1"},
				"down": {"uv": [0, 0, 5, 3], "texture": "#1"}
			}
		},
		{
			"from": [6.5, 0, 13],
			"to": [9.5, 2, 14],
			"faces": {
				"north": {"uv": [0, 0, 3, 2], "texture": "#1"},
				"east": {"uv": [0, 0, 1, 2], "texture": "#1"},
				"south": {"uv": [0, 0, 3, 2], "texture": "#1"},
				"west": {"uv": [0, 0, 1, 2], "texture": "#1"},
				"up": {"uv": [0, 0, 3, 1], "texture": "#1"},
				"down": {"uv": [0, 0, 3, 1], "texture": "#1"}
			}
		},
		{
			"from": [7, 0, 14],
			"to": [9, 1, 15],
			"faces": {
				"north": {"uv": [0, 0, 2, 1], "texture": "#1"},
				"east": {"uv": [0, 0, 1, 1], "texture": "#1"},
				"south": {"uv": [0, 0, 2, 1], "texture": "#1"},
				"west": {"uv": [0, 0, 1, 1], "texture": "#1"},
				"up": {"uv": [0, 0, 2, 1], "texture": "#1"},
				"down": {"uv": [0, 0, 2, 1], "texture": "#1"}
			}
		},
		{
			"from": [7.75, 0, 15],
			"to": [8.25, 0.5, 17],
			"faces": {
				"north": {"uv": [0, 0, 0.5, 0.5], "texture": "#1"},
				"east": {"uv": [0, 0, 2, 0.5], "texture": "#1"},
				"south": {"uv": [0, 0, 0.5, 0.5], "texture": "#1"},
				"west": {"uv": [0, 0, 2, 0.5], "texture": "#1"},
				"up": {"uv": [0, 0, 0.5, 2], "texture": "#1"},
				"down": {"uv": [0, 0, 0.5, 2], "texture": "#1"}
			}
		},
		{
			"from": [4.525, 0, 8],
			"to": [11.475, 3.5, 10.5],
			"faces": {
				"north": {"uv": [0, 0, 6.95, 3.5], "texture": "#1"},
				"east": {"uv": [0, 0, 2.5, 3.5], "texture": "#1"},
				"south": {"uv": [0, 0, 6.95, 3.5], "texture": "#1"},
				"west": {"uv": [0, 0, 2.5, 3.5], "texture": "#1"},
				"up": {"uv": [0, 0, 6.95, 2.5], "texture": "#1"},
				"down": {"uv": [0, 0, 6.95, 2.5], "texture": "#1"}
			}
		},
		{
			"from": [7.5, 0.5, 1],
			"to": [8.5, 1.75, 2],
			"faces": {
				"north": {"uv": [0, 0, 1, 1.25], "texture": "#3"},
				"east": {"uv": [0, 0, 1, 1.25], "texture": "#3"},
				"south": {"uv": [0, 0, 1, 1.25], "texture": "#3"},
				"west": {"uv": [0, 0, 1, 1.25], "texture": "#3"},
				"up": {"uv": [0, 0, 1, 1], "texture": "#3"},
				"down": {"uv": [0, 0, 1, 1], "texture": "#3"}
			}
		},
		{
			"from": [5.75, 1.5, 1.25],
			"to": [7.75, 1.75, 1.5],
			"rotation": {"angle": -22.5, "axis": "z", "origin": [7, 1.5, 1.5]},
			"faces": {
				"north": {"uv": [0, 0, 2, 0.25], "texture": "#4"},
				"east": {"uv": [0, 0, 0.25, 0.25], "rotation": 180, "texture": "#4"},
				"south": {"uv": [0, 0, 2, 0.25], "texture": "#4"},
				"west": {"uv": [0, 0, 0.25, 0.25], "rotation": 180, "texture": "#4"},
				"up": {"uv": [0, 0, 2, 0.25], "rotation": 180, "texture": "#4"},
				"down": {"uv": [0, 0, 2, 0.25], "rotation": 180, "texture": "#4"}
			}
		},
		{
			"from": [8.25, 1.5, 1.25],
			"to": [10.25, 1.75, 1.5],
			"rotation": {"angle": 22.5, "axis": "z", "origin": [9, 1.5, 1.5]},
			"faces": {
				"north": {"uv": [2, 0, 0, 0.25], "texture": "#4"},
				"east": {"uv": [0.25, 0, 0, 0.25], "rotation": 180, "texture": "#4"},
				"south": {"uv": [2, 0, 0, 0.25], "texture": "#4"},
				"west": {"uv": [0.25, 0, 0, 0.25], "rotation": 180, "texture": "#4"},
				"up": {"uv": [2, 0, 0, 0.25], "rotation": 180, "texture": "#4"},
				"down": {"uv": [2, 0, 0, 0.25], "rotation": 180, "texture": "#4"}
			}
		},
		{
			"from": [8.25, 0.5, 1.25],
			"to": [10.25, 0.75, 1.5],
			"rotation": {"angle": -22.5, "axis": "z", "origin": [9, 0.75, 1.5]},
			"faces": {
				"north": {"uv": [2, 0.25, 4, 0.5], "texture": "#4"},
				"east": {"uv": [0.25, 0.25, 0.5, 0.5], "rotation": 180, "texture": "#4"},
				"south": {"uv": [2, 0.25, 4, 0.5], "texture": "#4"},
				"west": {"uv": [0.25, 0.25, 0.5, 0.5], "rotation": 180, "texture": "#4"},
				"up": {"uv": [2, 0.25, 4, 0.5], "rotation": 180, "texture": "#4"},
				"down": {"uv": [2, 0.25, 4, 0.5], "rotation": 180, "texture": "#4"}
			}
		},
		{
			"from": [5.75, 0.5, 1.25],
			"to": [7.75, 0.75, 1.5],
			"rotation": {"angle": 22.5, "axis": "z", "origin": [7, 0.75, 1.5]},
			"faces": {
				"north": {"uv": [0, 0.25, 2, 0.5], "texture": "#4"},
				"east": {"uv": [0, 0.25, 0.25, 0.5], "rotation": 180, "texture": "#4"},
				"south": {"uv": [0, 0.25, 2, 0.5], "texture": "#4"},
				"west": {"uv": [0, 0.25, 0.25, 0.5], "rotation": 180, "texture": "#4"},
				"up": {"uv": [0, 0.25, 2, 0.5], "rotation": 180, "texture": "#4"},
				"down": {"uv": [0, 0.25, 2, 0.5], "rotation": 180, "texture": "#4"}
			}
		},
		{
			"from": [6, 2, 3.5],
			"to": [8.25, 3.25, 4.75],
			"rotation": {"angle": -45, "axis": "z", "origin": [6.5, 3.5, 4]},
			"faces": {
				"north": {"uv": [0, 0, 2.25, 1.25], "texture": "#2"},
				"east": {"uv": [0, 0, 1.25, 1.25], "texture": "#2"},
				"south": {"uv": [0, 0, 2.25, 1.25], "texture": "#2"},
				"west": {"uv": [0, 0, 1.25, 1.25], "texture": "#2"},
				"up": {"uv": [0, 0, 2.25, 1.25], "texture": "#2"},
				"down": {"uv": [0, 0, 2.25, 1.25], "texture": "#2"}
			}
		},
		{
			"from": [7.75, 2, 3.5],
			"to": [10, 3.25, 4.75],
			"rotation": {"angle": 45, "axis": "z", "origin": [9.5, 3.5, 4]},
			"faces": {
				"north": {"uv": [2.25, 0, 4.5, 1.25], "texture": "#2"},
				"east": {"uv": [1, 0, 2.25, 1.25], "texture": "#2"},
				"south": {"uv": [2.25, 0, 4.5, 1.25], "texture": "#2"},
				"west": {"uv": [1, 0, 2.25, 1.25], "texture": "#2"},
				"up": {"uv": [2.25, 0, 4.5, 1.25], "texture": "#2"},
				"down": {"uv": [2.25, 0, 4.5, 1.25], "texture": "#2"}
			}
		},
		{
			"from": [6.5, 1, 3.25],
			"to": [9.5, 3.25, 5],
			"faces": {
				"north": {"uv": [0, 0, 3, 2.25], "texture": "#0"},
				"east": {"uv": [0, 0, 1.75, 2.25], "texture": "#0"},
				"south": {"uv": [0, 0, 3, 2.25], "texture": "#0"},
				"west": {"uv": [0, 0, 1.75, 2.25], "texture": "#0"},
				"up": {"uv": [0, 0, 3, 1.75], "texture": "#0"},
				"down": {"uv": [0, 0, 3, 1.75], "texture": "#1"}
			}
		}
	],
	"display": {
		"head": {
			"translation": [0, -27, 0],
			"scale": [2, 2, 2]
		}
	},
	"groups": [0, 1, 2,
		{
			"name": "Shell",
			"children": [3, 4, 5, 6, 7, 8, 9, 10, 11, 12, 13]
		}, 14, 15, 16, 17, 18,
		{
			"name": "body",
			"children": [19, 20, 21, 22, 23, 24, 25, 26]
		},
		{
			"name": "nose",
			"children": [27, 28, 29, 30, 31]
		}, 32, 33, 34]
}