{
	"parent": "block/red_mushroom",
	"display": {
		"thirdperson_righthand": {
			"rotation": [ 0, 0, 0 ],
			"translation": [ 0, 3, 0.75 ],
			"scale": [ 0.5, 0.5, 0.5 ]
		},
		"firstperson_righthand": {
			"rotation": [ 4, -32, 0 ],
			"translation": [ 4, 2, -3 ],
			"scale": [ 0.8, 0.8, 0.8 ]
		},
		"gui": {
			"rotation": [ 0, -22.5, 0 ],
			"translation": [ 0, 0, 0 ],
			"scale": [ 1, 1, 1 ]
		},
		"ground": {
			"rotation": [ 0, 0, 0 ],
			"translation": [ 0, 3, 0 ],
			"scale": [ 0.5, 0.5, 0.5 ]
		}
	}
}